/*
SQLyog Community v13.1.7 (64 bit)
MySQL - 10.4.14-MariaDB : Database - erpmes
*********************************************************************
*/

/*!40101 SET NAMES utf8 */;

/*!40101 SET SQL_MODE=''*/;

/*!40014 SET @OLD_UNIQUE_CHECKS=@@UNIQUE_CHECKS, UNIQUE_CHECKS=0 */;
/*!40014 SET @OLD_FOREIGN_KEY_CHECKS=@@FOREIGN_KEY_CHECKS, FOREIGN_KEY_CHECKS=0 */;
/*!40101 SET @OLD_SQL_MODE=@@SQL_MODE, SQL_MODE='NO_AUTO_VALUE_ON_ZERO' */;
/*!40111 SET @OLD_SQL_NOTES=@@SQL_NOTES, SQL_NOTES=0 */;
CREATE DATABASE /*!32312 IF NOT EXISTS*/`erpmes` /*!40100 DEFAULT CHARACTER SET utf8mb4 */;

USE `erpmes`;

/*Table structure for table `agencies` */

DROP TABLE IF EXISTS `agencies`;

CREATE TABLE `agencies` (
  `id` int(11) NOT NULL AUTO_INCREMENT,
  `UACS_DPT_ID` varchar(2) DEFAULT NULL,
  `motheragency_id` int(11) DEFAULT NULL,
  `UACS_AGY_ID` varchar(3) DEFAULT NULL,
  `Category` varchar(10) DEFAULT NULL,
  `UACS_DPT_DSC` varchar(100) DEFAULT NULL,
  `Abbreviation` varchar(10) DEFAULT NULL,
  `UACS_AGY_DSC` varchar(100) DEFAULT NULL,
  `head` varchar(200) DEFAULT NULL,
  PRIMARY KEY (`id`) USING BTREE
) ENGINE=InnoDB AUTO_INCREMENT=281 DEFAULT CHARSET=latin1 ROW_FORMAT=COMPACT;

/*Data for the table `agencies` */

insert  into `agencies`(`id`,`UACS_DPT_ID`,`motheragency_id`,`UACS_AGY_ID`,`Category`,`UACS_DPT_DSC`,`Abbreviation`,`UACS_AGY_DSC`,`head`) values 
(2,NULL,NULL,NULL,NULL,NULL,'PA2','2ND INFANTRY DIVISION, PHILIPPINE ARMY ',NULL),
(3,NULL,NULL,NULL,NULL,NULL,'BFAR','BUREAU OF FISHERIES AND AQUATIC RESOURCES MIMAROPA',NULL),
(4,NULL,NULL,NULL,NULL,NULL,'CAAP','CIVIL AVIATION AUTHORITY OF THE PHILIPPINES',NULL),
(5,NULL,NULL,NULL,NULL,NULL,'CHED','COMMISSION ON HIGHER EDUCATION MIMAROPA',NULL),
(6,NULL,NULL,NULL,NULL,NULL,'CPD','COMMISSION ON POPULATION AND DEVELOPMENT MIMAROPA',NULL),
(7,NULL,NULL,NULL,NULL,NULL,'DAR','DEPARTMENT OF AGRARIAN REFORM MIMAROPA',NULL),
(8,NULL,NULL,NULL,NULL,NULL,'DA','DEPARTMENT OF AGRICULTRE MIMAROPA',NULL),
(9,NULL,NULL,NULL,NULL,NULL,'DEPED','DEPARTMENT OF EDUCATION MIMAROPA',NULL),
(10,NULL,NULL,NULL,NULL,NULL,'DOE','DEPARTMENT OF ENERGY',NULL),
(11,NULL,NULL,NULL,NULL,NULL,'DENR','DEPARTMENT OF ENVIRONMENT AND NATURAL RESOURCES MIMAROPA',NULL),
(12,NULL,NULL,NULL,NULL,NULL,'DOH','DEPARTMENT OF HEALTH MIMAROPA',NULL),
(13,NULL,NULL,NULL,NULL,NULL,'DICT','DEPARTMENT OF INFORMATION AND COMMUNICATIONS TECHNOLOGY - LUZON CLUSTER 3',NULL),
(14,NULL,NULL,NULL,NULL,NULL,'DOLE','DEPARTMENT OF LABOR AND EMPLOYMENT MIMAROPA',NULL),
(15,NULL,NULL,NULL,NULL,NULL,'DPWH','DEPARTMENT OF PUBLIC WORKS AND HIGHWAYS MIMAROPA',NULL),
(16,NULL,NULL,NULL,NULL,NULL,'DOST','DEPARTMENT OF SCIENCE AND TECHNOLOGY MIMAROPA',NULL),
(17,NULL,NULL,NULL,NULL,NULL,'DSWD','DEPARTMENT OF SOCIAL WELFARE AND DEVELOPMENT MIMAROPA',NULL),
(18,NULL,NULL,NULL,NULL,NULL,'DILG','DEPARTMENT OF THE INTERIOR AND LOCAL GOVERNMENT MIMAROPA',NULL),
(19,NULL,NULL,NULL,NULL,NULL,'DOT','DEPARTMENT OF TOURISM MIMAROPA',NULL),
(20,NULL,NULL,NULL,NULL,NULL,'DTI','DEPARTMENT OF TRADE AND INDUSTRY MIMAROPA',NULL),
(21,NULL,NULL,NULL,NULL,NULL,'DOTR','DEPARTMENT OF TRANSPORTATION',NULL),
(22,NULL,NULL,NULL,NULL,NULL,'LWUA','LOCAL WATER UTILITIES ADMINISTRATION',NULL),
(23,NULL,NULL,NULL,NULL,NULL,'NCCA','NATIONAL COMMISSION FOR CULTURE AND THE ARTS',NULL),
(24,NULL,NULL,NULL,NULL,NULL,'NCIP','NATIONAL COMMISSION ON INDIGENOUS PEOPLES MIMAROPA',NULL),
(25,NULL,NULL,NULL,NULL,NULL,'NEA','NATIONAL ELECTRIFICATION ADMINISTRATION',NULL),
(26,NULL,NULL,NULL,NULL,NULL,'NHA','NATIONAL HOUSING AUTHORITY REGION 4',NULL),
(27,NULL,NULL,NULL,NULL,NULL,'NIA','NATIONAL IRRIGATION ADMINISTRATION MIMAROPA',NULL),
(28,NULL,NULL,NULL,NULL,NULL,'NNC','NATIONAL NUTRITION COUNCIL MIMAROPA',NULL),
(29,NULL,NULL,NULL,NULL,NULL,'NAPOLCOM','NATIONAL POLICE COMMISSION MIMAROPA',NULL),
(30,NULL,NULL,NULL,NULL,NULL,'NPC','NATIONAL POWER CORPORATION',NULL),
(31,NULL,NULL,NULL,NULL,NULL,'OCD','OFFICE OF CIVIL DEFENSE MIMAROPA',NULL),
(32,NULL,NULL,NULL,NULL,NULL,'PCA','PHILIPPINE COCONUT AUTHORITY MIMAROPA ',NULL),
(33,NULL,NULL,NULL,NULL,NULL,'PDEA','PHILIPPINE DRUG ENFORCEMENT AGENCY MIMAROPA',NULL),
(34,NULL,NULL,NULL,NULL,NULL,'PFIDA','PHILIPPINE FIBER INDUSTRY DEVELOPMENT AUTHORITY 4',NULL),
(35,NULL,NULL,NULL,NULL,NULL,'PIA','PHILIPPINE INFORMATION AGENCY MIMAROPA',NULL),
(36,NULL,NULL,NULL,NULL,NULL,'PNP','PHILIPPINE NATIONAL POLICE MIMAROPA',NULL),
(37,NULL,NULL,NULL,NULL,NULL,'PPA','PHILIPPINE PORTS AUTHORITY',NULL),
(38,NULL,NULL,NULL,NULL,NULL,'PSA','PHILIPPINE STATISTICS AUTHORITY MIMAROPA',NULL),
(39,NULL,NULL,NULL,NULL,NULL,'TESDA','TECHNICAL EDUCATION AND SKILLS DEVELOPMENT AUTHORITY MIMAROPA',NULL),
(40,NULL,NULL,NULL,NULL,NULL,'PAWC','WESTERN COMMAND, PHILIPPINE ARMY',NULL),
(41,NULL,NULL,NULL,NULL,NULL,'MSC','MARINDUQUE STATE COLLEGE',NULL),
(42,NULL,NULL,NULL,NULL,NULL,'MSCAT','MINDORO STATE COLLEGE OF AGRICULTURE AND TECHNOLOGY',NULL),
(43,NULL,NULL,NULL,NULL,NULL,'OMSC','OCCIDENTAL MINDORO STATE COLLEGE',NULL),
(44,NULL,NULL,NULL,NULL,NULL,'PSU','PALAWAN STATE UNIVERSITY',NULL),
(45,NULL,NULL,NULL,NULL,NULL,'RSU','ROMBLON STATE UNIVERSITY',NULL),
(46,NULL,NULL,NULL,NULL,NULL,'WPU','WESTERN PHILIPPINES UNIVERSITY',NULL),
(47,NULL,NULL,NULL,NULL,NULL,'MAR','PROVINCIAL GOVERNMENT OF MARINDUQUE',NULL),
(48,NULL,NULL,NULL,NULL,NULL,'OCM','PROVINCIAL GOVERNMENT OF OCCIDENTAL MINDORO',NULL),
(49,NULL,NULL,NULL,NULL,NULL,'ORM','PROVINCIAL GOVERNMENT OF ORIENTAL MINDORO',NULL),
(50,NULL,NULL,NULL,NULL,NULL,'PAL','PROVINCIAL GOVERNMENT OF PALAWAN',NULL),
(51,NULL,NULL,NULL,NULL,NULL,'ROM','PROVINCIAL GOVERNMENT OF ROMBLON',NULL),
(52,NULL,NULL,NULL,NULL,NULL,'CAL','CITY GOVERNMENT OF CALAPAN ',NULL),
(53,NULL,NULL,NULL,NULL,NULL,'PP','CITY GOVERNMENT OF PUERTO PRINCESA ',NULL),
(276,'24',0,'001','HEAD','National Economic and Development Authority (NEDA)','NEDA','National Economic and Development Authority (NEDA)','Acting Secretary Karl Kendrick T. Chua'),
(278,NULL,NULL,NULL,NULL,NULL,NULL,'POPULATION COMMISSION',NULL),
(279,NULL,NULL,NULL,NULL,NULL,NULL,'PHILIPPINE PORTS AUTHORITY - MINDORO',NULL),
(280,NULL,NULL,NULL,NULL,NULL,NULL,'PHILIPPINE PORTS AUTHORITY - PALAWAN',NULL);

/*Table structure for table `agency_form1s` */

DROP TABLE IF EXISTS `agency_form1s`;

CREATE TABLE `agency_form1s` (
  `id` int(11) NOT NULL AUTO_INCREMENT,
  `status` varchar(10) DEFAULT NULL,
  `created_at` date NOT NULL,
  `updated_at` date NOT NULL,
  `fy` int(11) DEFAULT NULL,
  `agency_id` int(11) DEFAULT NULL,
  `nro_status_review` varchar(20) DEFAULT NULL,
  `nro_remarks` text DEFAULT NULL,
  PRIMARY KEY (`id`) USING BTREE
) ENGINE=InnoDB AUTO_INCREMENT=29 DEFAULT CHARSET=utf8mb4 ROW_FORMAT=DYNAMIC;

/*Data for the table `agency_form1s` */

insert  into `agency_form1s`(`id`,`status`,`created_at`,`updated_at`,`fy`,`agency_id`,`nro_status_review`,`nro_remarks`) values 
(1,'Draft','2021-01-18','2021-01-18',2020,27,NULL,NULL),
(2,'Draft','2021-01-18','2021-01-18',2020,276,NULL,NULL),
(3,'Draft','2021-01-18','2021-01-18',2020,46,NULL,NULL),
(5,'Draft','2021-01-18','2021-01-18',2020,48,NULL,NULL),
(6,'Draft','2021-01-18','2021-01-18',2020,14,NULL,NULL),
(7,'Draft','2021-01-18','2021-01-18',2020,47,NULL,NULL),
(8,'Draft','2021-01-18','2021-01-18',2020,11,NULL,NULL),
(9,'Draft','2021-01-18','2021-01-18',2020,51,NULL,NULL),
(10,'Draft','2021-01-18','2021-01-18',2020,51,NULL,NULL),
(11,'Draft','2021-01-18','2021-01-18',2020,41,NULL,NULL),
(12,'Draft','2021-01-18','2021-01-18',2020,39,NULL,NULL),
(13,'Draft','2021-01-18','2021-01-18',2020,29,NULL,NULL),
(14,'Draft','2021-01-18','2021-01-18',2020,52,NULL,NULL),
(15,'Draft','2021-01-18','2021-01-18',2020,49,NULL,NULL),
(16,'Draft','2021-01-18','2021-01-18',2020,50,NULL,NULL),
(17,'Draft','2021-01-18','2021-01-18',2020,8,NULL,NULL),
(18,'Draft','2021-01-18','2021-01-18',2020,13,NULL,NULL),
(19,'Submitted','2021-01-18','2021-01-19',2020,22,NULL,NULL),
(20,'Draft','2021-01-18','2021-01-18',2020,19,NULL,NULL),
(21,'Draft','2021-01-18','2021-01-18',2020,45,NULL,NULL),
(22,'Draft','2021-01-19','2021-01-19',2020,43,NULL,NULL),
(23,'Draft','2021-01-19','2021-01-19',2020,278,NULL,NULL),
(24,'Draft','2021-01-19','2021-01-19',2020,15,NULL,NULL),
(25,'Draft','2021-01-19','2021-01-19',2020,18,NULL,NULL),
(26,'Draft','2021-01-19','2021-01-19',2020,53,NULL,NULL),
(27,'Draft','2021-01-20','2021-01-20',2020,280,NULL,NULL),
(28,'Draft','2021-01-20','2021-01-20',2020,44,NULL,NULL);

/*Table structure for table `agency_form1s_projects` */

DROP TABLE IF EXISTS `agency_form1s_projects`;

CREATE TABLE `agency_form1s_projects` (
  `id` int(11) NOT NULL AUTO_INCREMENT,
  `project_id` int(11) DEFAULT NULL,
  `status` varchar(10) DEFAULT NULL,
  `created_at` date NOT NULL,
  `updated_at` date NOT NULL,
  `agency_form1s_id` int(11) DEFAULT NULL,
  `nro_remarks` text DEFAULT NULL,
  `agency_remarks` text DEFAULT NULL,
  `fs_1` decimal(10,2) DEFAULT 0.00,
  `fs_2` decimal(10,2) DEFAULT 0.00,
  `fs_3` decimal(10,2) DEFAULT 0.00,
  `fs_4` decimal(10,2) DEFAULT 0.00,
  `fs_5` decimal(10,2) DEFAULT 0.00,
  `fs_6` decimal(10,2) DEFAULT 0.00,
  `fs_7` decimal(10,2) DEFAULT 0.00,
  `fs_8` decimal(10,2) DEFAULT 0.00,
  `fs_9` decimal(10,2) DEFAULT 0.00,
  `fs_10` decimal(10,2) DEFAULT 0.00,
  `fs_11` decimal(10,2) DEFAULT 0.00,
  `fs_12` decimal(10,2) DEFAULT 0.00,
  `pt_1` decimal(10,2) DEFAULT 0.00,
  `pt_2` decimal(10,2) DEFAULT 0.00,
  `pt_3` decimal(10,2) DEFAULT 0.00,
  `pt_4` decimal(10,2) DEFAULT 0.00,
  `pt_5` decimal(10,2) DEFAULT 0.00,
  `pt_6` decimal(10,2) DEFAULT 0.00,
  `pt_7` decimal(10,2) DEFAULT 0.00,
  `pt_8` decimal(10,2) DEFAULT 0.00,
  `pt_9` decimal(10,2) DEFAULT 0.00,
  `pt_10` decimal(10,2) DEFAULT 0.00,
  `pt_11` decimal(10,2) DEFAULT 0.00,
  `pt_12` decimal(10,2) DEFAULT 0.00,
  `oi_1` text DEFAULT NULL,
  `oi_2` text DEFAULT NULL,
  `oi_3` text DEFAULT NULL,
  `oi_4` text DEFAULT NULL,
  `oi_5` text DEFAULT NULL,
  `oi_6` text DEFAULT NULL,
  `oi_7` text DEFAULT NULL,
  `oi_8` text DEFAULT NULL,
  `oi_9` text DEFAULT NULL,
  `oi_10` text DEFAULT NULL,
  `oi_11` text DEFAULT NULL,
  `oi_12` text DEFAULT NULL,
  `eg_1` int(11) DEFAULT 0,
  `eg_2` int(11) DEFAULT 0,
  `eg_3` int(11) DEFAULT 0,
  `eg_4` int(11) DEFAULT 0,
  `eg_5` int(11) DEFAULT 0,
  `eg_6` int(11) DEFAULT 0,
  `eg_7` int(11) DEFAULT 0,
  `eg_8` int(11) DEFAULT 0,
  `eg_9` int(11) DEFAULT 0,
  `eg_10` int(11) DEFAULT 0,
  `eg_11` int(11) DEFAULT 0,
  `eg_12` int(11) DEFAULT 0,
  `eg_13` int(11) DEFAULT 0,
  `eg_14` int(11) DEFAULT 0,
  `eg_15` int(11) DEFAULT 0,
  `eg_16` int(11) DEFAULT 0,
  `eg_17` int(11) DEFAULT 0,
  `eg_18` int(11) DEFAULT 0,
  `eg_19` int(11) DEFAULT 0,
  `eg_20` int(11) DEFAULT 0,
  `eg_21` int(11) DEFAULT 0,
  `eg_22` int(11) DEFAULT 0,
  `eg_23` int(11) DEFAULT 0,
  `eg_24` int(11) DEFAULT 0,
  PRIMARY KEY (`id`) USING BTREE
) ENGINE=InnoDB AUTO_INCREMENT=192 DEFAULT CHARSET=utf8mb4 ROW_FORMAT=DYNAMIC;

/*Data for the table `agency_form1s_projects` */

insert  into `agency_form1s_projects`(`id`,`project_id`,`status`,`created_at`,`updated_at`,`agency_form1s_id`,`nro_remarks`,`agency_remarks`,`fs_1`,`fs_2`,`fs_3`,`fs_4`,`fs_5`,`fs_6`,`fs_7`,`fs_8`,`fs_9`,`fs_10`,`fs_11`,`fs_12`,`pt_1`,`pt_2`,`pt_3`,`pt_4`,`pt_5`,`pt_6`,`pt_7`,`pt_8`,`pt_9`,`pt_10`,`pt_11`,`pt_12`,`oi_1`,`oi_2`,`oi_3`,`oi_4`,`oi_5`,`oi_6`,`oi_7`,`oi_8`,`oi_9`,`oi_10`,`oi_11`,`oi_12`,`eg_1`,`eg_2`,`eg_3`,`eg_4`,`eg_5`,`eg_6`,`eg_7`,`eg_8`,`eg_9`,`eg_10`,`eg_11`,`eg_12`,`eg_13`,`eg_14`,`eg_15`,`eg_16`,`eg_17`,`eg_18`,`eg_19`,`eg_20`,`eg_21`,`eg_22`,`eg_23`,`eg_24`) values 
(1,2,'Endorsed','2021-01-18','2021-01-18',2,NULL,'Sample Remarks',100000.00,100000.00,100000.00,100000.00,100000.00,100000.00,100000.00,100000.00,100000.00,100000.00,100000.00,100000.00,10.00,10.00,10.00,10.00,10.00,20.00,10.00,5.00,5.00,10.00,0.00,0.00,'-','Sample Output Indicator','-','-','-','Sample Output Indicator','Sample Output Indicator','-','-','Sample Output Indicator','-','-',0,11,0,0,0,11,0,5,4,0,0,0,0,11,0,0,0,11,0,5,3,0,0,0),
(2,3,'Draft','2021-01-18','2021-01-18',1,NULL,NULL,0.00,0.00,0.00,0.00,0.00,0.00,0.00,0.00,0.00,0.00,0.00,0.00,0.00,0.00,0.00,0.00,0.00,0.00,0.00,0.00,0.00,0.00,0.00,0.00,'-','-','-','-','-','-','-','-','-','-','-','-',0,0,0,0,0,0,0,0,0,0,0,0,0,0,0,0,0,0,0,0,0,0,0,0),
(3,6,'Draft','2021-01-18','2021-01-18',11,NULL,NULL,0.00,0.00,0.00,0.00,0.00,0.00,0.00,0.00,0.00,0.00,0.00,0.00,0.00,0.00,0.00,0.00,0.00,0.00,0.00,0.00,0.00,0.00,0.00,0.00,'-','-','-','-','-','-','-','-','-','-','-','-',0,0,0,0,0,0,0,0,0,0,0,0,0,0,0,0,0,0,0,0,0,0,0,0),
(4,7,'Draft','2021-01-18','2021-01-18',13,NULL,NULL,0.00,0.00,0.00,0.00,0.00,0.00,0.00,0.00,0.00,0.00,0.00,0.00,0.00,0.00,0.00,0.00,0.00,0.00,0.00,0.00,0.00,0.00,0.00,0.00,'-','-','-','-','-','-','-','-','-','-','-','-',0,0,0,0,0,0,0,0,0,0,0,0,0,0,0,0,0,0,0,0,0,0,0,0),
(5,4,'Draft','2021-01-18','2021-01-18',14,NULL,NULL,0.00,0.00,0.00,0.00,0.00,0.00,0.00,0.00,0.00,0.00,0.00,0.00,0.00,0.00,0.00,0.00,0.00,0.00,0.00,0.00,0.00,0.00,0.00,0.00,'-','-','-','-','-','-','-','-','-','-','-','-',0,0,0,0,0,0,0,0,0,0,0,0,0,0,0,0,0,0,0,0,0,0,0,0),
(6,8,'Draft','2021-01-18','2021-01-25',5,NULL,NULL,0.00,0.00,0.00,0.00,0.00,0.00,0.00,929396.30,1488078.34,718106.58,345303.79,0.00,0.00,0.00,0.00,0.00,0.00,0.00,0.00,26.70,42.75,20.63,9.92,0.00,'-','-','-','-','-','-','-','-Fab/Inst of billboards; Earthworks; Removal of structure; and Reinforcing Concrete','-Reinforcing Concrete','-Reinforcing Concrete; Masonry works; and Steel works','-Plumbing works and Electrical works','-',0,0,0,0,0,0,0,12,19,7,17,0,0,0,0,0,0,0,0,0,0,0,0,0),
(7,20,'Draft','2021-01-18','2021-01-18',14,NULL,NULL,0.00,0.00,0.00,0.00,0.00,0.00,0.00,0.00,0.00,0.00,0.00,0.00,0.00,0.00,0.00,0.00,0.00,0.00,0.00,0.00,0.00,0.00,0.00,0.00,'-','-','-','-','-','-','-','-','-','-','-','-',0,0,0,0,0,0,0,0,0,0,0,0,0,0,0,0,0,0,0,0,0,0,0,0),
(8,21,'Endorsed','2021-01-18','2021-01-18',3,NULL,'For Review',0.00,0.00,0.00,0.00,0.00,0.00,0.00,0.00,0.00,0.00,0.00,0.00,0.00,0.00,0.00,0.00,0.00,0.00,0.00,0.00,0.00,0.00,0.00,0.00,'-','-','-','-','-','-','-','-','-','-','-','-',0,0,0,0,0,0,0,0,0,0,0,0,0,0,0,0,0,0,0,0,0,0,0,0),
(9,22,'Draft','2021-01-18','2021-01-18',16,NULL,NULL,0.00,0.00,0.00,0.00,0.00,0.00,0.00,0.00,0.00,0.00,0.00,0.00,0.00,0.00,0.00,0.00,0.00,0.00,0.00,0.00,0.00,0.00,0.00,0.00,'-','-','-','-','-','-','-','-','-','-','-','-',0,0,0,0,0,0,0,0,0,0,0,0,0,0,0,0,0,0,0,0,0,0,0,0),
(10,26,'Draft','2021-01-18','2021-01-18',11,NULL,NULL,0.00,0.00,0.00,0.00,0.00,0.00,0.00,0.00,0.00,0.00,0.00,0.00,0.00,0.00,0.00,0.00,0.00,0.00,0.00,0.00,0.00,0.00,0.00,0.00,'-','-','-','-','-','-','-','-','-','-','-','-',0,0,0,0,0,0,0,0,0,0,0,0,0,0,0,0,0,0,0,0,0,0,0,0),
(11,5,'Draft','2021-01-18','2021-01-18',21,NULL,NULL,0.00,0.00,0.00,0.00,0.00,0.00,0.00,0.00,0.00,0.00,0.00,0.00,0.00,0.00,0.00,0.00,0.00,0.00,0.00,0.00,0.00,0.00,0.00,0.00,'-','-','-','-','-','-','-','-','-','-','-','-',0,0,0,0,0,0,0,0,0,0,0,0,0,0,0,0,0,0,0,0,0,0,0,0),
(12,25,'Draft','2021-01-18','2021-01-18',21,NULL,NULL,0.00,0.00,0.00,0.00,0.00,0.00,0.00,0.00,0.00,0.00,0.00,0.00,0.00,0.00,0.00,0.00,0.00,0.00,0.00,0.00,0.00,0.00,0.00,0.00,'-','-','-','-','-','-','-','-','-','-','-','-',0,0,0,0,0,0,0,0,0,0,0,0,0,0,0,0,0,0,0,0,0,0,0,0),
(13,35,'Draft','2021-01-18','2021-01-18',21,NULL,NULL,0.00,0.00,0.00,0.00,0.00,0.00,0.00,0.00,0.00,0.00,0.00,0.00,0.00,0.00,0.00,0.00,0.00,0.00,0.00,0.00,0.00,0.00,0.00,0.00,'-','-','-','-','-','-','-','-','-','-','-','-',0,0,0,0,0,0,0,0,0,0,0,0,0,0,0,0,0,0,0,0,0,0,0,0),
(14,38,'Draft','2021-01-18','2021-01-18',21,NULL,NULL,0.00,0.00,0.00,0.00,0.00,0.00,0.00,0.00,0.00,0.00,0.00,0.00,0.00,0.00,0.00,0.00,0.00,0.00,0.00,0.00,0.00,0.00,0.00,0.00,'-','-','-','-','-','-','-','-','-','-','-','-',0,0,0,0,0,0,0,0,0,0,0,0,0,0,0,0,0,0,0,0,0,0,0,0),
(15,44,'Draft','2021-01-18','2021-01-18',11,NULL,NULL,0.00,0.00,0.00,0.00,0.00,0.00,0.00,0.00,0.00,0.00,0.00,0.00,0.00,0.00,0.00,0.00,0.00,0.00,0.00,0.00,0.00,0.00,0.00,0.00,'-','-','-','-','-','-','-','-','-','-','-','-',0,0,0,0,0,0,0,0,0,0,0,0,0,0,0,0,0,0,0,0,0,0,0,0),
(16,51,'Draft','2021-01-18','2021-01-18',9,NULL,NULL,0.00,0.00,0.00,0.00,0.00,0.00,0.00,0.00,0.00,0.00,0.00,0.00,0.00,0.00,0.00,0.00,0.00,0.00,0.00,0.00,0.00,0.00,0.00,0.00,'-','-','-','-','-','-','-','-','-','-','-','-',0,0,0,0,0,0,0,0,0,0,0,0,0,0,0,0,0,0,0,0,0,0,0,0),
(17,30,'Draft','2021-01-19','2021-01-19',19,NULL,NULL,1.32,1.32,1.32,1.24,1.72,1.72,6.16,5.09,1.24,0.83,0.83,1.32,8.00,6.00,5.00,5.00,7.00,7.00,25.00,20.00,5.00,3.00,3.00,6.00,'-Source Developement','--Source Developement','--Source Developement','--Source Developement','-Construction of Pumping station/Installation of Electro-mechanical equipments & treatment facility','--Construction of Pumping station/Installation of Electro-mechanical equipments & treatment facility','--Construction of Pumping station/Installation of Electro-mechanical equipments & treatment facility','--Construction of Pumping station/Installation of Electro-mechanical equipments & treatment facility','--Construction of Pumping station/Installation of Electro-mechanical equipments & treatment facility','-Installation of Pipelines (Transmission & Distribution), Pipe fittings and appurtenances','--Installation of Pipelines (Transmission & Distribution), Pipe fittings and appurtenances','--Installation of Pipelines (Transmission & Distribution), Pipe fittings and appurtenances',4,0,0,0,10,0,0,0,0,3,0,0,0,0,0,0,0,0,0,0,0,1,0,0),
(18,70,'Draft','2021-01-19','2021-01-19',24,NULL,NULL,0.00,0.00,0.00,0.00,0.00,0.00,0.00,0.00,0.00,0.00,0.00,0.00,0.00,0.00,0.00,0.00,0.00,0.00,0.00,0.00,0.00,0.00,0.00,0.00,'-','-','-','-','-','-','-','-','-','-','-','-',0,0,0,0,0,0,0,0,0,0,0,0,0,0,0,0,0,0,0,0,0,0,0,0),
(19,101,'Draft','2021-01-19','2021-01-19',11,NULL,NULL,0.00,0.00,0.00,0.00,0.00,0.00,0.00,0.00,0.00,0.00,0.00,0.00,0.00,0.00,0.00,0.00,0.00,0.00,0.00,0.00,0.00,0.00,0.00,0.00,'-','-','-','-','-','-','-','-','-','-','-','-',0,0,0,0,0,0,0,0,0,0,0,0,0,0,0,0,0,0,0,0,0,0,0,0),
(20,106,'Draft','2021-01-19','2021-01-19',11,NULL,NULL,0.00,0.00,0.00,0.00,0.00,0.00,0.00,0.00,0.00,0.00,0.00,0.00,0.00,0.00,0.00,0.00,0.00,0.00,0.00,0.00,0.00,0.00,0.00,0.00,'-','-','-','-','-','-','-','-','-','-','-','-',0,0,0,0,0,0,0,0,0,0,0,0,0,0,0,0,0,0,0,0,0,0,0,0),
(21,108,'Draft','2021-01-19','2021-01-19',11,NULL,NULL,0.00,0.00,0.00,0.00,0.00,0.00,0.00,0.00,0.00,0.00,0.00,0.00,0.00,0.00,0.00,0.00,0.00,0.00,0.00,0.00,0.00,0.00,0.00,0.00,'-','-','-','-','-','-','-','-','-','-','-','-',0,0,0,0,0,0,0,0,0,0,0,0,0,0,0,0,0,0,0,0,0,0,0,0),
(22,109,'Draft','2021-01-19','2021-01-19',11,NULL,NULL,0.00,0.00,0.00,0.00,0.00,0.00,0.00,0.00,0.00,0.00,0.00,0.00,0.00,0.00,0.00,0.00,0.00,0.00,0.00,0.00,0.00,0.00,0.00,0.00,'-','-','-','-','-','-','-','-','-','-','-','-',0,0,0,0,0,0,0,0,0,0,0,0,0,0,0,0,0,0,0,0,0,0,0,0),
(23,109,'Draft','2021-01-19','2021-01-19',11,NULL,NULL,0.00,0.00,0.00,0.00,0.00,0.00,0.00,0.00,0.00,0.00,0.00,0.00,0.00,0.00,0.00,0.00,0.00,0.00,0.00,0.00,0.00,0.00,0.00,0.00,'-','-','-','-','-','-','-','-','-','-','-','-',0,0,0,0,0,0,0,0,0,0,0,0,0,0,0,0,0,0,0,0,0,0,0,0),
(24,110,'Draft','2021-01-19','2021-01-19',11,NULL,NULL,0.00,0.00,0.00,0.00,0.00,0.00,0.00,0.00,0.00,0.00,0.00,0.00,0.00,0.00,0.00,0.00,0.00,0.00,0.00,0.00,0.00,0.00,0.00,0.00,'-','-','-','-','-','-','-','-','-','-','-','-',0,0,0,0,0,0,0,0,0,0,0,0,0,0,0,0,0,0,0,0,0,0,0,0),
(25,111,'Draft','2021-01-19','2021-01-19',11,NULL,NULL,0.00,0.00,0.00,0.00,0.00,0.00,0.00,0.00,0.00,0.00,0.00,0.00,0.00,0.00,0.00,0.00,0.00,0.00,0.00,0.00,0.00,0.00,0.00,0.00,'-','-','-','-','-','-','-','-','-','-','-','-',0,0,0,0,0,0,0,0,0,0,0,0,0,0,0,0,0,0,0,0,0,0,0,0),
(26,112,'Draft','2021-01-19','2021-01-19',11,NULL,NULL,0.00,0.00,0.00,0.00,0.00,0.00,0.00,0.00,0.00,0.00,0.00,0.00,0.00,0.00,0.00,0.00,0.00,0.00,0.00,0.00,0.00,0.00,0.00,0.00,'-','-','-','-','-','-','-','-','-','-','-','-',0,0,0,0,0,0,0,0,0,0,0,0,0,0,0,0,0,0,0,0,0,0,0,0),
(27,115,'Draft','2021-01-19','2021-01-19',11,NULL,NULL,0.00,0.00,0.00,0.00,0.00,0.00,0.00,0.00,0.00,0.00,0.00,0.00,0.00,0.00,0.00,0.00,0.00,0.00,0.00,0.00,0.00,0.00,0.00,0.00,'-','-','-','-','-','-','-','-','-','-','-','-',0,0,0,0,0,0,0,0,0,0,0,0,0,0,0,0,0,0,0,0,0,0,0,0),
(28,117,'Draft','2021-01-19','2021-01-19',11,NULL,NULL,0.00,0.00,0.00,0.00,0.00,0.00,0.00,0.00,0.00,0.00,0.00,0.00,0.00,0.00,0.00,0.00,0.00,0.00,0.00,0.00,0.00,0.00,0.00,0.00,'-','-','-','-','-','-','-','-','-','-','-','-',0,0,0,0,0,0,0,0,0,0,0,0,0,0,0,0,0,0,0,0,0,0,0,0),
(29,114,'Draft','2021-01-19','2021-01-20',22,NULL,NULL,0.00,0.00,0.00,0.00,0.00,0.00,283055.47,424583.21,636874.81,884548.35,743020.61,389201.28,0.00,0.00,0.00,0.00,0.00,0.00,8.00,12.00,18.00,25.00,21.00,11.00,'-','-','-','-','-','-','-','-','-','-','-','-',0,0,0,0,0,0,0,0,0,0,0,0,0,0,0,0,0,0,0,0,0,0,0,0),
(30,15,'Draft','2021-01-19','2021-01-25',5,NULL,NULL,0.00,0.00,0.00,0.00,0.00,0.00,0.00,6949565.22,6515217.39,6732391.30,6515217.39,6732391.30,0.00,0.00,0.00,0.00,0.00,0.00,0.00,13.91,13.04,13.48,13.04,13.48,'-','-','-','-','-','-','-','-Excavation; Fabrication/Installation of rebars, anchor bolts and forms; Concrete pouring, Removal of forms and Installation of street lights assembly.','-Excavation; Fabrication/Installation of rebars, anchor bolts and forms; Concrete pouring, Removal of forms and Installation of street lights assembly.','-Excavation; Fabrication/Installation of rebars, anchor bolts and forms; Concrete pouring, Removal of forms and Installation of street lights assembly.','-Excavation; Fabrication/Installation of rebars, anchor bolts and forms; Concrete pouring, Removal of forms and Installation of street lights assembly.','-Excavation; Fabrication/Installation of rebars, anchor bolts and forms; Concrete pouring, Removal of forms and Installation of street lights assembly.',0,0,0,0,0,0,0,40,40,40,40,40,0,0,0,0,0,0,0,0,0,0,0,0),
(31,29,'Draft','2021-01-19','2021-01-25',5,NULL,NULL,0.00,0.00,0.00,0.00,0.00,0.00,0.00,0.00,24912.16,1921350.40,0.00,0.00,0.00,0.00,0.00,0.00,0.00,0.00,0.00,0.00,1.28,98.72,0.00,0.00,'-','-','-','-','-','-','-','-','-Earthworks & Slope protection works','-Earthworks & Slope protection works','-','-',0,0,0,0,0,0,0,0,32,32,0,0,0,0,0,0,0,0,0,0,0,0,0,0),
(32,45,'Draft','2021-01-19','2021-01-25',5,NULL,NULL,2558553.98,3367037.31,3827971.41,4924846.67,2410660.68,5819601.09,1740211.09,0.00,0.00,0.00,0.00,0.00,10.38,13.66,15.53,19.98,9.78,23.61,7.06,0.00,0.00,0.00,0.00,0.00,'-Project billboard; Mobilization; Detour; Clearing & grubbing','-Bridge excavation; Removal of structure & obstruction; Test pile furnish & driven; Temporary bridge','-Foundation fill; Lean concrete, Pile shoe & splices; Pre-cast conc. pile furnish & driven','-Reinforcing steel (G-60); Structural concrete class-A','-Pre-stressed structural conc. member w/ bearing pad','-Pre-stressed structural conc. member; Removal of structure (pccp); Embankment from borrow; Subgrade preparation','-Aggregate subbase course; PCC pavement; Reinforcing steel (G-60); Struc. concrete class -A; Drain pipe; PEJ 12mm thk; Grouted riprap; Gabions; Filter cloth; Metal guardrail; Metal beam end piece; regulatory sign.','-','-','-','-','-',36,42,43,44,44,44,34,0,0,0,0,0,0,0,0,0,0,0,0,0,0,0,0,0),
(33,126,'Draft','2021-01-19','2021-01-20',22,NULL,NULL,0.00,0.00,0.00,0.00,0.00,0.00,23798.98,23798.98,356984.63,666371.31,666371.31,404582.58,0.00,0.00,0.00,0.00,0.00,0.00,1.00,1.00,15.00,28.00,28.00,17.00,'-','-','-','-','-','-','-Mobilization of manpower, materials and equipment; Demolition of existing Perimeter Fence and guard house; Fabrication of Rebars for Columns and Footings; Excavation','-Demolition of existing Perimeter Fence and guard house; Fabrication of Rebars for Columns and Footings; Excavation; Concrete pourings on columns, beams and footings.','-Excavation; Concrete pourings on columns, beams and footings; Construction of CHB wall and drainage canal; Fabrication of Gate and tubular portion of the Fence; laying of electrical rough -ins','-Construction of CHB wall and drainage canal; Fabrication of Gate and tubular portion of the Fence and drainage canal metal cover; Plastering of CHB Wall, Construction of Guard House','-Plastering of CHB Wall, Painting of CHB Perimeter Fence Wall; Construction of Guard House; Installation of Gate and tubular portion of Fence wall and canal metal cover.','-Painting of CHB Perimeter Fence Wall; Installation of doors and windows of the Guard House; Installation of electrical lighting, wirings and fixtures. Painting of Guard House; Relocation of Electric G.I. Pole to its new location',0,0,0,0,0,0,5,14,15,20,22,14,0,0,0,0,0,0,0,0,0,0,0,0),
(34,19,'Draft','2021-01-19','2021-01-22',5,NULL,NULL,0.00,0.00,0.00,0.00,0.00,0.00,6968680.00,0.00,0.00,0.00,0.00,0.00,0.00,0.00,0.00,0.00,0.00,0.00,0.00,0.00,0.00,0.00,0.00,0.00,'-','-','-','-','-','-','-','-','-','-','-','- 101 heads',0,0,0,0,0,0,0,0,0,0,0,0,0,0,0,0,0,0,0,0,0,0,0,0),
(35,28,'Draft','2021-01-19','2021-01-22',5,NULL,NULL,0.00,0.00,0.00,0.00,0.00,0.00,0.00,0.00,0.00,0.00,0.00,0.00,0.00,0.00,0.00,0.00,0.00,0.00,0.00,0.00,0.00,0.00,0.00,0.00,'- try saving','-','-','-','-','-','-','-','-','-','-','-',0,0,0,0,0,0,0,0,0,0,0,0,0,0,0,0,0,0,0,0,0,0,0,0),
(36,173,'Draft','2021-01-19','2021-01-19',15,NULL,NULL,0.00,0.00,0.00,0.00,0.00,0.00,0.00,0.00,0.00,0.00,0.00,0.00,0.00,0.00,0.00,0.00,0.00,0.00,0.00,0.00,0.00,0.00,0.00,0.00,'-','-','-','-','-','-','-','-','-','-','-','-',0,0,0,0,0,0,0,0,0,0,0,0,0,0,0,0,0,0,0,0,0,0,0,0),
(37,127,'Draft','2021-01-19','2021-01-20',22,NULL,NULL,0.00,0.00,0.00,0.00,0.00,0.00,20867.50,41735.01,208675.03,313012.55,1022507.65,479952.57,0.00,0.00,0.00,0.00,0.00,0.00,1.00,2.00,10.00,15.00,49.00,23.00,'-','-','-','-','-','-','-Mobilization of manpower, materials and equipment; Installation of scaffoldings; Fabrication of trusses; Chipping of concrete to esposed reinforcement bars to be connected to trusses.','-Installation of scaffoldings; Fabrication of trusses.; Chipping of concrete to esposed reinforcement bars to be connected to trusses;Installation of trusses and purlins.','-Installation of trusses and purlins; Installation of roofings, gutter and fascia boards; Installation of ceiling frames; Installation of electrical wirings and rough-ins;','-Installation of ceiling boards; Removal of steel casement window; Closure of specified wall portions and decorative blocks, Fabrication of glass partitions.','-Plastering of closed specified openings, Paintings of ceiling boards and plastered/repaired surfaces;  Installation of electrical and lighting fixtures.','-Installation of glass partitions; Installation fo soundproofing materials; Installation of 2-units ACU and its framings; Demobilization of equipments and other waste/excess materials.',0,0,0,0,0,0,5,10,16,22,29,14,0,0,0,0,0,0,0,0,0,0,0,0),
(38,129,'Draft','2021-01-19','2021-01-20',22,NULL,NULL,0.00,0.00,0.00,0.00,0.00,0.00,42550.73,148927.54,446782.61,425507.25,0.00,0.00,0.00,0.00,0.00,0.00,0.00,0.00,4.00,14.00,42.00,40.00,0.00,0.00,'-','-','-','-','-','-','-Mobilization of manpower, materials and equipment; Chipping of conceret columns to secyre truss-column connection; Fabrication of Trusses and framings of fascia board; Demolition and removal of roll up windows','-Fabrication of Trusses; Installation of trusses, roofing, gutter, flashing, fascia board and ridge roll; Modification of existing functioning roll up windows; Fabrication of roll up windows','-Modification of existing functioning roll up windows; Fabrication of roll up windows; Installation fo roll-up windows; Repair of damaged fountain at landscape area; Replacement of damaged ceiling boards','-Painting of replaced/repaired surfaces; Demobilization of equipments and other waste/excess materials','-','-',0,0,0,0,0,0,7,11,24,22,0,0,0,0,0,0,0,0,0,0,0,0,0,0),
(39,130,'Draft','2021-01-19','2021-01-20',22,NULL,NULL,0.00,0.00,0.00,0.00,0.00,0.00,0.00,60746.65,419704.15,71791.50,0.00,0.00,0.00,0.00,0.00,0.00,0.00,0.00,0.00,11.00,76.00,13.00,0.00,0.00,'-','-','-','-','-','-','-','-Mobilization of manpower, materials and equipment;  Installation of scaffoldings; Demolition of ceiling boards and its frames, fascia board, gutter, C-Purlins, downspout and roofing sheets; Removal of lighting wires and fixtures;','-Instastallation fo ceiling frames and baords, fascia board, gutter, C-Purlins, downspout and roofing sheets; Installation of lighting wires and fixtures.','-Painting of replaced/ repaired surfaces; Demobilization of equipments and other waste/excess materials','-','-',0,0,0,0,0,0,0,7,14,7,0,0,0,0,0,0,0,0,0,0,0,0,0,0),
(40,147,'Draft','2021-01-20','2021-01-20',22,NULL,NULL,0.00,0.00,0.00,0.00,0.00,0.00,0.00,69205.96,337887.94,0.00,0.00,0.00,0.00,0.00,0.00,0.00,0.00,0.00,0.00,17.00,83.00,0.00,0.00,0.00,'-','-','-','-','-','-','-','-Mobilization of manpower, materials and equipment;  Installation of scaffoldings; Chipping of concrete columns to secure truss-column connections; Fabrication of new trusses','-Installation of trusses, cross bracings,  C-Purlins, and roofing materials; Installation of gutters, ridge roll and roofing sheets; Painting of replaced/ repaired surfaces; Demobilization of equipments and other waste/excess materials','-','-','-',0,0,0,0,0,0,0,7,11,0,0,0,0,0,0,0,0,0,0,0,0,0,0,0),
(41,154,'Draft','2021-01-20','2021-01-20',22,NULL,NULL,0.00,0.00,0.00,0.00,0.00,0.00,0.00,57849.38,282819.20,302102.32,0.00,0.00,0.00,0.00,0.00,0.00,0.00,0.00,0.00,9.00,44.00,47.00,0.00,0.00,'-','-','-','-','-','-','-','-Mobilization of manpower, materials and equipment;  Installation of scaffoldings; Demolition of ceiling boards and its frames, eaves and its framings, and roofing sheets;','- Removal of lighting wires and fixtures; Installation of ceiling frames and boards, eaves including its framings, fascia board and its framing and roofing sheets;','-Installation of ceiling frames and boards, eaves including its framings, fascia board and its framing and roofing sheets; Painting of replaced/ repaired surfaces; Demobilization of equipment and other waste /excess materials','-','-',0,0,0,0,0,0,0,7,12,14,0,0,0,0,0,0,0,0,0,0,0,0,0,0),
(42,166,'Draft','2021-01-20','2021-01-20',22,NULL,NULL,0.00,0.00,0.00,0.00,0.00,0.00,0.00,0.00,37194.73,123982.43,402942.90,55792.09,0.00,0.00,0.00,0.00,0.00,0.00,0.00,0.00,6.00,20.00,65.00,9.00,'-','-','-','-','-','-','-','-','-Mobilization of manpower, materials and equipment;  Installation of scaffoldings; Demolition of existing wooden columns, truss, purlins and roofing sheets; Chipping of concrete pedestal and connecting it to new G.I. Pipe Columns','-Fabrication of trusses and fascia board frame; Installation of new trusses, C-purlins, sagrod, fascia boards, roofing sheets and other roofing materials.','-Fabrication of trusses and fascia board frame; Installation of new trusses, C-purlins, sagrod, fascia boards, roofing sheets and other roofing materials.','-Installation of sagrod, fascia boards, roofing sheets and other roofing materials; Painting of repaired/ replaced surfaces; Demobilization of equipment and other waste /excess materials',0,0,0,0,0,0,0,0,6,8,13,6,0,0,0,0,0,0,0,0,0,0,0,0),
(43,167,'Draft','2021-01-20','2021-01-20',22,NULL,NULL,0.00,0.00,0.00,0.00,0.00,0.00,0.00,0.00,31969.20,182681.12,242052.48,0.00,0.00,0.00,0.00,0.00,0.00,0.00,0.00,0.00,7.00,40.00,53.00,0.00,'-','-','-','-','-','-','-','-','-Mobilization of manpower, materials and equipment;  Installation of scaffoldings; Demolition of existing wooden truss, purlins and roofing sheets; Chipping and extension of concrete columns','-Fabrication of trusses and fascia board frame; Installation of new trusses, C-purlins, sagrod, fascia boards, roofing sheets and other roofing materials','-Installation of  sagrod, fascia boards, roofing sheets and other roofing materials; Painting of repaired/ replaced surfaces; Demobilization of equipment and other waste /excess materials','-',0,0,0,0,0,0,0,0,6,15,16,0,0,0,0,0,0,0,0,0,0,0,0,0),
(44,226,'Draft','2021-01-20','2021-01-22',27,NULL,NULL,1350441.01,4146048.22,2479856.61,0.00,2193252.22,2331696.71,2892761.24,0.00,0.00,0.00,0.00,0.00,5.00,17.00,10.00,0.00,9.00,10.00,12.00,0.00,0.00,0.00,0.00,0.00,'299.40 sq.m. R.C. Platform, 8.00 units pile cap jacketing','299.40 sq.m. R.C. Platform, 30.00 units pile cap jacketing','99.80 sq.m. R.C. Platform , 22.00 units pile cap jacketing, 229.32 sq.m. concrete pavement','Project was suspended','535.08 sq.m. concrete pavement','570.30 sq.m. concrete pavement','570.30 sq.m. concrete pavement','-','-','-','-','-',18,18,18,0,19,19,19,0,0,0,0,0,1,1,0,0,0,0,0,0,0,0,0,0),
(46,31,'Draft','2021-01-21','2021-01-22',17,NULL,NULL,0.00,0.00,0.00,670825.00,0.00,0.00,0.00,0.00,0.00,3801343.00,0.00,0.00,0.00,0.00,0.00,15.00,0.00,0.00,0.00,0.00,0.00,100.00,0.00,0.00,'-','-','-','-','-','15% accomplishment','100% accomplishment','-','-','-','-','-',0,0,0,0,0,0,0,0,0,0,0,0,0,0,0,0,0,0,0,0,0,0,0,0),
(47,32,'Draft','2021-01-21','2021-01-25',17,NULL,NULL,0.00,0.00,0.00,805330.00,0.00,0.00,0.00,0.00,0.00,4563539.00,0.00,0.00,0.00,0.00,0.00,15.00,0.00,0.00,0.00,0.00,0.00,100.00,0.00,0.00,'-','-','-',NULL,'-','70% accomplishment','100% accomplishment','-','-','-','-','-',0,0,0,0,0,0,0,0,0,0,0,0,0,0,0,0,0,0,0,0,0,0,0,0),
(48,36,'Draft','2021-01-21','2021-01-26',17,NULL,NULL,0.00,0.00,0.00,0.00,734589.00,0.00,0.00,0.00,0.00,4162673.00,0.00,0.00,0.00,0.00,0.00,0.00,0.15,0.00,0.00,0.00,0.00,0.10,0.00,0.00,'-','-','-','-','15% accomplishment','-','100% accomplishment','-','-','-','-','-',0,0,0,0,0,0,0,0,0,0,0,0,0,0,0,0,0,0,0,0,0,0,0,0),
(49,40,'Draft','2021-01-21','2021-01-26',17,NULL,NULL,0.00,0.00,0.00,201320.00,0.00,0.00,1342134.00,0.00,0.00,0.00,0.00,0.00,0.00,0.00,0.00,0.15,0.00,0.00,100.00,0.00,0.00,0.00,0.00,0.00,'-','-','-','-','-','15% accomplishment','100% accomplishment','-','-','-','-','-',0,0,0,0,0,0,0,0,0,0,0,0,0,0,0,0,0,0,0,0,0,0,0,0),
(50,43,'Draft','2021-01-21','2021-01-25',17,NULL,NULL,0.00,0.00,0.00,821983.00,0.00,0.00,0.00,0.00,0.00,0.00,4657909.00,0.00,0.00,0.00,0.00,0.15,0.00,0.00,0.00,0.00,0.00,0.00,100.00,0.00,'-','-','-','-','-','15% accomplishment','-','100% accomplishment','-','-','-','-',0,0,0,0,0,0,0,0,0,0,0,0,0,0,0,0,0,0,0,0,0,0,0,0),
(51,46,'Draft','2021-01-21','2021-01-22',17,NULL,NULL,0.00,0.00,0.00,7119895.52,0.00,0.00,0.00,0.00,0.00,0.00,0.00,1067984.33,0.00,0.00,0.00,85.00,0.00,0.00,0.00,0.00,0.00,0.00,15.00,100.00,'-','-','-','-initial report','-','-','-','-','-','-','-','-final report',0,0,0,0,0,0,0,0,0,0,0,0,0,0,0,0,0,0,0,0,0,0,0,0),
(52,48,'Draft','2021-01-21','2021-01-25',17,NULL,NULL,0.00,0.00,0.00,402632.00,0.00,0.00,2684213.43,0.00,0.00,0.00,0.00,0.00,0.00,0.00,0.00,15.00,0.00,0.00,100.00,0.00,0.00,0.00,0.00,0.00,'-','-','-',NULL,'-','70% accomplishment','100% accomplishment','-','-','-','-','-',0,0,0,0,0,0,0,0,0,0,0,0,0,0,0,0,0,0,0,0,0,0,0,0),
(53,56,'Draft','2021-01-21','2021-01-22',17,NULL,NULL,0.00,0.00,0.00,0.00,0.00,536879.66,0.00,0.00,0.00,0.00,0.00,0.00,0.00,0.00,0.00,0.00,0.00,35.00,65.00,0.00,0.00,0.00,0.00,0.00,'-','-','-','-','-','15.0','-','-','-','-','-','-',0,0,0,0,0,0,0,0,0,0,0,0,0,0,0,0,0,0,0,0,0,0,0,0),
(54,57,'Draft','2021-01-21','2021-01-25',17,NULL,NULL,0.00,0.00,0.00,670825.00,NULL,0.00,0.00,0.00,0.00,4472168.00,NULL,0.00,0.00,0.00,0.00,65.00,NULL,0.00,0.00,0.00,0.00,100.00,NULL,NULL,'-','-','-',NULL,NULL,'65% accomplishments','100% accomplishments','-','-','-','-',NULL,0,0,0,0,0,0,0,0,0,0,0,0,0,0,0,0,0,0,0,0,0,0,0,0),
(55,59,'Draft','2021-01-21','2021-01-25',17,NULL,NULL,0.00,0.00,0.00,0.00,748900.00,0.00,0.00,0.00,0.00,0.00,4243769.00,0.00,0.00,0.00,0.00,0.00,0.15,0.00,0.00,0.00,0.00,0.00,100.00,0.00,'-','-','-','-','-','15% accomplishment','-','-','-','100% accomplishment','-','-',0,0,0,0,0,0,0,0,0,0,0,0,0,0,0,0,0,0,0,0,0,0,0,0),
(56,61,'Draft','2021-01-21','2021-01-22',17,NULL,NULL,0.00,0.00,0.00,1748217.47,0.00,0.00,0.00,0.00,0.00,0.00,0.00,0.00,0.00,0.00,0.00,0.00,0.00,0.00,0.00,1748217.00,0.00,0.00,0.00,0.00,'-','-','-','-','-','-','-','.25','-','-','-','-',0,0,0,0,0,0,0,0,0,0,0,0,0,0,0,0,0,0,0,0,0,0,0,0),
(57,62,'Draft','2021-01-21','2021-01-25',17,NULL,NULL,0.00,0.00,0.00,0.00,0.00,0.00,0.00,0.00,0.00,6997750.00,0.00,0.00,0.00,0.00,0.00,0.00,0.00,0.00,0.00,0.00,0.00,1048930.00,0.00,0.00,'-','-','-','-','-','-','-','-','-','25%','-','-',0,0,0,0,0,0,0,0,0,0,0,0,0,0,0,0,0,0,0,0,0,0,0,0),
(59,66,'Draft','2021-01-21','2021-01-25',17,NULL,NULL,0.00,0.00,0.00,0.00,0.00,6989978.00,0.00,0.00,0.00,0.00,0.00,0.00,0.00,0.00,0.00,0.00,0.00,1048497.00,0.00,0.00,0.00,0.00,0.00,0.00,'-','-','-','-','-',NULL,'-','-','-','-','-','35% accomplishment',0,0,0,0,0,0,0,0,0,0,0,0,0,0,0,0,0,0,0,0,0,0,0,0),
(60,73,'Draft','2021-01-21','2021-01-21',17,NULL,NULL,0.00,0.00,0.00,0.00,0.00,0.00,0.00,0.00,0.00,0.00,0.00,0.00,0.00,0.00,0.00,0.00,0.00,0.00,0.00,0.00,0.00,0.00,0.00,0.00,'-','-','-','-','-','-','-','-','-','-','-','-',0,0,0,0,0,0,0,0,0,0,0,0,0,0,0,0,0,0,0,0,0,0,0,0),
(61,73,'Draft','2021-01-21','2021-01-26',17,NULL,NULL,0.00,0.00,0.00,0.00,0.00,0.00,3285000.00,0.00,0.00,0.00,0.00,0.00,0.00,0.00,0.00,0.00,0.00,0.00,11.00,0.00,0.00,0.00,0.00,0.00,'-','-','-','-','-','-','895,909.00 ( only 3 unit delivered under HVCDP Funds)','-','-','-','-','-',0,0,0,0,0,0,0,0,0,0,0,0,0,0,0,0,0,0,0,0,0,0,0,0),
(62,76,'Draft','2021-01-21','2021-01-26',17,NULL,NULL,0.00,0.00,0.00,0.00,1798800.00,NULL,0.00,0.00,0.00,0.00,0.00,0.00,0.00,0.00,0.00,0.00,12.00,0.00,0.00,0.00,0.00,0.00,0.00,0.00,'-','-','-','-','-','100% delivered','-','-','-','-','-','-',0,0,0,0,0,0,0,0,0,0,0,0,0,0,0,0,0,0,0,0,0,0,0,0),
(63,96,'Draft','2021-01-21','2021-01-26',17,NULL,NULL,0.00,0.00,0.00,0.00,0.00,897000.00,897000.00,0.00,0.00,0.00,0.00,0.00,0.00,0.00,0.00,0.00,6.00,6.00,0.00,0.00,0.00,0.00,0.00,0.00,'-','-','-','-','50% delivered','100% delivered','-','-','-','-','-','-',0,0,0,0,0,0,0,0,0,0,0,0,0,0,0,0,0,0,0,0,0,0,0,0),
(64,113,'Draft','2021-01-21','2021-01-25',17,NULL,NULL,0.00,0.00,0.00,0.00,25915000.00,0.00,0.00,0.00,0.00,32850000.00,0.00,0.00,0.00,0.00,0.00,0.00,6570.00,0.00,0.00,0.00,NULL,0.00,0.00,0.00,'-','-','-','-','-','-','-','-','79% delivered','-','-','100% delivered',0,0,0,0,0,0,0,0,0,0,0,0,0,0,0,0,0,0,0,0,0,0,0,0),
(65,116,'Draft','2021-01-21','2021-01-25',17,NULL,NULL,0.00,0.00,0.00,0.00,50485000.00,0.00,0.00,0.00,0.00,0.00,0.00,0.00,0.00,0.00,0.00,0.00,10097.00,0.00,0.00,0.00,0.00,0.00,0.00,0.00,'-','-','-','-','-','-','-','-','100% delivered','-','-','-',0,0,0,0,0,0,0,0,0,0,0,0,0,0,0,0,0,0,0,0,0,0,0,0),
(66,118,'Draft','2021-01-21','2021-01-25',17,NULL,NULL,0.00,0.00,0.00,0.00,39975000.00,0.00,0.00,0.00,0.00,0.00,0.00,0.00,0.00,0.00,0.00,0.00,7995.00,0.00,0.00,0.00,0.00,0.00,0.00,0.00,'-','-','-','-','-','-','-','-','100% delivered','-','-','-',0,0,0,0,0,0,0,0,0,0,0,0,0,0,0,0,0,0,0,0,0,0,0,0),
(67,120,'Draft','2021-01-21','2021-01-25',17,NULL,NULL,0.00,0.00,0.00,0.00,62050000.00,0.00,0.00,0.00,0.00,0.00,0.00,0.00,0.00,0.00,0.00,0.00,12410.00,0.00,0.00,0.00,0.00,0.00,0.00,0.00,'-','-','-','-','-','-','-','-','100% delivered','-','-','-',0,0,0,0,0,0,0,0,0,0,0,0,0,0,0,0,0,0,0,0,0,0,0,0),
(68,121,'Draft','2021-01-21','2021-01-25',17,NULL,NULL,0.00,0.00,0.00,0.00,28938420.00,0.00,0.00,0.00,0.00,0.00,0.00,0.00,0.00,0.00,0.00,0.00,5790.00,0.00,0.00,0.00,0.00,0.00,0.00,0.00,'-','-','-','-','-','-','-','-','100% delivered','-','-','-',0,0,0,0,0,0,0,0,0,0,0,0,0,0,0,0,0,0,0,0,0,0,0,0),
(69,122,'Endorsed','2021-01-21','2021-01-26',17,NULL,'completed',0.00,3235000.00,0.00,0.00,0.00,0.00,0.00,0.00,0.00,7730000.00,0.00,0.00,0.00,2193.00,0.00,0.00,0.00,0.00,0.00,0.00,0.00,0.00,0.00,0.00,'-','-','-','-','-','-','-','-','-','-7730000','-','-',0,0,0,0,0,0,0,0,0,0,0,0,0,0,0,0,0,0,0,0,0,0,0,0),
(70,135,'Draft','2021-01-21','2021-01-22',17,NULL,NULL,0.00,10155000.00,0.00,0.00,0.00,0.00,0.00,0.00,0.00,14865000.00,0.00,0.00,0.00,3004.00,0.00,0.00,0.00,0.00,0.00,0.00,0.00,0.00,0.00,0.00,'-','-','-','-','-','-','-','-','-','-14865000','-','-',0,0,0,0,0,0,0,0,0,0,0,0,0,0,0,0,0,0,0,0,0,0,0,0),
(71,138,'Draft','2021-01-21','2021-01-25',17,NULL,NULL,0.00,0.00,0.00,0.00,6965000.00,0.00,0.00,0.00,0.00,18160000.00,0.00,0.00,0.00,0.00,0.00,0.00,0.42,0.00,0.00,0.00,0.00,0.58,0.00,0.00,'-','-','-','-','-','-','-','-','42%  delivered','-','-','100% delivered',0,0,0,0,0,0,0,0,0,0,0,0,0,0,0,0,0,0,0,0,0,0,0,0),
(72,255,'Draft','2021-01-21','2021-01-21',22,NULL,NULL,0.00,0.00,0.00,0.00,0.00,0.00,0.00,0.00,0.00,349286.88,798370.02,997962.53,0.00,0.00,0.00,0.00,0.00,0.00,0.00,0.00,0.00,7.00,16.00,20.00,'-','-','-','-','-','-','-','-','-','-Mobilization of manpower, materials and equipment; (Earthworks) backfilling, compacting and grading; Excavation for Columns and Footings','- (Earthworks) backfilling, compacting and grading, Fabrication of Rebar for concrete works; Wall footing Construction and Concreting of Pavements','- (Earthworks) backfilling, compacting and grading, Fabrication of Rebar for concrete works; Wall footing Construction and Concreting of Pavements, Fabrication of trusses',0,0,0,0,0,0,0,0,0,15,20,22,0,0,0,0,0,0,0,0,0,0,0,0),
(73,142,'Draft','2021-01-21','2021-01-26',17,NULL,NULL,0.00,0.00,21280000.00,0.00,0.00,0.00,0.00,0.00,0.00,0.00,0.00,0.00,0.00,0.00,14000.00,0.00,0.00,0.00,0.00,0.00,0.00,0.00,0.00,0.00,'-','-','-','-','-','-','-','-','57%  partially delivered','-','-','100% delivered',0,0,0,0,0,0,0,0,0,0,0,0,0,0,0,0,0,0,0,0,0,0,0,0),
(74,145,'Draft','2021-01-21','2021-01-26',17,NULL,NULL,0.00,0.00,0.00,0.00,10184590.00,0.00,0.00,0.00,0.00,0.00,0.00,0.00,0.00,0.00,0.00,0.00,2041.00,0.00,0.00,0.00,0.00,0.00,0.00,0.00,'-','-','-','-','-','-','-','40 % partially delivered','-','-','-','100% delivered',0,0,0,0,0,0,0,0,0,0,0,0,0,0,0,0,0,0,0,0,0,0,0,0),
(75,149,'Draft','2021-01-21','2021-01-21',17,NULL,NULL,0.00,0.00,0.00,0.00,0.00,0.00,0.00,0.00,0.00,0.00,0.00,0.00,0.00,0.00,0.00,0.00,0.00,0.00,0.00,0.00,0.00,0.00,0.00,0.00,'-','-','-','-','-','-','-','-','-','-','-','-',0,0,0,0,0,0,0,0,0,0,0,0,0,0,0,0,0,0,0,0,0,0,0,0),
(78,156,'Draft','2021-01-21','2021-01-26',17,NULL,NULL,0.00,0.00,0.00,0.00,7392040.00,0.00,0.00,0.00,0.00,0.00,0.00,0.00,0.00,0.00,0.00,0.00,439.00,0.00,0.00,0.00,0.00,0.00,0.00,0.00,'-','-','-','-','-','-','-','-','100% delivered','-','-','-',0,0,0,0,0,0,0,0,0,0,0,0,0,0,0,0,0,0,0,0,0,0,0,0),
(79,159,'Draft','2021-01-21','2021-01-25',17,NULL,NULL,0.00,0.00,0.00,0.00,27913280.00,0.00,0.00,0.00,0.00,0.00,0.00,0.00,0.00,0.00,0.00,0.00,36029.00,0.00,0.00,0.00,0.00,0.00,0.00,0.00,'-','-','-','-','-','-','-','-','100% delivered','-','-','-',0,0,0,0,0,0,0,0,0,0,0,0,0,0,0,0,0,0,0,0,0,0,0,0),
(80,163,'Draft','2021-01-21','2021-01-25',17,NULL,NULL,0.00,0.00,0.00,0.00,12160000.00,0.00,0.00,0.00,0.00,0.00,0.00,0.00,0.00,0.00,0.00,0.00,62092.00,0.00,0.00,0.00,0.00,0.00,0.00,0.00,'-','-','-','-','start of deliveries','-','-','-','100% delivered','-','-','-paid the delivered goods',0,0,0,0,0,0,0,0,0,0,0,0,0,0,0,0,0,0,0,0,0,0,0,0),
(81,164,'Draft','2021-01-21','2021-01-25',17,NULL,NULL,0.00,0.00,0.00,0.00,5338000.00,0.00,0.00,0.00,0.00,0.00,0.00,0.00,0.00,0.00,0.00,0.00,36092.00,0.00,0.00,0.00,0.00,0.00,0.00,0.00,'-','-','-','-','start of deliveries','-','-','-','100% delivered','-','-',NULL,0,0,0,0,0,0,0,0,0,0,0,0,0,0,0,0,0,0,0,0,0,0,0,0),
(82,165,'Draft','2021-01-21','2021-01-25',17,NULL,NULL,0.00,0.00,0.00,0.00,9516535.00,0.00,0.00,0.00,0.00,0.00,0.00,0.00,0.00,0.00,0.00,0.00,36092.00,0.00,0.00,0.00,0.00,0.00,0.00,0.00,'-','-','-','-','start of deliveries','-','-','-','100% delivered','-','-',NULL,0,0,0,0,0,0,0,0,0,0,0,0,0,0,0,0,0,0,0,0,0,0,0,0),
(83,169,'Draft','2021-01-21','2021-01-26',17,NULL,NULL,0.00,0.00,0.00,6600000.00,0.00,0.00,0.00,0.00,0.00,0.00,0.00,0.00,0.00,0.00,0.00,33000.00,0.00,0.00,0.00,0.00,NULL,0.00,0.00,0.00,'-','-','-','-','-','-','-','-','100% delivered','-','-','-',0,0,0,0,0,0,0,0,0,0,0,0,0,0,0,0,0,0,0,0,0,0,0,0),
(84,172,'Draft','2021-01-21','2021-01-25',17,NULL,NULL,0.00,0.00,0.00,0.00,0.00,5418990.00,0.00,0.00,0.00,0.00,0.00,0.00,0.00,0.00,0.00,0.00,0.00,4853.00,0.00,0.00,0.00,0.00,0.00,0.00,'-','-','-','-','-','100% delivered','-','-','-','-','-','-',0,0,0,0,0,0,0,0,0,0,0,0,0,0,0,0,0,0,0,0,0,0,0,0),
(85,184,'Draft','2021-01-21','2021-01-25',17,NULL,NULL,0.00,0.00,0.00,0.00,0.00,5418990.00,0.00,0.00,0.00,0.00,0.00,0.00,0.00,0.00,0.00,0.00,0.00,4853.00,0.00,0.00,0.00,0.00,0.00,0.00,'-','-','-','-','-','100% delivered','-','-','-','-','-','-',0,0,0,0,0,0,0,0,0,0,0,0,0,0,0,0,0,0,0,0,0,0,0,0),
(86,184,'Draft','2021-01-21','2021-01-25',17,NULL,NULL,0.00,0.00,0.00,0.00,0.00,6115377.00,0.00,0.00,0.00,0.00,0.00,0.00,0.00,0.00,0.00,0.00,0.00,4853.00,0.00,0.00,0.00,0.00,0.00,0.00,'-','-','-','-','-','-','-','-','100% delivered','-','-','-',0,0,0,0,0,0,0,0,0,0,0,0,0,0,0,0,0,0,0,0,0,0,0,0),
(87,256,'Draft','2021-01-21','2021-01-21',22,NULL,NULL,0.00,0.00,0.00,0.00,0.00,0.00,0.00,0.00,0.00,47771.53,95543.06,334400.72,0.00,0.00,0.00,0.00,0.00,0.00,0.00,0.00,0.00,8.00,16.00,56.00,'-','-','-','-','-','-','-','-','-','-Mobilization of manpower, materials and equipment; (Earthworks) backfilling, compacting and grading of setbacks and front areas of the service gate, fabrication of rebar for columns and beams; Excavation for Columns and Footings','-Wall footing Construction, Masonry works for the CHB wall and Concreting of Columns, Foundations and Beams','-Wall footing Construction, Masonry works for the CHB wall and Concreting of Columns, Foundations and Beams, Fabrication of Service Gate, Plastering and Painting of Exposed Surfaces',0,0,0,0,0,0,0,0,0,17,18,18,0,0,0,0,0,0,0,0,0,0,0,0),
(88,257,'Draft','2021-01-21','2021-01-21',22,NULL,NULL,0.00,0.00,0.00,0.00,0.00,0.00,0.00,0.00,0.00,101514.51,471743.88,23885.76,0.00,0.00,0.00,0.00,0.00,0.00,0.00,0.00,0.00,17.00,79.00,4.00,'-','-','-','-','-','-','-','-','-','-Mobilization of manpower, materials and equipment;  fabrication of rebar for columns and beams; Wall footing Construction, Masonry works for the CHB wall; Excavation for Columns and Footings','-Wallfooting Construction, Masonry works for the CHB wall and Concreting of Columns, Foundations and Beams','-Wallfooting Construction, Masonry works for the CHB wall and Concreting of Columns, Foundations and Beams,  Plastering and Painting of Exposed Surfaces',0,0,0,0,0,0,0,0,0,11,17,5,0,0,0,0,0,0,0,0,0,0,0,0),
(89,188,'Draft','2021-01-21','2021-01-25',17,NULL,NULL,0.00,0.00,0.00,0.00,0.00,0.00,0.00,0.00,0.00,0.00,0.00,31404653.81,0.00,0.00,0.00,0.00,0.00,0.00,0.00,0.00,0.00,0.00,0.00,100.00,'-','-','-','-','-','-','-','-','-','-','-','-Monthly Inspection and validation of submitted SWA',0,0,0,0,0,0,0,0,0,0,0,0,0,0,0,0,0,0,0,0,0,0,0,0),
(90,189,'Draft','2021-01-21','2021-01-26',17,NULL,NULL,0.00,0.00,0.00,0.00,0.00,0.00,0.00,0.00,5094000.00,0.00,0.00,0.00,0.00,0.00,0.00,0.00,0.00,0.00,0.00,0.00,1020.00,0.00,0.00,0.00,'-','-','-','-','-','-','-','-','100% delivered','-','-','-',0,0,0,0,0,0,0,0,0,0,0,0,0,0,0,0,0,0,0,0,0,0,0,0),
(91,193,'Endorsed','2021-01-21','2021-01-26',17,NULL,'- On-going construction\r\n- Negative 1.41% slippage due to scarcity of materials and unfavorable weather condition',0.00,0.00,0.00,0.00,0.00,0.00,0.00,0.00,0.00,0.00,0.00,37350283.00,0.00,0.00,0.00,0.00,0.00,0.00,0.00,0.00,0.00,0.00,0.00,29.78,'-','-','-','-','-','-','-','-','-','-','-','-Monthly Inspection and validation of submitted SWA',0,0,0,0,0,0,0,0,0,0,0,0,0,0,0,0,0,0,0,0,0,0,0,0),
(92,194,'Draft','2021-01-21','2021-01-26',17,NULL,NULL,0.00,0.00,0.00,0.00,0.00,0.00,0.00,0.00,0.00,0.00,0.00,3782420.00,0.00,0.00,0.00,0.00,0.00,0.00,0.00,0.00,0.00,0.00,0.00,3790.00,'-','-','-','-','-','-','-','-','-','-','-','100% delivered',0,0,0,0,0,0,0,0,0,0,0,0,0,0,0,0,0,0,0,0,0,0,0,0),
(93,195,'Draft','2021-01-21','2021-01-25',17,NULL,NULL,0.00,0.00,0.00,0.00,0.00,0.00,0.00,0.00,0.00,0.00,0.00,61289430.00,0.00,0.00,0.00,0.00,0.00,0.00,0.00,0.00,0.00,0.00,0.00,100.00,'-','-','-','-','-','-','-','-','-','-','-','-Monthly Inspection and validation of submitted SWA',0,0,0,0,0,0,0,0,0,0,0,0,0,0,0,0,0,0,0,0,0,0,0,0),
(94,196,'Draft','2021-01-21','2021-01-26',17,NULL,NULL,0.00,0.00,0.00,0.00,0.00,1109500.00,0.00,0.00,0.00,0.00,0.00,0.00,0.00,0.00,0.00,0.00,0.00,4.00,0.00,0.00,0.00,0.00,0.00,0.00,'-','-','-','-','-','-','100% delivered','-','-','-','-','-',0,0,0,0,0,0,0,0,0,0,0,0,0,0,0,0,0,0,0,0,0,0,0,0),
(95,197,'Draft','2021-01-21','2021-01-21',17,NULL,NULL,0.00,0.00,0.00,0.00,0.00,0.00,0.00,0.00,0.00,0.00,0.00,0.00,0.00,0.00,0.00,0.00,0.00,0.00,0.00,0.00,0.00,0.00,0.00,0.00,'-','-','-','-','-','-','-','-','-','-','-','-',0,0,0,0,0,0,0,0,0,0,0,0,0,0,0,0,0,0,0,0,0,0,0,0),
(96,198,'Draft','2021-01-21','2021-01-26',17,NULL,NULL,0.00,0.00,0.00,0.00,0.00,3738000.00,0.00,0.00,0.00,0.00,0.00,0.00,0.00,0.00,0.00,0.00,0.00,42000.00,0.00,0.00,0.00,0.00,0.00,0.00,'-','-','-','-','-','-','100% delivered','-','-','-','-','-',0,0,0,0,0,0,0,0,0,0,0,0,0,0,0,0,0,0,0,0,0,0,0,0),
(97,199,'Draft','2021-01-21','2021-01-21',17,NULL,NULL,0.00,0.00,0.00,0.00,0.00,0.00,0.00,0.00,0.00,0.00,0.00,0.00,0.00,0.00,0.00,0.00,0.00,0.00,0.00,0.00,0.00,0.00,0.00,0.00,'-','-','-','-','-','-','-','-','-','-','-','-',0,0,0,0,0,0,0,0,0,0,0,0,0,0,0,0,0,0,0,0,0,0,0,0),
(98,212,'Draft','2021-01-21','2021-01-26',17,NULL,NULL,0.00,0.00,0.00,0.00,0.00,0.00,0.00,5250000.00,0.00,0.00,0.00,0.00,0.00,0.00,0.00,0.00,0.00,0.00,0.00,7500.00,0.00,0.00,0.00,0.00,'-','-','-','-','-','-','-','-','-','-','-','100% delivered',0,0,0,0,0,0,0,0,0,0,0,0,0,0,0,0,0,0,0,0,0,0,0,0),
(99,213,'Draft','2021-01-21','2021-01-26',17,NULL,NULL,0.00,0.00,0.00,0.00,0.00,0.00,NULL,8159360.00,0.00,0.00,0.00,0.00,0.00,0.00,0.00,0.00,0.00,0.00,0.00,5368.00,0.00,0.00,0.00,0.00,'-','-','-','-','-','-','-','-','100% delivered','-','-','-',0,0,0,0,0,0,0,0,0,0,0,0,0,0,0,0,0,0,0,0,0,0,0,0),
(101,215,'Draft','2021-01-21','2021-01-26',17,NULL,NULL,0.00,0.00,0.00,0.00,0.00,0.00,0.00,0.00,10301720.00,0.00,0.00,0.00,0.00,0.00,0.00,0.00,0.00,0.00,0.00,0.00,117065.00,0.00,0.00,0.00,'-','-','-','-','-','-','-','-','60% delivered','-','-','100% delivered',0,0,0,0,0,0,0,0,0,0,0,0,0,0,0,0,0,0,0,0,0,0,0,0),
(102,216,'Draft','2021-01-21','2021-01-26',17,NULL,NULL,0.00,0.00,0.00,0.00,0.00,0.00,0.00,0.00,18912000.00,0.00,0.00,0.00,0.00,0.00,0.00,0.00,0.00,0.00,0.00,0.00,NULL,0.00,0.00,0.00,'-','-','-','-','-','-','-','-','70 % partially delivered','-','-','-',0,0,0,0,0,0,0,0,0,0,0,0,0,0,0,0,0,0,0,0,0,0,0,0),
(103,217,'Draft','2021-01-21','2021-01-26',17,NULL,NULL,0.00,0.00,0.00,0.00,0.00,0.00,4499900.00,0.00,0.00,0.00,0.00,0.00,0.00,0.00,0.00,0.00,0.00,100.00,0.00,0.00,0.00,0.00,0.00,0.00,'-','-','-','-','-','-','-','-','-','-','-','100% delivered',0,0,0,0,0,0,0,0,0,0,0,0,0,0,0,0,0,0,0,0,0,0,0,0),
(104,218,'Draft','2021-01-21','2021-01-26',17,NULL,NULL,0.00,0.00,1507500.00,0.00,0.00,0.00,0.00,0.00,0.00,0.00,0.00,0.00,0.00,0.00,45.00,0.00,0.00,0.00,0.00,0.00,0.00,0.00,0.00,0.00,'-','-','-','-','-','-','-','-','-','-','-','100% delivered',0,0,0,0,0,0,0,0,0,0,0,0,0,0,0,0,0,0,0,0,0,0,0,0),
(105,221,'Draft','2021-01-21','2021-01-21',17,NULL,NULL,0.00,0.00,0.00,0.00,0.00,0.00,0.00,0.00,0.00,0.00,0.00,0.00,0.00,0.00,0.00,0.00,0.00,0.00,0.00,0.00,0.00,0.00,0.00,0.00,'-','-','-','-','-','-','-','-','-','-','-','-',0,0,0,0,0,0,0,0,0,0,0,0,0,0,0,0,0,0,0,0,0,0,0,0),
(107,224,'Draft','2021-01-21','2021-01-26',17,NULL,NULL,0.00,0.00,0.00,0.00,0.00,1382370.00,0.00,0.00,0.00,0.00,0.00,0.00,0.00,0.00,0.00,0.00,0.00,1159.00,0.00,0.00,0.00,0.00,0.00,0.00,'-','-','-','-','-','100% delivered','-','-','-','-','-','-',0,0,0,0,0,0,0,0,0,0,0,0,0,0,0,0,0,0,0,0,0,0,0,0),
(108,225,'Draft','2021-01-21','2021-01-26',17,NULL,NULL,0.00,0.00,0.00,0.00,0.00,0.00,0.00,1412400.00,0.00,0.00,0.00,0.00,0.00,0.00,0.00,0.00,0.00,0.00,0.00,NULL,0.00,0.00,0.00,0.00,'-','-','-','-','-','-','-','-','100% delivered','-','-','-',0,0,0,0,0,0,0,0,0,0,0,0,0,0,0,0,0,0,0,0,0,0,0,0),
(109,228,'Draft','2021-01-21','2021-01-26',17,NULL,NULL,0.00,0.00,0.00,0.00,3123000.00,0.00,0.00,0.00,0.00,0.00,0.00,0.00,0.00,0.00,0.00,0.00,900000.00,0.00,0.00,0.00,0.00,0.00,0.00,0.00,'-','-','-','-','-','-','-','-','-','-','-','100% delivered',0,0,0,0,0,0,0,0,0,0,0,0,0,0,0,0,0,0,0,0,0,0,0,0),
(110,229,'Draft','2021-01-21','2021-01-26',17,NULL,NULL,0.00,0.00,0.00,0.00,0.00,3482500.00,0.00,0.00,0.00,0.00,0.00,0.00,0.00,0.00,0.00,0.00,0.00,35.00,0.00,0.00,0.00,0.00,0.00,0.00,'-','-','-','-','-','-','-','-','100% delivered','-','-','-',0,0,0,0,0,0,0,0,0,0,0,0,0,0,0,0,0,0,0,0,0,0,0,0),
(111,230,'Draft','2021-01-21','2021-01-26',17,NULL,NULL,0.00,0.00,855000.00,0.00,0.00,0.00,0.00,0.00,0.00,0.00,0.00,0.00,0.00,0.00,100.00,0.00,0.00,0.00,0.00,0.00,0.00,0.00,0.00,0.00,'-','-','100% delivered','-','-','-','-','-','-','-','-','-',0,0,0,0,0,0,0,0,0,0,0,0,0,0,0,0,0,0,0,0,0,0,0,0),
(112,232,'Draft','2021-01-21','2021-01-26',17,NULL,NULL,0.00,0.00,0.00,0.00,0.00,0.00,0.00,0.00,0.00,0.00,0.00,2043840.00,0.00,0.00,0.00,0.00,0.00,0.00,0.00,0.00,0.00,0.00,0.00,30.00,'-','-','-','-','-','-','-','-','-','-','-','100% delivered',0,0,0,0,0,0,0,0,0,0,0,0,0,0,0,0,0,0,0,0,0,0,0,0),
(113,233,'Draft','2021-01-21','2021-01-26',17,NULL,NULL,0.00,0.00,0.00,0.00,1598619.00,0.00,0.00,0.00,0.00,0.00,0.00,0.00,0.00,0.00,0.00,0.00,37650.00,0.00,0.00,0.00,0.00,0.00,0.00,0.00,'-','-','-','-','-','-','-','-','Partially delivered','-','-','100% delivered',0,0,0,0,0,0,0,0,0,0,0,0,0,0,0,0,0,0,0,0,0,0,0,0),
(114,234,'Draft','2021-01-21','2021-01-21',17,NULL,NULL,0.00,0.00,0.00,0.00,0.00,0.00,0.00,0.00,0.00,0.00,0.00,0.00,0.00,0.00,0.00,0.00,0.00,0.00,0.00,0.00,0.00,0.00,0.00,0.00,'-','-','-','-','-','-','-','-','-','-','-','-',0,0,0,0,0,0,0,0,0,0,0,0,0,0,0,0,0,0,0,0,0,0,0,0),
(115,235,'Endorsed','2021-01-21','2021-01-26',17,NULL,'- Subproject already in Liquidation Damage (LD)\r\n- On-going construction, target completion date February 2021',0.00,0.00,0.00,0.00,0.00,0.00,0.00,0.00,0.00,0.00,0.00,89304352.20,0.00,0.00,0.00,0.00,0.00,0.00,0.00,0.00,0.00,0.00,0.00,95.00,'-','-','-','-','-','-','-','-','-','-','-','-Monthly Inspection and validation of submitted SWA',0,0,0,0,0,0,0,0,0,0,0,0,0,0,0,0,0,0,0,0,0,0,0,0),
(116,239,'Draft','2021-01-21','2021-01-26',17,NULL,NULL,0.00,0.00,0.00,0.00,1000050.00,0.00,0.00,0.00,0.00,0.00,0.00,0.00,0.00,0.00,0.00,0.00,NULL,25000.00,0.00,0.00,0.00,0.00,0.00,0.00,'-','-','-','-','-','-','-','-','100% delivered','-','-','-',0,0,0,0,0,0,0,0,0,0,0,0,0,0,0,0,0,0,0,0,0,0,0,0),
(117,241,'Draft','2021-01-21','2021-01-26',17,NULL,NULL,0.00,0.00,0.00,1000000.00,0.00,0.00,0.00,0.00,0.00,0.00,0.00,0.00,0.00,0.00,0.00,25000.00,0.00,0.00,0.00,0.00,0.00,0.00,0.00,0.00,'-','-','-',NULL,'100% delivered','-','-','-','-','-','-','-',0,0,0,0,0,0,0,0,0,0,0,0,0,0,0,0,0,0,0,0,0,0,0,0),
(118,242,'Draft','2021-01-21','2021-01-21',17,NULL,NULL,0.00,0.00,0.00,0.00,0.00,0.00,0.00,0.00,0.00,0.00,0.00,0.00,0.00,0.00,0.00,0.00,0.00,0.00,0.00,0.00,0.00,0.00,0.00,0.00,'-','-','-','-','-','-','-','-','-','-','-','-',0,0,0,0,0,0,0,0,0,0,0,0,0,0,0,0,0,0,0,0,0,0,0,0),
(119,243,'Draft','2021-01-21','2021-01-26',17,NULL,NULL,0.00,0.00,0.00,0.00,0.00,0.00,0.00,0.00,2380000.00,0.00,0.00,0.00,0.00,0.00,0.00,0.00,0.00,0.00,0.00,0.00,496.00,0.00,0.00,0.00,'-','-','-','-','-','-','-','-','-','-','-','100% delivered',0,0,0,0,0,0,0,0,0,0,0,0,0,0,0,0,0,0,0,0,0,0,0,0),
(120,244,'Draft','2021-01-21','2021-01-25',17,NULL,NULL,0.00,0.00,0.00,0.00,0.00,0.00,0.00,0.00,0.00,0.00,0.00,33286766.00,0.00,0.00,0.00,0.00,0.00,0.00,0.00,0.00,0.00,0.00,0.00,45.06,'-','-','-','-','-','-','-','-','-','-','-','-Monthly Inspection and validation of submitted SWA',0,0,0,0,0,0,0,0,0,0,0,0,0,0,0,0,0,0,0,0,0,0,0,0),
(121,246,'Draft','2021-01-21','2021-01-25',17,NULL,NULL,0.00,0.00,0.00,0.00,0.00,0.00,0.00,0.00,0.00,0.00,0.00,33920562.00,0.00,0.00,0.00,0.00,0.00,0.00,0.00,0.00,0.00,0.00,0.00,57.65,'-','-','-','-','-','-','-','-','-','-','-','-Monthly Inspection and validation of submitted SWA',0,0,0,0,0,0,0,0,0,0,0,0,0,0,0,0,0,0,0,0,0,0,0,0),
(122,247,'Draft','2021-01-21','2021-01-26',17,NULL,NULL,0.00,0.00,0.00,0.00,0.00,1266032.00,0.00,0.00,0.00,0.00,0.00,0.00,0.00,0.00,0.00,0.00,0.00,530.00,0.00,0.00,0.00,0.00,0.00,0.00,'-','-','-','-','-','-','-','-','-','-','-','100% delivered',0,0,0,0,0,0,0,0,0,0,0,0,0,0,0,0,0,0,0,0,0,0,0,0),
(123,248,'Draft','2021-01-21','2021-01-26',17,NULL,NULL,0.00,0.00,0.00,0.00,6499000.00,0.00,0.00,0.00,0.00,0.00,0.00,0.00,0.00,0.00,0.00,0.00,0.00,2.00,0.00,0.00,0.00,0.00,0.00,0.00,'-','-','-','-',NULL,'-','-','-','100% delivered','-','-','-',0,0,0,0,0,0,0,0,0,0,0,0,0,0,0,0,0,0,0,0,0,0,0,0),
(124,249,'Draft','2021-01-21','2021-01-26',17,NULL,NULL,0.00,0.00,0.00,0.00,0.00,6240000.00,0.00,0.00,0.00,0.00,0.00,0.00,0.00,0.00,0.00,0.00,0.00,3.00,0.00,0.00,0.00,0.00,0.00,0.00,'-','-','-','-','-','-','-','-','100% delivered','-','-','-',0,0,0,0,0,0,0,0,0,0,0,0,0,0,0,0,0,0,0,0,0,0,0,0),
(126,250,'Draft','2021-01-21','2021-01-26',17,NULL,NULL,0.00,0.00,0.00,1649500.00,0.00,0.00,0.00,0.00,0.00,0.00,0.00,0.00,0.00,0.00,0.00,1.00,0.00,0.00,0.00,0.00,0.00,0.00,0.00,0.00,'-','-','-','-','-','-','-','-','100% delivered','-','-','-',0,0,0,0,0,0,0,0,0,0,0,0,0,0,0,0,0,0,0,0,0,0,0,0),
(127,251,'Draft','2021-01-21','2021-01-26',17,NULL,NULL,0.00,0.00,0.00,5708100.00,0.00,0.00,0.00,0.00,0.00,0.00,0.00,0.00,0.00,0.00,0.00,3.00,0.00,0.00,0.00,0.00,0.00,0.00,0.00,0.00,'-','-','-','-','-','-','-','-','100% delivered','-','-','-',0,0,0,0,0,0,0,0,0,0,0,0,0,0,0,0,0,0,0,0,0,0,0,0),
(130,252,'Draft','2021-01-21','2021-01-26',17,NULL,NULL,0.00,0.00,0.00,0.00,11875000.00,0.00,0.00,0.00,0.00,0.00,0.00,0.00,0.00,0.00,0.00,0.00,2500.00,0.00,0.00,0.00,0.00,0.00,0.00,0.00,'-','-','-','-','-','-','-','-','100% delivered','-','-','-',0,0,0,0,0,0,0,0,0,0,0,0,0,0,0,0,0,0,0,0,0,0,0,0),
(131,253,'Draft','2021-01-21','2021-01-26',17,NULL,NULL,0.00,0.00,0.00,0.00,0.00,6240000.00,0.00,0.00,0.00,0.00,0.00,0.00,0.00,0.00,0.00,0.00,0.00,3.00,0.00,0.00,0.00,0.00,0.00,0.00,'-','-','-','-','-','-','-','-','100% delivered','-','-','-',0,0,0,0,0,0,0,0,0,0,0,0,0,0,0,0,0,0,0,0,0,0,0,0),
(132,254,'Draft','2021-01-21','2021-01-26',17,NULL,NULL,0.00,0.00,0.00,0.00,0.00,0.00,0.00,7488000.00,0.00,0.00,0.00,0.00,0.00,0.00,0.00,0.00,0.00,0.00,0.00,100.00,0.00,0.00,0.00,0.00,'-','-','-','-','-','-','-','-','100% delivered','-','-','-',0,0,0,0,0,0,0,0,0,0,0,0,0,0,0,0,0,0,0,0,0,0,0,0),
(134,24,'Draft','2021-01-25','2021-01-25',5,NULL,NULL,0.00,0.00,0.00,0.00,0.00,0.00,0.00,0.00,0.00,0.00,0.00,0.00,0.00,0.00,0.00,0.00,0.00,0.00,0.00,0.00,0.00,0.00,0.00,0.00,NULL,NULL,NULL,NULL,NULL,NULL,NULL,NULL,NULL,NULL,NULL,NULL,0,0,0,0,0,0,0,0,0,0,0,0,0,0,0,0,0,0,0,0,0,0,0,0),
(135,41,'Draft','2021-01-25','2021-01-25',5,NULL,NULL,0.00,0.00,0.00,0.00,0.00,0.00,0.00,0.00,0.00,0.00,0.00,0.00,0.00,0.00,0.00,0.00,0.00,0.00,0.00,0.00,0.00,0.00,0.00,0.00,NULL,NULL,NULL,NULL,NULL,NULL,NULL,NULL,NULL,NULL,NULL,NULL,0,0,0,0,0,0,0,0,0,0,0,0,0,0,0,0,0,0,0,0,0,0,0,0),
(136,69,'Draft','2021-01-25','2021-01-25',5,NULL,NULL,0.00,0.00,0.00,0.00,0.00,0.00,0.00,0.00,0.00,0.00,0.00,0.00,0.00,0.00,0.00,0.00,0.00,0.00,0.00,0.00,0.00,0.00,0.00,0.00,NULL,NULL,NULL,NULL,NULL,NULL,NULL,NULL,NULL,NULL,NULL,NULL,0,0,0,0,0,0,0,0,0,0,0,0,0,0,0,0,0,0,0,0,0,0,0,0),
(137,80,'Draft','2021-01-25','2021-01-25',5,NULL,NULL,0.00,0.00,0.00,0.00,0.00,0.00,0.00,0.00,0.00,0.00,0.00,0.00,0.00,0.00,0.00,0.00,0.00,0.00,0.00,0.00,0.00,0.00,0.00,0.00,NULL,NULL,NULL,NULL,NULL,NULL,NULL,NULL,NULL,NULL,NULL,NULL,0,0,0,0,0,0,0,0,0,0,0,0,0,0,0,0,0,0,0,0,0,0,0,0),
(138,83,'Draft','2021-01-25','2021-01-25',5,NULL,NULL,0.00,0.00,0.00,0.00,0.00,0.00,0.00,0.00,0.00,0.00,0.00,0.00,0.00,0.00,0.00,0.00,0.00,0.00,0.00,0.00,0.00,0.00,0.00,0.00,NULL,NULL,NULL,NULL,NULL,NULL,NULL,NULL,NULL,NULL,NULL,NULL,0,0,0,0,0,0,0,0,0,0,0,0,0,0,0,0,0,0,0,0,0,0,0,0),
(139,91,'Draft','2021-01-25','2021-01-25',5,NULL,NULL,0.00,0.00,0.00,0.00,0.00,0.00,0.00,0.00,0.00,0.00,0.00,0.00,0.00,0.00,0.00,0.00,0.00,0.00,0.00,0.00,0.00,0.00,0.00,0.00,NULL,NULL,NULL,NULL,NULL,NULL,NULL,NULL,NULL,NULL,NULL,NULL,0,0,0,0,0,0,0,0,0,0,0,0,0,0,0,0,0,0,0,0,0,0,0,0),
(140,92,'Draft','2021-01-25','2021-01-25',5,NULL,NULL,0.00,0.00,0.00,0.00,0.00,0.00,0.00,0.00,0.00,0.00,0.00,0.00,0.00,0.00,0.00,0.00,0.00,0.00,0.00,0.00,0.00,0.00,0.00,0.00,NULL,NULL,NULL,NULL,NULL,NULL,NULL,NULL,NULL,NULL,NULL,NULL,0,0,0,0,0,0,0,0,0,0,0,0,0,0,0,0,0,0,0,0,0,0,0,0),
(141,119,'Draft','2021-01-25','2021-01-25',5,NULL,NULL,0.00,0.00,0.00,0.00,0.00,0.00,0.00,0.00,0.00,0.00,0.00,0.00,0.00,0.00,0.00,0.00,0.00,0.00,0.00,0.00,0.00,0.00,0.00,0.00,NULL,NULL,NULL,NULL,NULL,NULL,NULL,NULL,NULL,NULL,NULL,NULL,0,0,0,0,0,0,0,0,0,0,0,0,0,0,0,0,0,0,0,0,0,0,0,0),
(142,148,'Draft','2021-01-25','2021-01-25',5,NULL,NULL,0.00,0.00,0.00,0.00,0.00,0.00,0.00,0.00,0.00,0.00,0.00,0.00,0.00,0.00,0.00,0.00,0.00,0.00,0.00,0.00,0.00,0.00,0.00,0.00,NULL,NULL,NULL,NULL,NULL,NULL,NULL,NULL,NULL,NULL,NULL,NULL,0,0,0,0,0,0,0,0,0,0,0,0,0,0,0,0,0,0,0,0,0,0,0,0),
(143,152,'Draft','2021-01-25','2021-01-25',5,NULL,NULL,0.00,0.00,0.00,0.00,0.00,0.00,0.00,0.00,0.00,0.00,0.00,0.00,0.00,0.00,0.00,0.00,0.00,0.00,0.00,0.00,0.00,0.00,0.00,0.00,NULL,NULL,NULL,NULL,NULL,NULL,NULL,NULL,NULL,NULL,NULL,NULL,0,0,0,0,0,0,0,0,0,0,0,0,0,0,0,0,0,0,0,0,0,0,0,0),
(144,158,'Draft','2021-01-25','2021-01-25',5,NULL,NULL,0.00,0.00,0.00,0.00,0.00,0.00,0.00,0.00,0.00,0.00,0.00,0.00,0.00,0.00,0.00,0.00,0.00,0.00,0.00,0.00,0.00,0.00,0.00,0.00,NULL,NULL,NULL,NULL,NULL,NULL,NULL,NULL,NULL,NULL,NULL,NULL,0,0,0,0,0,0,0,0,0,0,0,0,0,0,0,0,0,0,0,0,0,0,0,0),
(145,175,'Draft','2021-01-25','2021-01-25',5,NULL,NULL,0.00,0.00,0.00,0.00,0.00,0.00,0.00,0.00,0.00,0.00,0.00,0.00,0.00,0.00,0.00,0.00,0.00,0.00,0.00,0.00,0.00,0.00,0.00,0.00,NULL,NULL,NULL,NULL,NULL,NULL,NULL,NULL,NULL,NULL,NULL,NULL,0,0,0,0,0,0,0,0,0,0,0,0,0,0,0,0,0,0,0,0,0,0,0,0),
(146,329,'Draft','2021-01-25','2021-01-25',5,NULL,NULL,0.00,0.00,0.00,0.00,0.00,0.00,0.00,0.00,0.00,0.00,0.00,0.00,0.00,0.00,0.00,0.00,0.00,0.00,0.00,0.00,0.00,0.00,0.00,0.00,NULL,NULL,NULL,NULL,NULL,NULL,NULL,NULL,NULL,NULL,NULL,NULL,0,0,0,0,0,0,0,0,0,0,0,0,0,0,0,0,0,0,0,0,0,0,0,0),
(147,331,'Draft','2021-01-25','2021-01-25',5,NULL,NULL,0.00,0.00,0.00,0.00,0.00,0.00,0.00,0.00,0.00,0.00,0.00,0.00,0.00,0.00,0.00,0.00,0.00,0.00,0.00,0.00,0.00,0.00,0.00,0.00,NULL,NULL,NULL,NULL,NULL,NULL,NULL,NULL,NULL,NULL,NULL,NULL,0,0,0,0,0,0,0,0,0,0,0,0,0,0,0,0,0,0,0,0,0,0,0,0),
(148,332,'Draft','2021-01-25','2021-01-25',5,NULL,NULL,0.00,0.00,0.00,0.00,0.00,0.00,0.00,0.00,0.00,0.00,0.00,0.00,0.00,0.00,0.00,0.00,0.00,0.00,0.00,0.00,0.00,0.00,0.00,0.00,NULL,NULL,NULL,NULL,NULL,NULL,NULL,NULL,NULL,NULL,NULL,NULL,0,0,0,0,0,0,0,0,0,0,0,0,0,0,0,0,0,0,0,0,0,0,0,0),
(149,328,'Draft','2021-01-25','2021-01-25',5,NULL,NULL,0.00,0.00,0.00,0.00,0.00,0.00,0.00,0.00,0.00,0.00,0.00,0.00,0.00,0.00,0.00,0.00,0.00,0.00,0.00,0.00,0.00,0.00,0.00,0.00,'-',NULL,NULL,NULL,NULL,NULL,NULL,NULL,NULL,NULL,NULL,NULL,0,0,0,0,0,0,0,0,0,0,0,0,0,0,0,0,0,0,0,0,0,0,0,0),
(150,333,'Draft','2021-01-25','2021-01-25',5,NULL,NULL,0.00,0.00,0.00,0.00,0.00,0.00,0.00,0.00,0.00,0.00,0.00,0.00,0.00,0.00,0.00,0.00,0.00,0.00,0.00,0.00,0.00,0.00,0.00,0.00,NULL,NULL,NULL,NULL,NULL,NULL,NULL,NULL,NULL,NULL,NULL,NULL,0,0,0,0,0,0,0,0,0,0,0,0,0,0,0,0,0,0,0,0,0,0,0,0),
(151,334,'Draft','2021-01-25','2021-01-25',5,NULL,NULL,0.00,0.00,0.00,0.00,0.00,0.00,0.00,0.00,0.00,0.00,0.00,0.00,0.00,0.00,0.00,0.00,0.00,0.00,0.00,0.00,0.00,0.00,0.00,0.00,NULL,NULL,NULL,NULL,NULL,NULL,NULL,NULL,NULL,NULL,NULL,NULL,0,0,0,0,0,0,0,0,0,0,0,0,0,0,0,0,0,0,0,0,0,0,0,0),
(152,336,'Draft','2021-01-25','2021-01-25',5,NULL,NULL,0.00,0.00,0.00,0.00,0.00,0.00,0.00,0.00,0.00,0.00,0.00,0.00,0.00,0.00,0.00,0.00,0.00,0.00,0.00,0.00,0.00,0.00,0.00,0.00,NULL,NULL,NULL,NULL,NULL,NULL,NULL,NULL,NULL,NULL,NULL,NULL,0,0,0,0,0,0,0,0,0,0,0,0,0,0,0,0,0,0,0,0,0,0,0,0),
(153,337,'Draft','2021-01-25','2021-01-25',5,NULL,NULL,0.00,0.00,0.00,0.00,0.00,0.00,0.00,0.00,0.00,0.00,0.00,0.00,0.00,0.00,0.00,0.00,0.00,0.00,0.00,0.00,0.00,0.00,0.00,0.00,NULL,NULL,NULL,NULL,NULL,NULL,NULL,NULL,NULL,NULL,NULL,NULL,0,0,0,0,0,0,0,0,0,0,0,0,0,0,0,0,0,0,0,0,0,0,0,0),
(155,98,'Draft','2021-01-25','2021-01-25',5,NULL,NULL,0.00,0.00,0.00,0.00,0.00,0.00,0.00,0.00,0.00,0.00,0.00,0.00,0.00,0.00,0.00,0.00,0.00,0.00,0.00,0.00,0.00,0.00,0.00,0.00,NULL,NULL,NULL,NULL,NULL,NULL,NULL,NULL,NULL,NULL,NULL,NULL,0,0,0,0,0,0,0,0,0,0,0,0,0,0,0,0,0,0,0,0,0,0,0,0),
(156,162,'Draft','2021-01-25','2021-01-25',5,NULL,NULL,0.00,0.00,0.00,0.00,0.00,0.00,0.00,0.00,0.00,0.00,0.00,0.00,0.00,0.00,0.00,0.00,0.00,0.00,0.00,0.00,0.00,0.00,0.00,0.00,NULL,NULL,NULL,NULL,NULL,NULL,NULL,NULL,NULL,NULL,NULL,NULL,0,0,0,0,0,0,0,0,0,0,0,0,0,0,0,0,0,0,0,0,0,0,0,0),
(157,84,'Draft','2021-01-25','2021-01-25',5,NULL,NULL,0.00,0.00,0.00,0.00,0.00,0.00,0.00,0.00,0.00,0.00,0.00,0.00,0.00,0.00,0.00,0.00,0.00,0.00,0.00,0.00,0.00,0.00,0.00,0.00,NULL,NULL,NULL,NULL,NULL,NULL,NULL,NULL,NULL,NULL,NULL,NULL,0,0,0,0,0,0,0,0,0,0,0,0,0,0,0,0,0,0,0,0,0,0,0,0),
(158,97,'Draft','2021-01-25','2021-01-25',5,NULL,NULL,0.00,0.00,0.00,0.00,0.00,0.00,0.00,0.00,0.00,0.00,0.00,0.00,0.00,0.00,0.00,0.00,0.00,0.00,0.00,0.00,0.00,0.00,0.00,0.00,NULL,NULL,NULL,NULL,NULL,NULL,NULL,NULL,NULL,NULL,NULL,NULL,0,0,0,0,0,0,0,0,0,0,0,0,0,0,0,0,0,0,0,0,0,0,0,0),
(159,47,'Draft','2021-01-25','2021-01-25',5,NULL,NULL,0.00,180284.14,613924.40,647166.16,633090.82,438431.87,422559.68,59296.11,0.00,0.00,0.00,0.00,0.00,6.02,20.50,21.61,21.14,14.64,14.11,1.98,0.00,0.00,0.00,0.00,'-','Earthworks; Reinforced cnoncrete class-A; Reinforcing steel; Masonry works; Fab./Inst. of billboard','Earthworks; Reinforced cnoncrete class-A; Reinforcing steel; Masonry works; Plumbing & Electrical works','Reinforced cnoncrete class-A; Reinforcing steel; Masonry works','Reinforced cnoncrete class-A; Reinforcing steel; Masonry works; Steel & roof works','Carpentry & joinery works; Steel & roof works; Plumbing & electrical works','Masonry works; Carpentry & joinery works; Painting works','Painting works','-','-','-','-',0,25,29,25,25,23,23,0,0,0,0,0,0,0,0,0,0,0,0,0,0,0,0,0),
(161,55,'Draft','2021-01-25','2021-01-25',5,NULL,NULL,0.00,141810.74,980712.23,721265.87,648491.29,0.00,0.00,0.00,0.00,0.00,0.00,0.00,0.00,5.69,39.35,28.94,26.02,0.00,0.00,0.00,0.00,0.00,0.00,0.00,NULL,'Removal of old roofing; Structural steel truss; Fab./Inst. of billboard','Structural steel truss; Tinsmithry works','Tinsmithry works; Painting works','Painting works; Stage (phase-1)',NULL,NULL,NULL,NULL,NULL,NULL,NULL,0,17,17,19,18,0,0,0,0,0,0,0,0,0,0,0,0,0,0,0,0,0,0,0),
(162,81,'Draft','2021-01-25','2021-01-25',5,NULL,NULL,6543529.29,2241124.20,2899232.10,2632431.60,5446682.79,0.00,0.00,0.00,0.00,0.00,0.00,0.00,33.11,11.34,14.67,13.32,27.56,0.00,0.00,0.00,0.00,0.00,0.00,0.00,'Field office (rental), operation & maintenance; Project billboard; Occupational health & safety program; Traffic mgnt.; Mobilization; Detour; Removal of bridge struc.; Excavation; Foundation fill; Pre-cast concrete piles furnish & driven; Test piles, Splices; Pre-stressed conrete members; Lean concrete; Elastormeric bearing pads; Preformed cork joint expansion','Field office (rental), operation & maintenace; Occupational health & safety program; Traffic mgnt.; Pre-stressed conrete members; Reinforcing steel (G-60)','Field office (rental), operation & maintenace; Occupational health & safety program; Traffic mgnt.; Reinforcing steel (G-60); Struc. conc. class-A (14 days)-20.68MPA','Field office (rental), operation & maintenace; Occupational health & safety program; Traffic mgnt.; Reinforcing steel (G-60); Struc. conc. class-A (14 days)-20.68MPA; Struc. conc. class-A (14 days)-27.58MPA; Grouted riprap (class-A)','Field office (rental), operation & maintenace; Occupational health & safety program; Traffic mgnt.; Demobilization; Ebankment fr. Borrow; Aggrgate subbase coarse; Pccp; Conc. railing; Struc. conc. class-A (14days)-27.58MPA; Painting; Grouted riprap (class-A); Gabions; Metal guardrails; Regulatory signs; Pavement markings',NULL,NULL,NULL,NULL,NULL,NULL,NULL,28,26,26,29,32,0,0,0,0,0,0,0,0,0,0,0,0,0,0,0,0,0,0,0),
(163,85,'Draft','2021-01-25','2021-01-25',5,NULL,NULL,9806547.97,1042871.57,1230509.44,1350992.71,1753920.36,1078424.01,774253.13,637968.78,768327.73,630068.24,495759.02,181712.47,49.65,5.28,6.23,6.84,8.88,5.46,3.92,3.23,3.89,3.19,2.51,0.92,'Dialysis clinic; Renovation of private rooms; Powerhouse & workshop','Renovation of private rooms; Powerhouse & workshop; Upgrading of electrical system','Renovation of private rooms; Upgrading of electrical system','Dialysis clinic; Renovation of private rooms; Upgrading of electrical system','Dialysis clinic; Renovation of private rooms; Upgrading of electrical system','Dialysis clinic; Renovation of private rooms; Upgrading of electrical system','Dialysis clinic; Renovation of private rooms','Dialysis clinic; Renovation of private rooms','Dialysis clinic; Renovation of private rooms','Dialysis clinic; Renovation of private rooms','Dialysis clinic','Dialysis clinic',16,16,14,20,20,20,12,12,12,12,10,10,0,0,0,0,0,0,0,0,0,0,0,0),
(164,312,'Draft','2021-01-25','2021-01-26',17,NULL,NULL,0.00,0.00,0.00,0.00,0.00,0.00,0.00,0.00,0.00,0.00,0.00,10231862.17,0.00,0.00,0.00,0.00,0.00,0.00,0.00,0.00,0.00,0.00,0.00,63.10,NULL,NULL,NULL,NULL,NULL,NULL,NULL,NULL,NULL,NULL,NULL,'Delivery/ Inspection Report and Geotagged Photos, SWA for Infra',0,0,0,0,0,0,0,0,0,0,0,0,0,0,0,0,0,0,0,0,0,0,0,0),
(165,301,'Draft','2021-01-25','2021-01-26',17,NULL,NULL,0.00,0.00,0.00,0.00,0.00,0.00,0.00,0.00,0.00,0.00,0.00,2670400.00,0.00,0.00,0.00,0.00,0.00,0.00,0.00,0.00,0.00,0.00,0.00,57.97,NULL,NULL,NULL,NULL,NULL,NULL,NULL,NULL,NULL,NULL,NULL,'Delivery/ Inspection Report and Geotagged Photos, SWA for Infra',0,0,0,0,0,0,0,0,0,0,0,0,0,0,0,0,0,0,0,0,0,0,0,0),
(166,303,'Draft','2021-01-25','2021-01-26',17,NULL,NULL,0.00,0.00,0.00,0.00,0.00,0.00,0.00,0.00,0.00,0.00,0.00,777600.00,0.00,0.00,0.00,0.00,0.00,0.00,0.00,0.00,0.00,0.00,0.00,69.44,NULL,NULL,NULL,NULL,NULL,NULL,NULL,NULL,NULL,NULL,NULL,'Delivery/ Inspection Report and Geotagged Photos, SWA for Infra',0,0,0,0,0,0,0,0,0,0,0,0,0,0,0,0,0,0,0,0,0,0,0,0),
(167,343,'Draft','2021-01-25','2021-01-26',17,NULL,NULL,0.00,0.00,0.00,0.00,0.00,1199200.00,0.00,0.00,0.00,0.00,0.00,0.00,0.00,0.00,0.00,0.00,0.00,0.00,8.00,0.00,0.00,0.00,0.00,0.00,NULL,NULL,NULL,NULL,NULL,NULL,NULL,'100% delivered',NULL,NULL,NULL,NULL,0,0,0,0,0,0,0,0,0,0,0,0,0,0,0,0,0,0,0,0,0,0,0,0),
(168,346,'Draft','2021-01-25','2021-01-26',17,NULL,NULL,0.00,0.00,0.00,0.00,0.00,0.00,0.00,0.00,0.00,0.00,0.00,1498500.00,0.00,0.00,0.00,0.00,0.00,0.00,0.00,0.00,0.00,0.00,0.00,30.00,NULL,NULL,NULL,NULL,NULL,NULL,NULL,NULL,NULL,NULL,NULL,'100% delivered',0,0,0,0,0,0,0,0,0,0,0,0,0,0,0,0,0,0,0,0,0,0,0,0),
(169,347,'Draft','2021-01-25','2021-01-26',17,NULL,NULL,0.00,0.00,0.00,1345950.00,0.00,0.00,0.00,0.00,0.00,0.00,0.00,0.00,0.00,0.00,0.00,NULL,0.00,0.00,0.00,0.00,0.00,0.00,0.00,0.00,NULL,NULL,NULL,NULL,NULL,NULL,'partially delivered',NULL,NULL,NULL,NULL,NULL,0,0,0,0,0,0,0,0,0,0,0,0,0,0,0,0,0,0,0,0,0,0,0,0),
(170,349,'Draft','2021-01-25','2021-01-26',17,NULL,NULL,0.00,0.00,0.00,0.00,0.00,0.00,0.00,0.00,4595400.00,0.00,0.00,0.00,0.00,0.00,0.00,0.00,0.00,0.00,0.00,0.00,92.00,0.00,0.00,0.00,NULL,NULL,NULL,NULL,NULL,NULL,NULL,NULL,NULL,NULL,NULL,'100% delivered',0,0,0,0,0,0,0,0,0,0,0,0,0,0,0,0,0,0,0,0,0,0,0,0),
(171,348,'Draft','2021-01-25','2021-01-26',17,NULL,NULL,0.00,0.00,0.00,1280495.00,0.00,0.00,0.00,0.00,0.00,0.00,0.00,0.00,0.00,0.00,0.00,NULL,0.00,0.00,0.00,0.00,0.00,0.00,0.00,0.00,NULL,NULL,NULL,NULL,NULL,NULL,NULL,NULL,'100% delivered',NULL,NULL,NULL,0,0,0,0,0,0,0,0,0,0,0,0,0,0,0,0,0,0,0,0,0,0,0,0),
(174,345,'Draft','2021-01-25','2021-01-26',17,NULL,NULL,0.00,0.00,0.00,0.00,0.00,0.00,0.00,0.00,0.00,0.00,0.00,1495000.00,0.00,0.00,0.00,0.00,0.00,0.00,0.00,0.00,0.00,0.00,0.00,1.00,NULL,NULL,NULL,NULL,NULL,NULL,NULL,NULL,NULL,NULL,NULL,'100% delivered',0,0,0,0,0,0,0,0,0,0,0,0,0,0,0,0,0,0,0,0,0,0,0,0),
(175,311,'Draft','2021-01-25','2021-01-26',17,NULL,NULL,0.00,0.00,0.00,0.00,0.00,0.00,0.00,0.00,0.00,0.00,0.00,5973173.97,0.00,0.00,0.00,0.00,0.00,0.00,0.00,0.00,0.00,0.00,0.00,79.99,NULL,NULL,NULL,NULL,NULL,NULL,NULL,NULL,NULL,NULL,NULL,'Delivery/ Inspection Report and Geotagged Photos, SWA for Infra',0,0,0,0,0,0,0,0,0,0,0,0,0,0,0,0,0,0,0,0,0,0,0,0),
(176,305,'Endorsed','2021-01-26','2021-01-26',17,NULL,'- Packages under 2nd tranche on-going procurement\r\n- Infra 100% completed',0.00,0.00,0.00,0.00,0.00,0.00,0.00,0.00,0.00,0.00,0.00,1740000.00,0.00,0.00,0.00,0.00,0.00,0.00,0.00,0.00,0.00,0.00,0.00,77.93,NULL,NULL,NULL,NULL,NULL,NULL,NULL,NULL,NULL,NULL,NULL,'Delivery/ Inspection Report and Geotagged Photos, SWA for Infra',0,0,0,0,0,0,0,0,0,0,0,0,0,0,0,0,0,0,0,0,0,0,0,0),
(177,306,'Draft','2021-01-26','2021-01-26',17,NULL,NULL,0.00,0.00,0.00,0.00,0.00,0.00,0.00,0.00,0.00,0.00,0.00,800000.00,0.00,0.00,0.00,0.00,0.00,0.00,0.00,0.00,0.00,0.00,0.00,47.00,NULL,NULL,NULL,NULL,NULL,NULL,NULL,NULL,NULL,NULL,NULL,'Delivery/ Inspection Report and Geotagged Photos, SWA for Infra',0,0,0,0,0,0,0,0,0,0,0,0,0,0,0,0,0,0,0,0,0,0,0,0),
(178,307,'Draft','2021-01-26','2021-01-26',17,NULL,NULL,0.00,0.00,0.00,0.00,0.00,0.00,0.00,0.00,0.00,0.00,0.00,761376.00,0.00,0.00,0.00,0.00,0.00,0.00,0.00,0.00,0.00,0.00,0.00,83.22,NULL,NULL,NULL,NULL,NULL,NULL,NULL,NULL,NULL,NULL,NULL,'Delivery/ Inspection Report and Geotagged Photos, SWA for Infra',0,0,0,0,0,0,0,0,0,0,0,0,0,0,0,0,0,0,0,0,0,0,0,0),
(179,308,'Draft','2021-01-26','2021-01-26',17,NULL,NULL,0.00,0.00,0.00,0.00,0.00,0.00,0.00,0.00,0.00,0.00,0.00,800000.00,0.00,0.00,0.00,0.00,0.00,0.00,0.00,0.00,0.00,0.00,0.00,49.75,NULL,NULL,NULL,NULL,NULL,NULL,NULL,NULL,NULL,NULL,NULL,'Delivery/ Inspection Report and Geotagged Photos, SWA for Infra',0,0,0,0,0,0,0,0,0,0,0,0,0,0,0,0,0,0,0,0,0,0,0,0),
(180,309,'Draft','2021-01-26','2021-01-26',17,NULL,NULL,0.00,0.00,0.00,0.00,0.00,0.00,0.00,0.00,0.00,0.00,0.00,568393.60,0.00,0.00,0.00,0.00,0.00,0.00,0.00,0.00,0.00,0.00,0.00,86.77,NULL,NULL,NULL,NULL,NULL,NULL,NULL,NULL,NULL,NULL,NULL,'Delivery/ Inspection Report and Geotagged Photos, SWA for Infra',0,0,0,0,0,0,0,0,0,0,0,0,0,0,0,0,0,0,0,0,0,0,0,0),
(182,223,'Draft','2021-01-26','2021-01-26',17,NULL,NULL,0.00,0.00,0.00,0.00,1724640.00,0.00,0.00,0.00,0.00,0.00,0.00,0.00,0.00,0.00,0.00,0.00,44780.00,0.00,0.00,0.00,0.00,0.00,0.00,0.00,NULL,NULL,NULL,NULL,'100% delivered',NULL,NULL,NULL,NULL,NULL,NULL,NULL,0,0,0,0,0,0,0,0,0,0,0,0,0,0,0,0,0,0,0,0,0,0,0,0),
(184,34,'Draft','2021-01-26','2021-01-26',5,NULL,NULL,0.00,0.00,0.00,0.00,0.00,0.00,0.00,0.00,0.00,0.00,0.00,0.00,0.00,0.00,0.00,0.00,0.00,0.00,0.00,0.00,0.00,0.00,0.00,0.00,NULL,NULL,NULL,NULL,NULL,NULL,NULL,NULL,NULL,NULL,NULL,NULL,0,0,0,0,0,0,0,0,0,0,0,0,0,0,0,0,0,0,0,0,0,0,0,0),
(185,39,'Draft','2021-01-26','2021-01-26',5,NULL,NULL,0.00,0.00,0.00,0.00,0.00,0.00,0.00,0.00,0.00,0.00,0.00,0.00,0.00,0.00,0.00,0.00,0.00,0.00,0.00,0.00,0.00,0.00,0.00,0.00,NULL,NULL,NULL,NULL,NULL,NULL,NULL,NULL,NULL,NULL,NULL,NULL,0,0,0,0,0,0,0,0,0,0,0,0,0,0,0,0,0,0,0,0,0,0,0,0),
(186,63,'Draft','2021-01-26','2021-01-26',5,NULL,NULL,0.00,0.00,0.00,0.00,0.00,0.00,0.00,0.00,0.00,0.00,0.00,0.00,0.00,0.00,0.00,0.00,0.00,0.00,0.00,0.00,0.00,0.00,0.00,0.00,NULL,NULL,NULL,NULL,NULL,NULL,NULL,NULL,NULL,NULL,NULL,NULL,0,0,0,0,0,0,0,0,0,0,0,0,0,0,0,0,0,0,0,0,0,0,0,0),
(187,68,'Draft','2021-01-26','2021-01-26',5,NULL,NULL,0.00,0.00,0.00,0.00,0.00,0.00,0.00,0.00,0.00,0.00,0.00,0.00,0.00,0.00,0.00,0.00,0.00,0.00,0.00,0.00,0.00,0.00,0.00,0.00,NULL,NULL,NULL,NULL,NULL,NULL,NULL,NULL,NULL,NULL,NULL,NULL,0,0,0,0,0,0,0,0,0,0,0,0,0,0,0,0,0,0,0,0,0,0,0,0),
(188,79,'Draft','2021-01-26','2021-01-26',5,NULL,NULL,0.00,0.00,0.00,0.00,0.00,0.00,0.00,0.00,0.00,0.00,0.00,0.00,0.00,0.00,0.00,0.00,0.00,0.00,0.00,0.00,0.00,0.00,0.00,0.00,NULL,NULL,NULL,NULL,NULL,NULL,NULL,NULL,NULL,NULL,NULL,NULL,0,0,0,0,0,0,0,0,0,0,0,0,0,0,0,0,0,0,0,0,0,0,0,0),
(189,82,'Draft','2021-01-26','2021-01-26',5,NULL,NULL,0.00,0.00,0.00,0.00,0.00,0.00,0.00,0.00,0.00,0.00,0.00,0.00,0.00,0.00,0.00,0.00,0.00,0.00,0.00,0.00,0.00,0.00,0.00,0.00,NULL,NULL,NULL,NULL,NULL,NULL,NULL,NULL,NULL,NULL,NULL,NULL,0,0,0,0,0,0,0,0,0,0,0,0,0,0,0,0,0,0,0,0,0,0,0,0),
(190,90,'Draft','2021-01-26','2021-01-26',5,NULL,NULL,0.00,0.00,0.00,0.00,0.00,0.00,0.00,0.00,0.00,0.00,0.00,0.00,0.00,0.00,0.00,0.00,0.00,0.00,0.00,0.00,0.00,0.00,0.00,0.00,NULL,NULL,NULL,NULL,NULL,NULL,NULL,NULL,NULL,NULL,NULL,NULL,0,0,0,0,0,0,0,0,0,0,0,0,0,0,0,0,0,0,0,0,0,0,0,0);

/*Table structure for table `agency_form2s` */

DROP TABLE IF EXISTS `agency_form2s`;

CREATE TABLE `agency_form2s` (
  `id` int(11) NOT NULL AUTO_INCREMENT,
  `status` varchar(10) DEFAULT NULL,
  `created_at` date NOT NULL,
  `updated_at` date NOT NULL,
  `period` varchar(11) DEFAULT NULL,
  `agency_id` int(11) DEFAULT NULL,
  `nro_status_review` varchar(20) DEFAULT NULL,
  `nro_remarks` text DEFAULT NULL,
  PRIMARY KEY (`id`) USING BTREE
) ENGINE=InnoDB AUTO_INCREMENT=25 DEFAULT CHARSET=utf8mb4 ROW_FORMAT=DYNAMIC;

/*Data for the table `agency_form2s` */

insert  into `agency_form2s`(`id`,`status`,`created_at`,`updated_at`,`period`,`agency_id`,`nro_status_review`,`nro_remarks`) values 
(1,'Draft','2021-01-18','2021-01-21','2020-12',276,NULL,NULL),
(2,'Draft','2021-01-18','2021-01-18','2020-12',49,NULL,NULL),
(3,'Draft','2021-01-18','2021-01-18','2020-12',46,NULL,NULL),
(4,'Draft','2021-01-18','2021-01-18','2020-12',27,NULL,NULL),
(5,'Draft','2021-01-18','2021-01-18','2020-12',47,NULL,NULL),
(6,'Draft','2021-01-18','2021-01-18','2020-12',53,NULL,NULL),
(7,'Draft','2021-01-18','2021-01-18','2020-12',44,NULL,NULL),
(8,'Draft','2021-01-18','2021-01-18','2020-12',29,NULL,NULL),
(9,'Draft','2021-01-18','2021-01-18','2020-12',41,NULL,NULL),
(10,'Draft','2021-01-18','2021-01-18','2020-12',30,NULL,NULL),
(11,'Draft','2021-01-18','2021-01-18','2020-12',12,NULL,NULL),
(12,'Submitted','2021-01-18','2021-01-22','2020-12',13,NULL,NULL),
(13,'Draft','2021-01-18','2021-01-18','2020-12',15,NULL,NULL),
(14,'Draft','2021-01-18','2021-01-18','2020-12',50,NULL,NULL),
(15,'Draft','2021-01-18','2021-01-18','2020-12',14,NULL,NULL),
(16,'Draft','2021-01-18','2021-01-18','2020-12',45,NULL,NULL),
(17,'Draft','2021-01-19','2021-01-19','2020-12',43,NULL,NULL),
(18,'Draft','2021-01-19','2021-01-19','2020-12',48,NULL,NULL),
(19,'Draft','2021-01-19','2021-01-19','2020-12',51,NULL,NULL),
(20,'Submitted','2021-01-19','2021-01-19','2020-12',22,NULL,NULL),
(21,'Draft','2021-01-21','2021-01-21','2020-12',280,NULL,NULL),
(22,'Draft','2021-01-21','2021-01-21','2020-12',16,NULL,NULL),
(23,'Draft','2021-01-21','2021-01-21','2020-12',8,NULL,NULL),
(24,'Draft','2021-01-21','2021-01-21','2020-12',279,NULL,NULL);

/*Table structure for table `agency_form2s_projects` */

DROP TABLE IF EXISTS `agency_form2s_projects`;

CREATE TABLE `agency_form2s_projects` (
  `id` int(11) NOT NULL AUTO_INCREMENT,
  `project_id` int(11) DEFAULT NULL,
  `status` varchar(10) DEFAULT NULL,
  `created_at` date NOT NULL,
  `updated_at` date NOT NULL,
  `agency_form2s_id` int(11) DEFAULT NULL,
  `nro_remarks` text DEFAULT NULL,
  `agency_remarks` text DEFAULT NULL,
  `alloc_asof` decimal(20,2) DEFAULT 0.00,
  `alloc_month` decimal(20,2) DEFAULT 0.00,
  `releases_asof` decimal(20,2) DEFAULT 0.00,
  `releases_month` decimal(20,2) DEFAULT 0.00,
  `obligations_asof` decimal(20,2) DEFAULT 0.00,
  `obligations_month` decimal(20,2) DEFAULT 0.00,
  `expenditures_asof` decimal(20,2) DEFAULT 0.00,
  `expenditures_month` decimal(20,2) DEFAULT 0.00,
  `male` int(11) DEFAULT 0,
  `female` int(11) DEFAULT 0,
  `oi` text DEFAULT NULL,
  `ttd` decimal(20,2) DEFAULT 0.00,
  `tftm` decimal(20,2) DEFAULT 0.00,
  `atd` decimal(20,2) DEFAULT 0.00,
  `aftm` decimal(20,2) DEFAULT 0.00,
  PRIMARY KEY (`id`) USING BTREE
) ENGINE=InnoDB AUTO_INCREMENT=224 DEFAULT CHARSET=utf8mb4 ROW_FORMAT=DYNAMIC;

/*Data for the table `agency_form2s_projects` */

insert  into `agency_form2s_projects`(`id`,`project_id`,`status`,`created_at`,`updated_at`,`agency_form2s_id`,`nro_remarks`,`agency_remarks`,`alloc_asof`,`alloc_month`,`releases_asof`,`releases_month`,`obligations_asof`,`obligations_month`,`expenditures_asof`,`expenditures_month`,`male`,`female`,`oi`,`ttd`,`tftm`,`atd`,`aftm`) values 
(1,3,'Draft','2021-01-18','2021-01-18',4,NULL,NULL,0.00,0.00,0.00,0.00,0.00,0.00,0.00,0.00,0,0,'Canal',0.00,0.00,0.00,0.00),
(2,2,'Endorsed','2021-01-18','2021-01-21',1,NULL,'Sample Remarks',0.00,0.00,0.00,0.00,0.00,0.00,0.00,0.00,2,0,'SAMPLE OUTPUT INDICATOR',0.00,777.00,0.00,0.00),
(3,6,'Draft','2021-01-18','2021-01-18',9,NULL,NULL,0.00,0.00,0.00,0.00,0.00,0.00,0.00,0.00,0,0,NULL,0.00,0.00,0.00,0.00),
(4,26,'Draft','2021-01-18','2021-01-18',9,NULL,NULL,6000000.00,0.00,6000000.00,0.00,5700000.00,0.00,5700000.00,0.00,24,0,'(1)Concrete Structure is finished. (2)Trusses were installed.  (3) Windows were partially installed.',0.00,5.00,95.00,0.00),
(5,21,'Endorsed','2021-01-18','2021-01-18',3,NULL,'For Review by my Head of Office',0.00,0.00,0.00,0.00,0.00,0.00,0.00,0.00,0,0,NULL,0.00,0.00,0.00,0.00),
(6,27,'Draft','2021-01-18','2021-01-18',12,NULL,NULL,4313484.00,4313484.00,0.00,0.00,4300000.00,4300000.00,0.00,0.00,8,5,'Number of Activated Sites',28.00,28.00,0.00,0.00),
(7,44,'Draft','2021-01-18','2021-01-18',9,NULL,NULL,26123000.00,0.00,26123000.00,0.00,26123000.00,1177586.00,26123000.00,1177586.00,34,1,'All the works are finished.',0.00,0.00,100.00,0.00),
(8,54,'Draft','2021-01-18','2021-01-18',15,NULL,NULL,0.00,0.00,0.00,0.00,0.00,0.00,0.00,0.00,0,0,NULL,0.00,0.00,0.00,0.00),
(9,70,'Draft','2021-01-18','2021-01-20',13,NULL,NULL,108350.00,0.00,108350.00,0.00,108339.00,0.00,15410.00,0.00,15,4,'135.95 sq.m.',100.00,52.00,25.00,0.00),
(10,72,'Draft','2021-01-18','2021-01-18',12,NULL,NULL,7414624.00,7414624.00,0.00,0.00,7400000.00,7400000.00,0.00,0.00,8,5,'Number of Activated Sites',50.00,50.00,0.00,0.00),
(11,5,'Draft','2021-01-18','2021-01-18',16,NULL,NULL,0.00,0.00,0.00,0.00,0.00,0.00,0.00,0.00,0,0,NULL,0.00,0.00,0.00,0.00),
(12,25,'Draft','2021-01-18','2021-01-18',16,NULL,NULL,0.00,0.00,0.00,0.00,0.00,0.00,0.00,0.00,0,0,NULL,0.00,0.00,0.00,0.00),
(13,35,'Draft','2021-01-18','2021-01-18',16,NULL,NULL,0.00,0.00,0.00,0.00,0.00,0.00,0.00,0.00,0,0,NULL,0.00,0.00,0.00,0.00),
(14,38,'Draft','2021-01-18','2021-01-18',16,NULL,NULL,0.00,0.00,0.00,0.00,0.00,0.00,0.00,0.00,0,0,NULL,0.00,0.00,0.00,0.00),
(15,95,'Draft','2021-01-19','2021-01-20',13,NULL,NULL,118200.00,0.00,118200.00,0.00,118200.00,0.00,94927.00,21297.00,15,4,'1374.5 L.m.',94.00,61.00,50.00,5.00),
(16,19,'Draft','2021-01-19','2021-01-25',18,NULL,NULL,6968680.00,NULL,NULL,0.00,6968680.00,NULL,0.00,0.00,0,0,'#of heads',100.00,140.00,101.00,101.00),
(17,51,'Draft','2021-01-19','2021-01-19',19,NULL,NULL,0.00,0.00,0.00,0.00,0.00,0.00,0.00,0.00,0,0,NULL,0.00,0.00,0.00,0.00),
(18,7,'Draft','2021-01-19','2021-01-19',8,NULL,NULL,0.00,0.00,0.00,0.00,0.00,0.00,0.00,0.00,0,0,NULL,0.00,0.00,0.00,0.00),
(19,93,'Draft','2021-01-19','2021-01-19',12,NULL,NULL,19718784.00,19718784.00,0.00,0.00,19710000.00,19710000.00,0.00,0.00,8,5,'Number of Activated Sites',128.00,128.00,0.00,0.00),
(20,101,'Draft','2021-01-19','2021-01-19',9,NULL,NULL,0.00,0.00,0.00,0.00,0.00,0.00,0.00,0.00,0,0,NULL,0.00,0.00,0.00,0.00),
(21,106,'Draft','2021-01-19','2021-01-19',9,NULL,NULL,0.00,0.00,0.00,0.00,0.00,0.00,0.00,0.00,0,0,NULL,0.00,0.00,0.00,0.00),
(22,117,'Draft','2021-01-19','2021-01-19',9,NULL,NULL,0.00,0.00,0.00,0.00,0.00,0.00,0.00,0.00,0,0,NULL,0.00,0.00,0.00,0.00),
(23,108,'Draft','2021-01-19','2021-01-19',9,NULL,NULL,0.00,0.00,0.00,0.00,0.00,0.00,0.00,0.00,0,0,NULL,0.00,0.00,0.00,0.00),
(24,109,'Draft','2021-01-19','2021-01-19',9,NULL,NULL,0.00,0.00,0.00,0.00,0.00,0.00,0.00,0.00,0,0,NULL,0.00,0.00,0.00,0.00),
(25,110,'Draft','2021-01-19','2021-01-19',9,NULL,NULL,0.00,0.00,0.00,0.00,0.00,0.00,0.00,0.00,0,0,NULL,0.00,0.00,0.00,0.00),
(26,111,'Draft','2021-01-19','2021-01-19',9,NULL,NULL,0.00,0.00,0.00,0.00,0.00,0.00,0.00,0.00,0,0,NULL,0.00,0.00,0.00,0.00),
(27,112,'Draft','2021-01-19','2021-01-19',9,NULL,NULL,0.00,0.00,0.00,0.00,0.00,0.00,0.00,0.00,0,0,NULL,0.00,0.00,0.00,0.00),
(28,115,'Draft','2021-01-19','2021-01-19',9,NULL,NULL,0.00,0.00,0.00,0.00,0.00,0.00,0.00,0.00,0,0,NULL,0.00,0.00,0.00,0.00),
(29,30,'Draft','2021-01-19','2021-01-19',20,NULL,NULL,5.00,5.00,1.00,1.00,1.00,1.00,1.00,1.00,4,0,'Source Development',8.00,8.00,1.00,1.00),
(30,114,'Draft','2021-01-19','2021-01-20',17,NULL,NULL,3550629.00,0.00,3550629.00,0.00,3538193.00,0.00,3538193.00,0.00,13,0,'Percentage of work accomplishment',95.00,43.00,100.00,48.00),
(31,99,'Draft','2021-01-19','2021-01-20',13,NULL,NULL,123125.00,0.00,123125.00,0.00,123125.00,0.00,60634.00,17002.00,18,4,'981.54 L.m.',96.00,69.00,63.00,48.00),
(32,102,'Draft','2021-01-19','2021-01-20',13,NULL,NULL,108350.00,0.00,108350.00,0.00,108350.00,0.00,89020.00,16597.00,15,4,'5929.86 l.m.',74.00,73.00,69.00,57.00),
(33,123,'Draft','2021-01-19','2021-01-20',13,NULL,NULL,108350.00,0.00,108350.00,0.00,108350.00,0.00,15587.00,0.00,15,4,'.7',93.00,82.00,77.00,52.00),
(34,124,'Draft','2021-01-19','2021-01-20',13,NULL,NULL,13002.00,0.00,13002.00,0.00,12738.00,0.00,5107.00,5107.00,16,4,'.62',100.00,75.00,62.00,46.00),
(35,125,'Draft','2021-01-19','2021-01-20',13,NULL,NULL,47379.00,0.00,47379.00,0.00,47379.00,0.00,11040.00,0.00,25,5,'.62',100.00,91.00,62.00,41.00),
(36,134,'Draft','2021-01-19','2021-01-20',13,NULL,NULL,49250.00,0.00,49250.00,0.00,48250.00,0.00,110998.00,0.00,20,5,'.61',100.00,92.00,61.00,40.00),
(37,137,'Draft','2021-01-19','2021-01-20',13,NULL,NULL,9111.00,0.00,9111.00,0.00,9111.00,0.00,4598.00,0.00,15,3,'.92',100.00,73.00,92.00,77.00),
(38,140,'Draft','2021-01-19','2021-01-20',13,NULL,NULL,49250.00,0.00,49250.00,0.00,49030.00,0.00,49030.00,0.00,20,4,'530 l.m.',100.00,69.00,100.00,15.00),
(39,143,'Draft','2021-01-19','2021-01-20',13,NULL,NULL,108350.00,0.00,108350.00,0.00,108350.00,0.00,15606.00,0.00,15,5,'77.407 l.m.',73.00,41.00,1.00,1.00),
(40,144,'Draft','2021-01-19','2021-01-20',13,NULL,NULL,112290.00,0.00,112290.00,0.00,112115.00,0.00,54512.00,27549.00,15,5,'4583.94 l.m.',85.00,11.00,57.00,2.00),
(41,146,'Draft','2021-01-20','2021-01-20',13,NULL,NULL,108350.00,0.00,108350.00,0.00,108350.00,0.00,53535.00,0.00,15,5,'2579.2 l.m.',88.00,53.00,64.00,39.00),
(42,151,'Draft','2021-01-20','2021-01-20',13,NULL,NULL,108350.00,0.00,108350.00,0.00,108350.00,0.00,15604.00,0.00,15,5,'1143.9 l.m.',87.00,44.00,31.00,10.00),
(43,153,'Draft','2021-01-20','2021-01-20',13,NULL,NULL,98500.00,0.00,98500.00,0.00,98180.00,0.00,72829.00,24591.00,15,5,'3500 l.m',100.00,54.00,70.00,38.00),
(44,180,'Draft','2021-01-20','2021-01-20',13,NULL,NULL,128050.00,0.00,128050.00,0.00,128050.00,0.00,104809.00,0.00,15,5,'3401.7 l.m.',100.00,23.00,85.00,0.00),
(45,157,'Draft','2021-01-20','2021-01-20',13,NULL,NULL,97318.00,0.00,97318.00,0.00,95391.00,0.00,56231.00,28061.00,15,5,'293.28 l.m.',100.00,35.00,94.00,34.00),
(46,160,'Draft','2021-01-20','2021-01-20',13,NULL,NULL,97417.00,0.00,97417.00,0.00,97417.00,0.00,83466.00,25304.00,15,5,'314.28 l.m.',100.00,40.00,97.00,31.00),
(47,161,'Draft','2021-01-20','2021-01-20',13,NULL,NULL,97614.00,0.00,97614.00,0.00,97614.00,0.00,56461.00,0.00,15,5,'394.8 l.m.',100.00,29.00,84.00,19.00),
(48,168,'Draft','2021-01-20','2021-01-20',13,NULL,NULL,122065.00,0.00,122065.00,0.00,122065.00,0.00,96738.00,0.00,15,5,'5653 l.m.',96.00,31.00,78.00,1.00),
(50,171,'Draft','2021-01-20','2021-01-20',13,NULL,NULL,147750.00,0.00,147750.00,0.00,147750.00,0.00,96738.00,0.00,18,5,'254.34',89.00,15.00,86.00,13.00),
(52,181,'Draft','2021-01-20','2021-01-20',13,NULL,NULL,0.00,0.00,0.00,0.00,0.00,0.00,0.00,0.00,0,0,NULL,0.00,0.00,0.00,0.00),
(53,182,'Draft','2021-01-20','2021-01-20',13,NULL,NULL,49250.00,0.00,49250.00,0.00,49165.00,0.00,36914.00,0.00,10,3,'3496 l.m.',100.00,56.00,95.00,1.00),
(54,183,'Draft','2021-01-20','2021-01-20',13,NULL,NULL,147750.00,0.00,147750.00,0.00,147750.00,0.00,113745.00,13013.00,20,5,'17947.8',100.00,26.00,78.00,4.00),
(55,185,'Draft','2021-01-20','2021-01-20',13,NULL,NULL,147750.00,0.00,147750.00,0.00,144750.00,0.00,64155.00,0.00,20,5,'11237.16 l.m.',86.00,50.00,66.00,5.00),
(56,186,'Draft','2021-01-20','2021-01-20',13,NULL,NULL,78800.00,0.00,78800.00,0.00,78792.00,0.00,28400.00,28400.00,15,4,'1286 sq.m.',67.00,29.00,32.00,0.00),
(57,187,'Draft','2021-01-20','2021-01-20',13,NULL,NULL,147750.00,0.00,147750.00,0.00,147750.00,0.00,76668.00,0.00,20,5,'13163.82 l.m.',97.00,32.00,69.00,32.00),
(58,190,'Draft','2021-01-20','2021-01-20',13,NULL,NULL,119057.00,0.00,119057.00,0.00,116640.00,0.00,69579.00,26579.00,15,5,'672.52 sq.m.',94.00,25.00,78.00,24.00),
(59,191,'Draft','2021-01-20','2021-01-20',13,NULL,NULL,197000.00,0.00,197000.00,0.00,197000.00,0.00,115818.00,0.00,25,5,'.902',60.00,21.00,90.00,13.00),
(60,192,'Draft','2021-01-20','2021-01-20',13,NULL,NULL,54175.00,0.00,54175.00,0.00,53075.00,0.00,53075.00,0.00,12,4,'223.22 l.m.',100.00,57.00,90.00,0.00),
(61,219,'Draft','2021-01-20','2021-01-20',13,NULL,NULL,211950.00,0.00,204531.00,0.00,204420.00,0.00,204420.00,0.00,30,8,'20000LM',100.00,0.00,100.00,0.00),
(62,126,'Draft','2021-01-20','2021-01-20',17,NULL,NULL,2383677.00,0.00,2383677.00,0.00,2379898.00,0.00,1028344.00,0.00,20,0,'Percentage of work accomplishment',90.00,44.00,100.00,54.00),
(63,220,'Draft','2021-01-20','2021-01-20',13,NULL,NULL,160000.00,0.00,154400.00,0.00,154168.00,0.00,154168.00,0.00,20,5,'18322 LM',100.00,0.00,100.00,100.00),
(64,127,'Draft','2021-01-20','2021-01-20',17,NULL,NULL,2088282.00,0.00,2088282.00,0.00,2086750.00,0.00,2086750.00,0.00,14,0,'Percentage of work accomplishment',100.00,59.00,100.00,51.00),
(65,222,'Draft','2021-01-20','2021-01-20',13,NULL,NULL,130000.00,0.00,128700.00,0.00,126313.00,0.00,77313.00,0.00,15,5,'1 Building',100.00,23.00,100.00,44.00),
(66,129,'Draft','2021-01-20','2021-01-20',17,NULL,NULL,1065650.00,0.00,1065650.00,0.00,1063768.00,0.00,1063768.00,0.00,18,0,'Percentage of work accomplishment',100.00,34.00,100.00,34.00),
(67,130,'Draft','2021-01-20','2021-01-20',17,NULL,NULL,555846.00,0.00,555846.00,0.00,552242.00,0.00,552242.00,0.00,20,0,'Percentage of work accomplishment',100.00,10.00,100.00,10.00),
(69,154,'Draft','2021-01-20','2021-01-20',17,NULL,NULL,646915.00,0.00,646915.00,0.00,642771.00,0.00,642771.00,0.00,16,0,'Percentage of work accomplishment',100.00,32.00,100.00,32.00),
(70,166,'Draft','2021-01-20','2021-01-20',17,NULL,NULL,621476.00,0.00,621476.00,0.00,619912.00,0.00,619912.00,0.00,10,0,'Percentage of work accomplishment',100.00,90.00,100.00,90.00),
(71,167,'Draft','2021-01-20','2021-01-20',17,NULL,NULL,457124.00,0.00,457124.00,0.00,456703.00,0.00,456703.00,0.00,10,0,'Percentage of work accomplishment',100.00,92.00,100.00,92.00),
(72,226,'Draft','2021-01-21','2021-01-21',21,NULL,NULL,24188428.00,0.00,13417016.00,8513962.00,13417016.00,8883570.00,12802597.00,8883570.00,0,0,'1,911.01 m² concrete pavement repaired; 998.28m² RC platform repaired; 31.60 l.m. concrete canal repaired; 75 units RC pile cap jacketed',100.00,0.00,100.00,0.00),
(73,255,'Draft','2021-01-21','2021-01-21',17,NULL,NULL,5000000.00,0.00,5000000.00,0.00,4989813.00,0.00,0.00,0.00,22,0,'Percentage of work accomplishment',43.00,43.00,0.00,0.00),
(74,256,'Draft','2021-01-21','2021-01-21',17,NULL,NULL,600000.00,0.00,600000.00,0.00,597144.00,0.00,0.00,0.00,22,0,'Percentage of work accomplishment',80.00,80.00,100.00,100.00),
(75,257,'Draft','2021-01-21','2021-01-21',17,NULL,NULL,250000.00,0.00,250000.00,0.00,248948.00,0.00,248948.00,0.00,17,0,'Percentage of work accomplishment',100.00,100.00,100.00,100.00),
(76,9,'Draft','2021-01-21','2021-01-25',22,NULL,NULL,1658730.40,200500.00,1658730.40,200500.00,1540291.82,92257.00,1540291.82,92257.00,0,0,'1. Direct release of funds to Kooperatiba ng Pamayanang Kristiyano ng Mapaya (KPKM) for the purchase of rInfrared Grain Dryer Technology; 2. Conduct forum on Infrared Grain Dryer Technology; 3. Equipment Fabrication; Liquidation of Funds; 4. Conduct training on Operation and Maintenance of Infrared Grain Dryer',100.00,100.00,100.00,100.00),
(77,58,'Draft','2021-01-21','2021-01-25',22,NULL,NULL,1102281.60,20356.80,1102281.60,20356.80,1034678.87,51927.42,1034678.87,51927.42,0,0,'1. Conduct Training on Fabrication of Non-wood Forest Products Dryer and Drying Chamber for Finished Products; 2. Fabricate and install the Non-wood Forest Products Dryer and Drying Chamber for Finished Products; 3. Actual Testng and Operation of Dryer for Spider Lily',100.00,100.00,100.00,100.00),
(78,49,'Draft','2021-01-21','2021-01-25',22,NULL,NULL,1195730.40,0.00,1195730.40,0.00,1120416.82,0.00,1120416.82,0.00,0,0,'1. Conducted VISSER Users Training for DepEd Occ. Mdo.; 2. Procurement of VISSER Modules for DepEd Occ. Mdo.; 3. Re Echo traning/Seminars for other STEM strand teachers of selected schools beneficiaries in DepEd Occ. Mdo.',100.00,100.00,100.00,100.00),
(79,60,'Draft','2021-01-21','2021-01-25',22,NULL,NULL,2040000.00,326400.00,2040000.00,326400.00,1910000.00,0.00,1910000.00,0.00,0,0,'Project proposal Review',100.00,100.00,100.00,100.00),
(80,64,'Draft','2021-01-21','2021-01-25',22,NULL,NULL,1200000.00,15856.80,1200000.00,15856.80,1054073.65,977969.03,1054073.65,977969.03,0,0,'Installation and training on Operation, Maintenance and Trouble-shooting',100.00,100.00,100.00,100.00),
(81,71,'Draft','2021-01-21','2021-01-25',22,NULL,NULL,1062495.00,51699.00,1062495.00,51699.00,1145570.59,68779.64,1145570.59,68779.64,0,0,'Procurement of production equipment',100.00,100.00,100.00,100.00),
(82,94,'Draft','2021-01-21','2021-01-25',22,NULL,NULL,890000.00,66241.20,890000.00,66241.20,704003.50,21669.03,704003.50,21669.03,0,0,'Procurement of production equipment',25.00,25.00,25.00,20.00),
(83,178,'Draft','2021-01-21','2021-01-25',22,NULL,NULL,2520000.00,23851.80,2520000.00,23851.80,2347089.45,25211.00,2347089.45,25211.00,0,0,'1. Established a water testing laboratory within the province of Marinduque for easy-access, reliable and accurate microbiological and physico-chemical analyses for water sources; On field Testing of Water sources in Marinduque; 2. On field Testing of Water sources in Marinduque; 3. On field Testing of Water sources in Marinduque',75.00,15.00,80.00,80.00),
(84,179,'Draft','2021-01-21','2021-01-25',22,NULL,NULL,1234831.60,35538.40,1234831.60,35538.40,1086157.28,64182.00,1086157.28,64182.00,0,0,'1. DOST MIMAROPA downloaded the technical assistance to beneficiary; PGM procured the Coral Nursery Units and other Materials indicated in LIB. 2. Trained and capacitated people for marine protection, conservation and management; Installed 30 Coral Nursery Units (CNUs) for the rehabilitation of coral reef areas.; Project Monitoring',40.00,0.00,0.00,0.00),
(85,227,'Draft','2021-01-21','2021-01-26',22,NULL,NULL,1362280.00,1362280.00,1362280.00,1362280.00,1362280.00,1362280.00,1362280.00,1362280.00,0,0,'Release of funds for acquisition of supplies and materials. Conduct of coordination meeting',10.00,10.00,10.00,10.00),
(86,231,'Draft','2021-01-21','2021-01-25',22,NULL,NULL,9488013.20,179513.60,9488013.20,179513.60,9489457.32,74742.00,9489457.32,74742.00,4,1,'1. Conduct of Training on Plant Operation and Debugging; 2. Procurement of equipment outlay for RBDO production by DOST MIMAROPA; 3. Conduct of Training on Cooking Oil Production; 4. Conduct of Training on 5S and Occupational Safety; 5. Conduct of Organizational Development Training',40.00,40.00,35.00,35.00),
(87,236,'Draft','2021-01-21','2021-01-25',22,NULL,NULL,1404310.80,26938.40,1404310.80,26938.40,1277397.24,0.00,1277397.24,0.00,2,0,'1. Procurement of Junk Compactor by DOST MIMAROPA; 2. Conduct of Training on Junk Compactor Operation and Maintenance; 3. Project operation and monitoring',68.00,68.00,83.00,83.00),
(88,237,'Draft','2021-01-21','2021-01-25',22,NULL,NULL,2500000.00,0.00,2500000.00,0.00,2500000.00,0.00,2500000.00,0.00,0,0,'Direct release of funds to LGU-Banton for the purchase of rainwater collection sytem with treatment facility',100.00,100.00,100.00,100.00),
(89,238,'Draft','2021-01-21','2021-01-25',22,NULL,NULL,1120000.00,25856.80,1120000.00,25856.80,1000864.90,0.00,1000864.90,0.00,0,0,'1. Procurement of Salt Iodizer and Salt Washer Machine; 2. Training on Operation of Salt Iodizer and Salt Washer Machine',100.00,100.00,100.00,100.00),
(90,240,'Draft','2021-01-21','2021-01-25',22,NULL,NULL,1790000.00,72570.00,1790000.00,72570.00,1881150.89,270775.92,1881150.89,270775.92,0,0,'1. Procurement of Laboratory Supplies; 2. Procurement of Fume Hood',100.00,100.00,100.00,100.00),
(91,245,'Draft','2021-01-21','2021-01-25',22,NULL,NULL,1047715.20,64809.60,1047715.20,64809.60,763616.39,155879.18,763616.39,155879.18,0,0,'Conduct of ICT maintenance and upgrading; Development of IS for DOST-MIMAROPA',100.00,100.00,100.00,100.00),
(92,258,'Draft','2021-01-21','2021-01-22',13,NULL,NULL,200000.00,0.00,152470.00,0.00,152470.00,0.00,28064.00,0.00,20,5,'400',100.00,0.00,20.00,0.00),
(93,264,'Draft','2021-01-21','2021-01-25',22,NULL,NULL,772857.60,26904.80,772857.60,26904.80,659650.73,60784.97,659650.73,60784.97,0,0,'1. Purchase of Emergency Equipment and Supplies;Development of PPEs for frontliners re: COVID-19; 2. Conduct of seminars for DRRM in the RSTW; Conduct of IEC',100.00,100.00,100.00,100.00),
(94,263,'Draft','2021-01-21','2021-01-21',24,NULL,NULL,0.00,0.00,0.00,0.00,0.00,0.00,0.00,0.00,0,0,'Physical Accomplishment',0.00,0.00,100.00,5.00),
(95,265,'Draft','2021-01-21','2021-01-21',24,NULL,NULL,0.00,0.00,0.00,0.00,0.00,0.00,0.00,0.00,0,0,'Physical Accomplishment',0.00,0.00,100.00,12.00),
(96,266,'Draft','2021-01-21','2021-01-21',24,NULL,NULL,0.00,0.00,0.00,0.00,0.00,0.00,0.00,0.00,0,0,'Physical Accomplishment',0.00,0.00,100.00,0.00),
(97,267,'Draft','2021-01-21','2021-01-21',24,NULL,NULL,0.00,0.00,0.00,0.00,0.00,0.00,0.00,0.00,0,0,'Physical Accomplishment',0.00,0.00,100.00,0.00),
(98,259,'Draft','2021-01-22','2021-01-22',13,NULL,NULL,125000.00,0.00,56340.00,0.00,56340.00,0.00,36834.00,0.00,15,5,'1000',6.00,0.00,22.00,0.00),
(99,260,'Draft','2021-01-22','2021-01-22',13,NULL,NULL,75840.00,0.00,50553.00,0.00,50553.00,0.00,1758.00,0.00,15,5,'1000',4.00,0.00,10.00,0.00),
(100,261,'Draft','2021-01-22','2021-01-22',13,NULL,NULL,107478.00,0.00,48459.00,0.00,48459.00,0.00,30910.00,0.00,15,5,'1000',3.00,0.00,21.00,0.00),
(101,262,'Draft','2021-01-22','2021-01-22',13,NULL,NULL,146432.00,0.00,66022.00,0.00,66022.00,0.00,20877.00,0.00,20,5,'2000',1.00,0.00,0.00,0.00),
(102,274,'Draft','2021-01-22','2021-01-25',22,NULL,NULL,845404.00,0.00,845404.00,0.00,713868.95,42000.00,713868.95,42000.00,0,0,'Procurement of Laboratory Supplies and Equipment Outlay',100.00,100.00,100.00,100.00),
(103,268,'Draft','2021-01-22','2021-01-22',13,NULL,NULL,121469.00,0.00,54767.00,0.00,54767.00,0.00,44107.00,0.00,15,5,'2400',9.00,0.00,30.00,0.00),
(105,269,'Draft','2021-01-22','2021-01-22',13,NULL,NULL,150000.00,0.00,40350.00,0.00,40350.00,0.00,21277.00,0.00,20,5,'600',12.00,0.00,6.00,0.00),
(106,270,'Draft','2021-01-22','2021-01-22',13,NULL,NULL,202614.00,0.00,91352.00,0.00,91352.00,0.00,57549.00,0.00,20,5,'2444',15.00,0.00,20.00,0.00),
(107,271,'Draft','2021-01-22','2021-01-22',13,NULL,NULL,200000.00,0.00,54040.00,0.00,54040.00,0.00,28074.00,0.00,20,5,'1',7.00,0.00,33.00,0.00),
(108,272,'Draft','2021-01-22','2021-01-22',13,NULL,NULL,200000.00,0.00,54040.00,0.00,54040.00,0.00,28073.00,0.00,20,5,'1',7.00,0.00,40.00,0.00),
(109,273,'Draft','2021-01-22','2021-01-22',13,NULL,NULL,200000.00,0.00,54040.00,0.00,54040.00,0.00,28073.00,0.00,20,5,'1',7.00,0.00,38.00,0.00),
(110,275,'Draft','2021-01-25','2021-01-25',13,NULL,NULL,185233.00,0.00,83515.00,0.00,83516.00,0.00,26276.00,0.00,20,5,'550LM',3.00,0.00,2.00,0.00),
(112,276,'Draft','2021-01-25','2021-01-25',13,NULL,NULL,150000.00,0.00,67632.00,0.00,67632.00,0.00,21274.00,0.00,20,5,'3500',100.00,0.00,70.00,0.00),
(114,277,'Draft','2021-01-25','2021-01-25',13,NULL,NULL,0.00,0.00,0.00,0.00,0.00,0.00,0.00,0.00,15,5,'35 SQ.M.',19.00,0.00,3.00,0.00),
(115,279,'Draft','2021-01-25','2021-01-25',13,NULL,NULL,32500.00,0.00,5887.00,0.00,5887.00,0.00,4634.00,0.00,15,5,'240 kM',26.00,0.00,0.00,12.00),
(116,299,'Draft','2021-01-25','2021-01-25',13,NULL,NULL,97000.00,0.00,14041.00,0.00,14041.00,0.00,0.00,0.00,15,5,'1279 SQ.M',5.00,0.00,31.00,0.00),
(117,300,'Draft','2021-01-25','2021-01-25',13,NULL,NULL,95000.00,0.00,13752.00,0.00,13752.00,0.00,-1.00,0.00,15,5,'1187',6.00,0.00,31.00,0.00),
(118,302,'Draft','2021-01-25','2021-01-25',13,NULL,NULL,97000.00,0.00,14041.00,0.00,14041.00,0.00,0.00,0.00,15,5,'1207',5.00,0.00,30.00,0.00),
(119,304,'Draft','2021-01-25','2021-01-25',13,NULL,NULL,98000.00,0.00,14186.00,0.00,14186.00,0.00,0.00,0.00,15,5,'1228 SQ.M',4.00,0.00,30.00,0.00),
(120,316,'Draft','2021-01-25','2021-01-25',13,NULL,NULL,0.00,0.00,0.00,0.00,0.00,0.00,0.00,0.00,0,0,NULL,0.00,0.00,0.00,0.00),
(121,22,'Draft','2021-01-25','2021-01-25',14,NULL,NULL,0.00,0.00,0.00,0.00,0.00,0.00,0.00,0.00,0,0,NULL,0.00,0.00,0.00,0.00),
(123,105,'Draft','2021-01-25','2021-01-26',11,NULL,NULL,15000000.00,4.00,11851081.55,4.00,14822498.40,4.00,0.00,4.00,17,0,'Architectural Works',2.83,83.33,81.45,1.50),
(125,15,'Draft','2021-01-25','2021-01-25',18,NULL,NULL,24975000.00,24975000.00,49950000.00,49950000.00,0.00,0.00,49950000.00,49950000.00,38,2,'Excavation; Fabrication/Installation of rebars, anchor bolts and forms; Concrete pouring, Removal of forms and Installation of street lights assembly.',50.00,50.00,100.00,100.00),
(126,317,'Draft','2021-01-25','2021-01-25',13,NULL,NULL,95000.00,0.00,13751.00,0.00,13751.00,0.00,0.00,0.00,15,5,'592',6.00,0.00,15.00,0.00),
(127,318,'Draft','2021-01-25','2021-01-25',13,NULL,NULL,98000.00,0.00,14185.00,0.00,14185.00,0.00,0.00,0.00,15,5,'612',4.00,0.00,5.47,0.00),
(128,319,'Draft','2021-01-25','2021-01-25',13,NULL,NULL,144000.00,0.00,21384.00,0.00,21384.00,0.00,0.00,0.00,20,5,'369',9.00,0.00,5.00,0.00),
(129,320,'Draft','2021-01-25','2021-01-25',13,NULL,NULL,144500.00,0.00,21458.00,0.00,21458.00,0.00,0.00,0.00,20,5,'370',14.00,0.00,5.00,0.00),
(130,321,'Draft','2021-01-25','2021-01-25',13,NULL,NULL,144000.00,0.00,21458.00,0.00,21458.00,0.00,0.00,0.00,20,5,'370',9.00,0.00,5.00,0.00),
(131,8,'Draft','2021-01-25','2021-01-25',18,NULL,NULL,3500000.00,3500000.00,0.00,0.00,683805.13,683805.13,2797079.87,2797079.87,19,0,'Fab/Inst of billboards; Earthworks; Removal of structure; and Reinforcing Concrete; Masonry works; and Steel works; Plumbing works and Electrical works.',100.00,100.00,100.00,100.00),
(132,29,'Draft','2021-01-25','2021-01-25',18,NULL,NULL,2000000.00,2000000.00,1946262.56,1946262.56,0.00,0.00,1946262.56,1946262.56,32,0,'Earthworks & Slope protection works.',100.00,100.00,100.00,100.00),
(133,45,'Draft','2021-01-25','2021-01-25',18,NULL,NULL,25000000.00,25000000.00,24616069.33,24616069.33,0.00,0.00,24616069.33,24616069.33,40,4,'Project billboard; Mobilization; Detour; Clearing & grubbing; Bridge excavation; Removal of structure & obstruction; Test pile furnish & driven; Temporary bridge; Foundation fill; Lean concrete, Pile shoe & splices; Pre-cast conc. pile furnish & driven; Reinforcing steel (G-60); Structural concrete class-A; Pre-stressed structural conc. member; Removal of structure (pccp); Embankment from borrow; Subgrade preparation; Aggregate subbase course; PCC pavement; Reinforcing steel (G-60); Struc. concrete class -A; Drain pipe; PEJ 12mm thk; Grouted riprap; Gabions; Filter cloth; Metal guardrail; Metal beam end piece; regulatory sign.',100.00,100.00,100.00,100.00),
(134,322,'Draft','2021-01-25','2021-01-25',13,NULL,NULL,32500.00,0.00,5887.00,0.00,5887.00,0.00,0.00,0.00,10,5,'64',5.00,0.00,0.00,0.00),
(135,47,'Draft','2021-01-25','2021-01-25',18,NULL,NULL,3000000.00,3000000.00,2994753.19,2994753.19,802331.40,802331.40,2192421.79,2192421.79,29,0,'Earthworks; Reinforced cnoncrete class-A; Reinforcing steel; Masonry works; Fab./Inst. of billboard; Reinforced cnoncrete class-A; Reinforcing steel; Masonry works; Steel & roof works; Carpentry & joinery works; Steel & roof works; Plumbing & electrical works; Painting works',90.00,90.00,82.92,82.92),
(136,55,'Draft','2021-01-25','2021-01-25',18,NULL,NULL,2500000.00,2500000.00,2492280.20,2492280.20,867659.15,867659.15,1624621.05,1624621.05,19,0,'Removal of old roofing; Structural steel truss; Fab./Inst. of billboard; Tinsmithry works; Painting works; Painting works; Stage (phase-1)',100.00,100.00,90.00,90.00),
(137,81,'Draft','2021-01-25','2021-01-25',18,NULL,NULL,20000000.00,20000000.00,19762999.97,19762999.97,4371575.59,4371575.59,15391424.38,15391424.38,30,2,'Project billboard; Mobilization; Detour; Clearing & grubbing; Bridge excavation; Removal of structure & obstruction; Test pile furnish & driven; Temporary bridge; Foundation fill; Lean concrete, Pile shoe & splices; Pre-cast conc. pile furnish & driven; Reinforcing steel (G-60); Structural concrete class-A; Pre-stressed structural conc. member; Removal of structure (pccp); Embankment from borrow; Subgrade preparation; Aggregate subbase course; PCC pavement; Reinforcing steel (G-60); Struc. concrete class -A; Drain pipe; PEJ 12mm thk; Grouted riprap; Gabions; Filter cloth; Metal guardrail; Metal beam end piece; regulatory sign.',100.00,100.00,90.00,90.00),
(138,323,'Draft','2021-01-25','2021-01-25',13,NULL,NULL,55000.00,0.00,7961.00,0.00,7961.00,0.00,0.00,0.00,10,5,'65 Sq.m',44.00,0.00,1.00,0.00),
(139,85,'Draft','2021-01-25','2021-01-25',18,NULL,NULL,20000000.00,20000000.00,15941318.96,15941318.96,3810036.46,3810036.46,15941318.96,15941318.96,25,0,'Dialysis clinic; Renovation of private rooms; Powerhouse & workshop; Upgrading of electrical system',100.00,100.00,95.00,95.00),
(140,324,'Draft','2021-01-25','2021-01-25',13,NULL,NULL,55000.00,0.00,7961.00,0.00,7961.00,0.00,0.00,0.00,10,5,'75 Sq.m',54.00,0.00,1.00,0.00),
(141,24,'Draft','2021-01-25','2021-01-25',18,NULL,NULL,3940700.00,0.00,0.00,0.00,3940700.00,0.00,0.00,0.00,0,0,'#of modules',330.00,330.00,0.00,0.00),
(142,350,'Draft','2021-01-25','2021-01-26',11,NULL,NULL,7500000.00,4.00,6375000.00,4.00,7500000.00,4.00,6375000.00,4.00,10,0,'Ground floor functional- architectural works',15.00,100.00,10.00,95.00),
(143,325,'Draft','2021-01-25','2021-01-25',13,NULL,NULL,0.00,0.00,0.00,0.00,0.00,0.00,0.00,0.00,0,0,NULL,0.00,0.00,0.00,0.00),
(144,28,'Draft','2021-01-25','2021-01-25',18,NULL,NULL,6718600.00,0.00,0.00,0.00,6718600.00,NULL,0.00,0.00,0,0,'#of modules',80.00,80.00,0.00,0.00),
(145,69,'Draft','2021-01-25','2021-01-25',18,NULL,NULL,0.00,0.00,500000.00,500000.00,0.00,0.00,500000.00,500000.00,0,2,'Abra de Ilog - 2 cans Mamburao - 55 cans Paluan - 65 cans Sta. Cruz - 12 cans San Jose - 1 can Calintaan - 1 can',0.00,0.00,0.00,0.00),
(146,41,'Draft','2021-01-25','2021-01-25',18,NULL,NULL,0.00,0.00,50000.00,50000.00,0.00,0.00,50000.00,50000.00,0,3,'Distributed 117 kilos to Sablayan Distributed 29 kilos to Sta. Cruz Distributed 89 kilos to Paluan Distributed 100 kilos to Abra Distributed 165 kilos to Rizal',0.00,0.00,0.00,0.00),
(147,80,'Draft','2021-01-25','2021-01-25',18,NULL,NULL,349999.00,0.00,0.00,0.00,349999.00,349999.00,0.00,0.00,5,7,'Abra - 12,000 fingerlings Paluan - 14,000 seedlings Mamburao - 132,000 seedlings Sta. Cruz - 94,000 seedlings Sablayan - 136,000 seedlings',0.00,0.00,0.00,0.00),
(148,83,'Draft','2021-01-25','2021-01-25',18,NULL,NULL,18240000.00,0.00,0.00,0.00,0.00,0.00,0.00,0.00,2,7,'3,000 bags delivered to Mamburao on Dec. 14, 2020 Mamburao - 400 bags Sta. Cruz - 500 bags Abra - 85 bags Paluan - 20 bags  1000 bags delivered to Mamburao on Dec 16, 2020  500 bags delivered and distributed in Calintaan  500 bags delivered and distributed in Sablayan  January 2021 mamburao - 195 bags Sta. Cruz - 123 bags Abra - 32 bags Paluan - 24 bag',0.00,0.00,0.00,0.00),
(149,91,'Draft','2021-01-25','2021-01-25',18,NULL,NULL,752600.00,0.00,0.00,0.00,0.00,0.00,0.00,0.00,0,0,'\" Distributed 585 calamansi seedlings to Mamburao, Sta. Cruz & Paluan Distributed 445 rambutan seedlings to Sta. Cruz, Mamburao & Paluan Distributed 300 lanzones seedlings to Sta. Cruz, Mamburao & Paluan \"',0.00,0.00,0.00,0.00),
(150,363,'Draft','2021-01-25','2021-01-25',11,NULL,NULL,17600000.00,4.00,7200949.49,4.00,17553736.11,4.00,0.00,4.00,0,0,'Other Facilities - Architectural, Other Facilities - Structural',2.56,100.00,46.60,0.00),
(151,326,'Draft','2021-01-26','2021-01-26',13,NULL,NULL,50000.00,0.00,9058.00,0.00,9058.00,0.00,0.00,0.00,10,4,'149',56.00,0.00,6.00,0.00),
(152,327,'Draft','2021-01-26','2021-01-26',13,NULL,NULL,80000.00,0.00,14492.00,0.00,14492.00,0.00,0.00,0.00,15,5,'17 Lm',33.00,0.00,1.00,0.00),
(153,330,'Draft','2021-01-26','2021-01-26',13,NULL,NULL,160000.00,0.00,28985.00,0.00,28985.00,0.00,0.00,0.00,20,5,'134 sq.m',44.00,0.00,6.00,0.00),
(155,342,'Draft','2021-01-26','2021-01-26',13,NULL,NULL,160000.00,0.00,30209.00,0.00,30209.00,0.00,0.00,0.00,20,5,'126 Sq.m',51.00,0.00,5.00,0.00),
(158,344,'Draft','2021-01-26','2021-01-26',13,NULL,NULL,155000.00,0.00,29303.00,0.00,29303.00,0.00,22041.00,0.00,20,5,'112 Sq.m',53.00,0.00,5.00,0.00),
(160,92,'Draft','2021-01-26','2021-01-26',18,NULL,NULL,67500000.00,0.00,0.00,0.00,0.00,0.00,0.00,0.00,0,0,'Mamburao - 595 bags Sta. Cruz - 382 bags Abra - 2 bags Paluan - 6 bags Sablayan - 26 bags San Jose - 10 bags  Delivered 500 bags on Dec 16, 2020   250 bags delivered & distributed in Calintaan on Dec 16, 2020  250 bags delivered & distributed in Sablayan on Dec 16, 2020',0.00,0.00,0.00,0.00),
(161,351,'Draft','2021-01-26','2021-01-26',13,NULL,NULL,120000.00,0.00,21739.00,0.00,21739.00,0.00,17007.00,0.00,20,5,'112 Sq.m',69.00,0.00,5.00,0.00),
(162,352,'Draft','2021-01-26','2021-01-26',13,NULL,NULL,143635.00,0.00,21350.00,0.00,21330.00,0.00,20862.00,0.00,20,5,'214',11.00,0.00,5.00,0.00),
(163,353,'Draft','2021-01-26','2021-01-26',13,NULL,NULL,184230.00,0.00,27359.00,0.00,27359.00,0.00,26761.00,0.00,20,5,'16 Sq.m.',5.00,0.00,1.00,0.00),
(164,354,'Draft','2021-01-26','2021-01-26',13,NULL,NULL,0.00,0.00,0.00,0.00,0.00,0.00,0.00,0.00,0,0,NULL,0.00,0.00,0.00,0.00),
(165,97,'Draft','2021-01-26','2021-01-26',18,NULL,NULL,258000.00,0.00,0.00,0.00,0.00,0.00,0.00,0.00,0,0,'Paluan - 15,000 fingerlings Abra - 32,000 fingerlings Sta. Cruz - 70,000 fingerlings Sablayan - 165,000 fingerlings Calintaan - 100,000 fingerlings Rizal - 100,000 fingerlings San Jose - 191,000 fingerlings Magsaysay - 191,000 fingerlings',0.00,0.00,0.00,0.00),
(167,119,'Draft','2021-01-26','2021-01-26',18,NULL,NULL,360000.00,0.00,0.00,0.00,0.00,0.00,0.00,0.00,0,0,'300 bags delivered in Mamburao on December 17, 2020',0.00,0.00,0.00,0.00),
(168,148,'Draft','2021-01-26','2021-01-26',18,NULL,NULL,3000000.00,0.00,0.00,0.00,0.00,0.00,0.00,0.00,0,0,'1000 bags delivered from Murtha San Jose to Mamburao  Mamburao - 187 bags Sta. Cruz - 26 bags Abra - 27 bags Paluan - 2 bags Sablayan - 8 bags  Delivered & Distributed in Abra - 250 bags Delivered & Distributed in Sta. Cruz - 250 bags Delivered & Distributed in Sablayan - 250 bags',0.00,0.00,0.00,0.00),
(169,152,'Draft','2021-01-26','2021-01-26',18,NULL,NULL,360000.00,0.00,0.00,0.00,0.00,0.00,0.00,0.00,0,0,'Distributed 49 bags in Sta. Cruz',0.00,0.00,0.00,0.00),
(170,158,'Draft','2021-01-26','2021-01-26',18,NULL,NULL,57500.00,0.00,0.00,0.00,0.00,0.00,0.00,0.00,0,0,NULL,0.00,0.00,0.00,0.00),
(171,162,'Draft','2021-01-26','2021-01-26',18,NULL,NULL,312000.00,0.00,0.00,0.00,0.00,0.00,0.00,0.00,0,0,'Mamburao - 34 packs Sta. Cruz - 9 packs Abra - 2 packs Paluan - 24 packs Sablayan - 1 pack San Jose - 60 packs',0.00,0.00,0.00,0.00),
(173,175,'Draft','2021-01-26','2021-01-26',18,NULL,NULL,496500.00,496500.00,496500.00,412500.00,496500.00,496500.00,496500.00,496500.00,3,1,'No of meeting conducted, No. of Advocacy materials purchased, No. of Assistive Devices procured',NULL,0.00,0.00,0.00),
(174,193,'Endorsed','2021-01-26','2021-01-26',23,NULL,'- On-going construction\r\n- Negative 1.41% slippage due to scarcity of materials and unfavorable weather condition',197209134.68,0.00,37350283.00,0.00,177488221.00,0.00,0.00,0.00,0,0,'Monthly Inspection and validation of submitted SWA',31.19,0.00,29.78,0.00),
(176,188,'Endorsed','2021-01-26','2021-01-26',23,NULL,'- Subproject completed last December 19, 2020 and for punch listing and final billing',47717265.58,0.00,31404653.81,0.00,42945539.00,0.00,0.00,0.00,0,0,'Monthly Inspection and validation of submitted SWA',100.00,0.00,100.00,0.00),
(178,235,'Endorsed','2021-01-26','2021-01-26',23,NULL,'- Subproject already in Liquidation Damage (LD)\r\n- On-going construction, target completion date February 2021',117437984.57,0.00,89304352.20,0.00,105961500.00,0.00,0.00,0.00,57,NULL,NULL,100.00,0.00,95.00,0.00),
(179,376,'Draft','2021-01-26','2021-01-26',11,NULL,NULL,71438000.00,4.00,60468310.85,4.00,68604782.00,4.00,0.00,0.00,21,0,'Completion of Rural  Health Units and Completion/Upgrading of Hospital from Infirmary to Level 1',93.00,4.86,88.14,0.00),
(180,195,'Endorsed','2021-01-26','2021-01-26',23,NULL,'- Subproject completed last December 6, 2020\r\n- For punch listing and final billing',117995208.59,0.00,61289430.00,0.00,106195658.00,0.00,0.00,0.00,0,0,'Monthly Inspection and validation of submitted SWA',100.00,0.00,100.00,0.00),
(181,244,'Endorsed','2021-01-26','2021-01-26',23,NULL,'- On-going construction.\r\n- Negative slippage (-4.19%) due to  unworkable site condition due to bad weather.',168112839.51,0.00,33286766.00,0.00,139560300.00,0.00,0.00,0.00,0,0,'Monthly Inspection and validation of submitted SWA',49.25,0.00,45.06,0.00),
(182,301,'Endorsed','2021-01-26','2021-01-26',23,NULL,'Procured goods (packages) for deliveries on or before January 31, 2021',3338000.00,0.00,2670400.00,0.00,2670400.00,0.00,0.00,0.00,0,0,'1. Delivery/ Inspection Report and Geotagged Photos 2. SWA for Infra',0.00,0.00,57.97,0.00),
(183,303,'Endorsed','2021-01-26','2021-01-26',23,NULL,'Remaining packages (goods) under procurement process.',972000.00,0.00,777600.00,0.00,777600.00,0.00,0.00,0.00,0,0,'1. Delivery/ Inspection Report and Geotagged Photos 2. SWA for Infra',0.00,0.00,69.44,0.00),
(184,305,'Endorsed','2021-01-26','2021-01-26',23,NULL,'- Packages under 2nd tranche on-going procurement\r\n- Infra 100% completed',6621625.46,0.00,1740000.00,0.00,5297300.37,0.00,0.00,0.00,0,0,'1. Delivery/ Inspection Report and Geotagged Photos 2. SWA for Infra',0.00,0.00,77.93,0.00),
(185,246,'Endorsed','2021-01-26','2021-01-26',23,NULL,'- On-going construction. Negative slippage due to unworkable site condition due to bad \r\n   weather.',95630527.37,0.00,33920562.00,0.00,88189200.00,0.00,0.00,0.00,34,2,'Monthly Inspection and validation of submitted SWA',0.00,0.00,59.68,0.00),
(186,306,'Endorsed','2021-01-26','2021-01-26',23,NULL,'- On-going procurement process for the remaining package.',1000000.00,0.00,800000.00,0.00,800000.00,0.00,0.00,0.00,0,0,'1. Delivery/ Inspection Report and Geotagged Photos 2. SWA for Infra',0.00,0.00,47.00,0.00),
(187,307,'Endorsed','2021-01-26','2021-01-26',23,NULL,'- On-going procurement process for the remaining package. Target delivery February 2021',951720.00,0.00,761376.00,0.00,761376.00,0.00,0.00,0.00,0,0,'1. Delivery/ Inspection Report and Geotagged Photos 2. SWA for Infra',0.00,0.00,83.22,0.00),
(188,308,'Endorsed','2021-01-26','2021-01-26',23,NULL,'`- On-going procurement process for the remaining package. Target delivery February \r\n    2021',1000000.00,0.00,800000.00,0.00,800000.00,0.00,0.00,0.00,0,0,'1. Delivery/ Inspection Report and Geotagged Photos 2. SWA for Infra',0.00,0.00,49.75,0.00),
(189,309,'Endorsed','2021-01-26','2021-01-26',23,NULL,'`- Procured goods for delivery on or before January 31, 2021',710492.00,0.00,568393.60,0.00,568393.60,0.00,0.00,0.00,0,0,'1. Delivery/ Inspection Report and Geotagged Photos 2. SWA for Infra',0.00,0.00,86.77,0.00),
(190,311,'Endorsed','2021-01-26','2021-01-26',23,NULL,'- Procurement of goods (packages) under 2nd Tranche\r\n  SP Coordinates',10779125.51,0.00,5973173.97,0.00,8623300.46,0.00,0.00,0.00,0,0,'1. Delivery/ Inspection Report and Geotagged Photos 2. SWA for Infra',0.00,0.00,79.99,0.00),
(191,312,'Endorsed','2021-01-26','2021-01-26',23,NULL,'Remaining items of package A for delivery on or before February 28, 2021',12789827.71,0.00,10231862.00,0.00,10231862.00,0.00,0.00,0.00,0,0,'1. Delivery/ Inspection Report and Geotagged Photos 2. SWA for Infra',0.00,0.00,63.10,0.00),
(192,328,'Draft','2021-01-26','2021-01-26',18,NULL,NULL,250000.00,62500.00,10850.00,2500.00,10850.00,10850.00,10850.00,10850.00,0,0,NULL,0.00,0.00,0.00,0.00),
(193,329,'Draft','2021-01-26','2021-01-26',18,NULL,NULL,3405000.00,3405000.00,1075310.00,1075310.00,1075310.00,0.00,1075310.00,1075310.00,2,1,NULL,0.00,0.00,0.00,0.00),
(195,331,'Draft','2021-01-26','2021-01-26',18,NULL,NULL,3000000.00,3000000.00,2998458.80,2998458.80,2998458.80,904000.00,2998458.80,2998458.80,0,0,NULL,0.00,0.00,0.00,0.00),
(196,332,'Draft','2021-01-26','2021-01-26',18,NULL,NULL,1150499.51,287624.87,227250.00,227250.00,227250.00,0.00,227250.00,227250.00,1,1,NULL,0.00,0.00,0.00,0.00),
(197,378,'Draft','2021-01-26','2021-01-26',11,NULL,NULL,0.00,0.00,0.00,0.00,0.00,0.00,0.00,0.00,0,0,NULL,0.00,0.00,0.00,0.00),
(198,31,'Endorsed','2021-01-26','2021-01-26',23,NULL,'Completed, 100% payment released',4472168.32,0.00,4472168.32,0.00,4472168.32,0.00,0.00,0.00,0,0,'Inspection report per accomplishment and validation of submitted SWA',NULL,0.00,100.00,0.00),
(199,32,'Endorsed','2021-01-26','2021-01-26',23,NULL,'Completed, 100% payment released',5368869.26,0.00,5368869.26,0.00,5368869.26,0.00,0.00,0.00,0,0,'Inspection report per accomplishment and validation of submitted SWA',0.00,0.00,100.00,0.00),
(200,36,'Endorsed','2021-01-26','2021-01-26',23,NULL,'Completed, 100% payment released',4897262.41,0.00,4897262.41,0.00,4897262.41,0.00,0.00,0.00,0,0,'Inspection report per accomplishment and validation of submitted SWA',0.00,0.00,100.00,0.00),
(201,40,'Endorsed','2021-01-26','2021-01-26',23,NULL,'Completed, 100% payment released',1342134.67,0.00,1342134.67,0.00,1342134.67,0.00,0.00,0.00,0,0,'Inspection report per accomplishment and validation of submitted SWA',0.00,0.00,100.00,0.00),
(202,43,'Endorsed','2021-01-26','2021-01-26',23,NULL,'Completed, 100% payment released',5479892.75,0.00,5479892.75,0.00,5479892.75,0.00,0.00,0.00,0,0,'Inspection report per accomplishment and validation of submitted SWA',0.00,0.00,100.00,0.00),
(203,46,'Endorsed','2021-01-26','2021-01-26',23,NULL,'Completed, for payment of 85%',7119895.52,0.00,NULL,0.00,1067984.33,0.00,0.00,0.00,0,0,'Inspection report per accomplishment and validation of submitted SWA',0.00,0.00,100.00,0.00),
(204,48,'Endorsed','2021-01-26','2021-01-26',23,NULL,'Completed, 100% payment released',2684213.43,0.00,0.00,0.00,402632.01,0.00,0.00,0.00,0,0,'Inspection report per accomplishment and validation of submitted SWA',0.00,0.00,100.00,0.00),
(205,333,'Draft','2021-01-26','2021-01-26',18,NULL,NULL,1200000.00,300000.00,397000.00,397000.00,397000.00,150000.00,397000.00,397000.00,0,0,NULL,0.00,0.00,0.00,0.00),
(206,334,'Draft','2021-01-26','2021-01-26',18,NULL,NULL,500000.00,500000.00,452300.00,452300.00,452300.00,81350.00,452300.00,452300.00,0,0,NULL,0.00,0.00,0.00,0.00),
(207,336,'Draft','2021-01-26','2021-01-26',18,NULL,NULL,500000.00,500000.00,256000.00,256000.00,256000.00,120000.00,256000.00,256000.00,0,0,NULL,0.00,0.00,0.00,0.00),
(208,337,'Draft','2021-01-26','2021-01-26',18,NULL,NULL,570000.00,190000.00,1627950.00,910000.00,1627950.00,1627950.00,1627950.00,1627950.00,0,2,NULL,0.00,0.00,0.00,0.00),
(209,313,'Draft','2021-01-26','2021-01-26',7,NULL,NULL,0.00,0.00,0.00,0.00,0.00,0.00,0.00,0.00,0,0,NULL,0.00,0.00,0.00,0.00),
(210,56,'Endorsed','2021-01-26','2021-01-26',23,NULL,'on-going construction, for payment of 65%',3579197.70,0.00,NULL,0.00,536879.66,0.00,0.00,0.00,0,0,'Inspection report per accomplishment and validation of submitted SWA',0.00,0.00,80.00,0.00),
(211,57,'Endorsed','2021-01-26','2021-01-26',23,NULL,'Completed, 100% payment released',4985058.48,0.00,4985058.48,0.00,4985058.48,0.00,0.00,0.00,0,0,'Inspection report per accomplishment and validation of submitted SWA',0.00,0.00,100.00,0.00),
(212,59,'Endorsed','2021-01-26','2021-01-26',23,NULL,'Completed, 100% payment released',4992669.85,0.00,0.00,0.00,4992669.85,0.00,0.00,0.00,0,0,'Inspection report per accomplishment and validation of submitted SWA',0.00,0.00,100.00,0.00),
(213,61,'Endorsed','2021-01-26','2021-01-26',23,NULL,'on-going construction',6992869.88,0.00,0.00,0.00,NULL,0.00,0.00,0.00,0,0,'Inspection report per accomplishment and validation of submitted SWA',0.00,0.00,25.00,0.00),
(214,62,'Endorsed','2021-01-26','2021-01-26',23,NULL,'on-going construction, 15% mobilization released',6997750.81,0.00,0.00,0.00,0.00,0.00,0.00,0.00,0,0,'Inspection report per accomplishment and validation of submitted SWA',0.00,0.00,20.00,0.00),
(215,66,'Endorsed','2021-01-26','2021-01-26',23,NULL,'on-going construction, 15% mobilization released',6989978.81,0.00,0.00,0.00,0.00,0.00,0.00,0.00,0,0,'Inspection report per accomplishment and validation of submitted SWA',0.00,0.00,35.00,0.00),
(216,73,'Endorsed','2021-01-26','2021-01-26',23,NULL,'8 units under rice was cancelled, 3 units under HVCDP was 100% completed. 100% payment released',3285000.00,0.00,0.00,0.00,3285000.00,0.00,0.00,0.00,0,0,'3units (35-44hp) Four wheel drive tractor supplied and delivered',0.00,0.00,100.00,0.00),
(217,34,'Draft','2021-01-26','2021-01-26',18,NULL,NULL,3500000.00,3500000.00,0.00,0.00,0.00,0.00,0.00,0.00,0,0,NULL,0.00,0.00,0.00,0.00),
(218,39,'Draft','2021-01-26','2021-01-26',18,NULL,NULL,3500000.00,3500000.00,0.00,0.00,0.00,0.00,0.00,0.00,0,0,NULL,0.00,0.00,0.00,0.00),
(219,63,'Draft','2021-01-26','2021-01-26',18,NULL,NULL,24753700.00,24753700.00,0.00,0.00,0.00,0.00,0.00,0.00,0,0,NULL,0.00,0.00,62.37,62.37),
(220,68,'Draft','2021-01-26','2021-01-26',18,NULL,NULL,18620500.00,18620500.00,0.00,0.00,0.00,0.00,0.00,0.00,0,0,NULL,0.00,0.00,24.23,24.23),
(221,79,'Draft','2021-01-26','2021-01-26',18,NULL,NULL,24961300.00,24961300.00,0.00,0.00,0.00,0.00,0.00,0.00,0,0,NULL,0.00,0.00,80.00,80.00),
(222,82,'Draft','2021-01-26','2021-01-26',18,NULL,NULL,16710200.00,16710200.00,0.00,0.00,0.00,0.00,0.00,0.00,0,0,NULL,0.00,0.00,81.72,81.72),
(223,90,'Draft','2021-01-26','2021-01-26',18,NULL,NULL,97988000.00,97988000.00,0.00,0.00,0.00,0.00,0.00,0.00,0,0,NULL,0.00,0.00,57.65,57.65);

/*Table structure for table `agency_form3s` */

DROP TABLE IF EXISTS `agency_form3s`;

CREATE TABLE `agency_form3s` (
  `id` int(11) NOT NULL AUTO_INCREMENT,
  `status` varchar(10) DEFAULT NULL,
  `created_at` date NOT NULL,
  `updated_at` date NOT NULL,
  `period` varchar(11) DEFAULT NULL,
  `agency_id` int(11) DEFAULT NULL,
  `nro_status_review` varchar(20) DEFAULT NULL,
  `nro_remarks` text DEFAULT NULL,
  PRIMARY KEY (`id`) USING BTREE
) ENGINE=InnoDB AUTO_INCREMENT=19 DEFAULT CHARSET=utf8mb4 ROW_FORMAT=DYNAMIC;

/*Data for the table `agency_form3s` */

insert  into `agency_form3s`(`id`,`status`,`created_at`,`updated_at`,`period`,`agency_id`,`nro_status_review`,`nro_remarks`) values 
(1,'Submitted','2021-01-18','2021-01-18','2021-01',276,NULL,NULL),
(2,'Draft','2021-01-18','2021-01-18','2021-01',49,NULL,NULL),
(3,'Draft','2021-01-18','2021-01-18','2021-01',46,NULL,NULL),
(4,'Draft','2021-01-18','2021-01-18','2021-01',10,NULL,NULL),
(5,'Draft','2021-01-18','2021-01-18','2021-01',27,NULL,NULL),
(6,'Draft','2021-01-18','2021-01-18','2021-01',39,NULL,NULL),
(7,'Draft','2021-01-18','2021-01-18','2021-01',29,NULL,NULL),
(8,'Draft','2021-01-18','2021-01-18','2021-01',52,NULL,NULL),
(9,'Draft','2021-01-18','2021-01-18','2021-01',41,NULL,NULL),
(10,'Draft','2021-01-18','2021-01-18','2021-01',48,NULL,NULL),
(11,'Draft','2021-01-18','2021-01-18','2021-01',45,NULL,NULL),
(12,'Submitted','2021-01-18','2021-01-22','2021-01',13,NULL,NULL),
(13,'Draft','2021-01-18','2021-01-18','2021-01',15,NULL,NULL),
(14,'Submitted','2021-01-19','2021-01-19','2021-01',22,NULL,NULL),
(15,'Draft','2021-01-20','2021-01-20','2021-01',43,NULL,NULL),
(16,'Draft','2021-01-21','2021-01-21','2021-01',280,NULL,NULL),
(17,'Draft','2021-01-21','2021-01-21','2021-01',16,NULL,NULL),
(18,'Draft','2021-01-25','2021-01-25','2021-01',12,NULL,NULL);

/*Table structure for table `agency_form3s_projects` */

DROP TABLE IF EXISTS `agency_form3s_projects`;

CREATE TABLE `agency_form3s_projects` (
  `id` int(11) NOT NULL AUTO_INCREMENT,
  `project_id` int(11) DEFAULT NULL,
  `status` varchar(10) DEFAULT NULL,
  `created_at` date NOT NULL,
  `updated_at` date NOT NULL,
  `agency_form3s_id` int(11) DEFAULT NULL,
  `nro_remarks` text DEFAULT NULL,
  `agency_remarks` text DEFAULT NULL,
  `findings` text DEFAULT NULL,
  `possible` text DEFAULT NULL,
  `recommendations` text DEFAULT NULL,
  `impstatus` int(11) DEFAULT NULL,
  PRIMARY KEY (`id`) USING BTREE
) ENGINE=InnoDB AUTO_INCREMENT=28 DEFAULT CHARSET=utf8mb4 ROW_FORMAT=DYNAMIC;

/*Data for the table `agency_form3s_projects` */

insert  into `agency_form3s_projects`(`id`,`project_id`,`status`,`created_at`,`updated_at`,`agency_form3s_id`,`nro_remarks`,`agency_remarks`,`findings`,`possible`,`recommendations`,`impstatus`) values 
(1,2,'Endorsed','2021-01-18','2021-01-18',1,NULL,'Sample Remarks','Sample Findings\r\n\r\n1.','Sample Possible Reasons\r\n\r\n1.','Sample Recommendations\r\n\r\n1.',3),
(2,1,'Endorsed','2021-01-18','2021-01-18',1,NULL,'Sa','Findings','Causes','Recommendations',3),
(3,21,'Endorsed','2021-01-18','2021-01-18',3,NULL,'For Review of the Head of Office','1. At the start of the project, manpower and material quantity are insufficient that it cannot support the parallel activities of the project.\r\n2. The project engineer regularly communicates with our office project engineer for the weekly plan of completion.\r\n3. Delay in project completion','1. The contractor has another on-going project, hence outsourcing is made by the contractor where only few workers were found. Also, materials such as aggregate and steel reinforcement are out of stock in the local market due to other construction activities in the locality.\r\n2. To ensure that the two parties (implementor and the contractor) know that they have the common goal in completing the project. Problems that arise can be promptly resolved and mitigating measures can be established immediately.\r\n3. Due to or worldwide pandemic crisis, all construction projects were suspended since March 17, 2020 and resumed only last May 4, 2020. By then, the contractor resumed for only one week, after that the contractor requested for suspension of work due to delayed payment of 2 progress billing since the month of December 2019.','1. Problems on materials mentioned were already addressed since steel reinforcement and concrete works are almost completed, while manpower availability will be addressed right after the pandemic crisis since many are looking for a job.\r\n2. Continue the regular communication between the two (2) parties.\r\n3. Facilitate payment of contractor and require them to complete the project.',3),
(4,20,'Draft','2021-01-18','2021-01-18',8,NULL,NULL,NULL,NULL,NULL,2),
(5,5,'Draft','2021-01-18','2021-01-18',11,NULL,NULL,NULL,NULL,NULL,3),
(6,25,'Draft','2021-01-18','2021-01-18',11,NULL,NULL,NULL,NULL,NULL,3),
(7,27,'Endorsed','2021-01-18','2021-01-22',12,NULL,'2020 Fourth Quarter RPMES Report','No site has been activated','Contractor failed to deliver the intended installation and internet service due to inability to mobilize in the province','Process the termination of BC Net contract which supposedly should end last July 31, 2020 and look for possible new contractor\r\n\r\nIn lieu of the non-delivery of the contractor, LC3 has initiated cluster activation of Free Wi-Fi sites in MIMAROPA Region.',3),
(8,72,'Endorsed','2021-01-18','2021-01-22',12,NULL,'2020 Fourth Quarter RPMES Report','No site has been activated','Contractor failed to deliver intended installation and internet service due to inability to mobilize in the province','Process the termination of BC Net which supposedly should end last July 31, 2020 and look for a possible new contractor\r\n\r\nIn lieu of the non-delivery of the contractor, LC3 has initiated cluster activation of Free Wi-Fi sites in MIMAROPA Region.',3),
(9,70,'Draft','2021-01-18','2021-01-18',13,NULL,NULL,NULL,NULL,NULL,3),
(10,93,'Endorsed','2021-01-19','2021-01-22',12,NULL,'2020 Fourth Quarter RPMES Report','No site has been activated','Contractor failed to deliver intended installation and internet service due to inability to mobilize in the province','Process the termination of BC Net which supposedly should end last July 31, 2020 and look for a possible new contractor\r\n\r\nIn lieu of the non-delivery of the contractor, LC3 has initiated cluster activation of Free Wi-Fi sites in MIMAROPA Region.',3),
(11,30,'Draft','2021-01-19','2021-01-19',14,NULL,NULL,'1. The pandemic is one of the reasons for the well drillers to decline their interest in the project.\r\n2. According to well drillers the Approved Budget for the Contract (ABC) is not enough for the project, considering that the location of the project is in the island of Mindoro.','Bidding for two deep wells failed three times. No bidders.','1. Revision of Program of Works (POW)\r\n2. To increase the allocation for Source Development.',3),
(12,26,'Draft','2021-01-19','2021-01-19',9,NULL,NULL,NULL,NULL,NULL,3),
(13,108,'Draft','2021-01-19','2021-01-19',9,NULL,NULL,NULL,NULL,NULL,3),
(14,112,'Draft','2021-01-19','2021-01-19',9,NULL,NULL,NULL,NULL,NULL,3),
(15,115,'Draft','2021-01-19','2021-01-19',9,NULL,NULL,NULL,NULL,NULL,3),
(16,114,'Draft','2021-01-20','2021-01-20',15,NULL,NULL,'Construction ahead of schedule','Time and manpower management is outstanding','Contractor to be commended for the good work',1),
(17,126,'Draft','2021-01-20','2021-01-20',15,NULL,NULL,'Construction ahead of schedule','Time and manpower management is outstanding','Contractor to be commended for the good work',1),
(18,127,'Draft','2021-01-20','2021-01-20',15,NULL,NULL,'Construction ahead of schedule','Time and manpower management is outstanding','Contractor to be commended for the good work',1),
(19,129,'Draft','2021-01-20','2021-01-20',15,NULL,NULL,'Construction ahead of schedule','Time and manpower management is outstanding','Contractor to be commended for the good work',1),
(20,226,'Draft','2021-01-21','2021-01-21',16,NULL,NULL,'The project was completed on July 25, 2020','None','None',1),
(21,64,'Draft','2021-01-21','2021-01-21',17,NULL,NULL,'Stalled training on operation, maintenance, and troubleshooting','Due to unavailability of experts','Schedule training by 4th quarter',3),
(22,231,'Draft','2021-01-21','2021-01-21',17,NULL,NULL,'Waiting for delivery of equipment for RBDO production','Implementation of ECQ in the province and whole Luzon area due to presence of COVID19','Close monitoring of equipment delivery\r\nCompliance to the protocol for logistics',3),
(23,105,'Draft','2021-01-25','2021-01-25',18,NULL,NULL,'testing and commissioning of genset (undone), tapping of electrical works in the facility','The facilities were substantially completed, the contractor have deficiencies and defects that they need to comply. Also, one facility under this package is still suspended due to non-availability of lot.','The contractor need to comply the said findings and punch list',3),
(24,350,'Draft','2021-01-25','2021-01-25',18,NULL,NULL,'Substantially completed.','Difficulty in the delivery of materials, specially the Fire Protection Materials due to COVID 19 restrictions','Fast track the implementation to prevent further delays of the project',3),
(25,363,'Draft','2021-01-25','2021-01-25',18,NULL,NULL,'Project abandonment','Forwarded notice of abandonment to the contractor, on process the contract termination of the project','Impose Contract termination of the project.',3),
(26,376,'Draft','2021-01-26','2021-01-26',18,NULL,NULL,'Roxas RHU, Naujan West Satellite RHU and Mansalay RHU are already physically completed. Pinamalayan RHU and OMCDH are still ongoing.','Limit in dispersal of manpower and supply of construction materials because of Covid-19 Pandemic.\r\nPermission by Gov. Humerlito A. Atienza dated June 15, 2020 to convert the scope from Completion and Upgrading from Infirmary to Level 1 – Extension to Second Floor to Completion of Isolation Building for Covid-19 Patients and PUI\'s/PUM\'s at Oriental Mindoro Provincial Hospital.','To fast track implementation of projects. To expedite completion of the project to avoid possible penalties.',3),
(27,58,'Draft','2021-01-26','2021-01-26',17,NULL,NULL,NULL,NULL,NULL,2);

/*Table structure for table `agency_form4s` */

DROP TABLE IF EXISTS `agency_form4s`;

CREATE TABLE `agency_form4s` (
  `id` int(11) NOT NULL AUTO_INCREMENT,
  `status` varchar(10) DEFAULT NULL,
  `created_at` date NOT NULL,
  `updated_at` date NOT NULL,
  `period` varchar(11) DEFAULT NULL,
  `agency_id` int(11) DEFAULT NULL,
  `nro_status_review` varchar(20) DEFAULT NULL,
  `nro_remarks` text DEFAULT NULL,
  PRIMARY KEY (`id`) USING BTREE
) ENGINE=InnoDB AUTO_INCREMENT=16 DEFAULT CHARSET=utf8mb4 ROW_FORMAT=DYNAMIC;

/*Data for the table `agency_form4s` */

insert  into `agency_form4s`(`id`,`status`,`created_at`,`updated_at`,`period`,`agency_id`,`nro_status_review`,`nro_remarks`) values 
(1,'Draft','2021-01-18','2021-01-18','2021-01',276,NULL,NULL),
(2,'Draft','2021-01-18','2021-01-18','2021-01',49,NULL,NULL),
(3,'Draft','2021-01-18','2021-01-18','2021-01',41,NULL,NULL),
(4,'Draft','2021-01-18','2021-01-18','2021-01',52,NULL,NULL),
(5,'Draft','2021-01-18','2021-01-18','2021-01',46,NULL,NULL),
(6,'Draft','2021-01-18','2021-01-18','2021-01',45,NULL,NULL),
(7,'Draft','2021-01-18','2021-01-18','2021-01',13,NULL,NULL),
(8,'Draft','2021-01-19','2021-01-19','2021-01',22,NULL,NULL),
(9,'Draft','2021-01-19','2021-01-19','2021-01',12,NULL,NULL),
(10,'Draft','2021-01-19','2021-01-19','2021-01',15,NULL,NULL),
(11,'Draft','2021-01-20','2021-01-20','2021-01',43,NULL,NULL),
(12,'Draft','2021-01-21','2021-01-21','2021-01',280,NULL,NULL),
(13,'Draft','2021-01-21','2021-01-21','2021-01',16,NULL,NULL),
(14,'Draft','2021-01-25','2021-01-25','2021-01',50,NULL,NULL),
(15,'Draft','2021-01-26','2021-01-26','2021-01',14,NULL,NULL);

/*Table structure for table `agency_form4s_projects` */

DROP TABLE IF EXISTS `agency_form4s_projects`;

CREATE TABLE `agency_form4s_projects` (
  `id` int(11) NOT NULL AUTO_INCREMENT,
  `project_id` int(11) DEFAULT NULL,
  `status` varchar(10) DEFAULT NULL,
  `created_at` date NOT NULL,
  `updated_at` date NOT NULL,
  `agency_form4s_id` int(11) DEFAULT NULL,
  `nro_remarks` text DEFAULT NULL,
  `agency_remarks` text DEFAULT NULL,
  `objectives` text DEFAULT NULL,
  `indicator` text DEFAULT NULL,
  `results` text DEFAULT NULL,
  `impstatus` int(11) DEFAULT NULL,
  PRIMARY KEY (`id`) USING BTREE
) ENGINE=InnoDB AUTO_INCREMENT=36 DEFAULT CHARSET=utf8mb4 ROW_FORMAT=DYNAMIC;

/*Data for the table `agency_form4s_projects` */

insert  into `agency_form4s_projects`(`id`,`project_id`,`status`,`created_at`,`updated_at`,`agency_form4s_id`,`nro_remarks`,`agency_remarks`,`objectives`,`indicator`,`results`,`impstatus`) values 
(1,2,'Endorsed','2021-01-18','2021-01-18',1,NULL,'-','1.','1','1',NULL),
(2,4,'Draft','2021-01-18','2021-01-18',4,NULL,NULL,NULL,NULL,NULL,NULL),
(3,21,'Draft','2021-01-18','2021-01-18',5,NULL,NULL,'Upgrade physical facility of the University','Completed academic building','The structure is already 100% completed.',NULL),
(4,5,'Draft','2021-01-18','2021-01-18',6,NULL,NULL,NULL,NULL,NULL,NULL),
(5,6,'Draft','2021-01-18','2021-01-18',3,NULL,NULL,NULL,NULL,NULL,NULL),
(6,27,'Draft','2021-01-18','2021-01-18',7,NULL,NULL,'To activate additional 28 Free Wi-Fi sites in the province of Marinduque','Additional 28 activated Free Wi-Fi sites in Marinduque','No mobilization from contractor yet',NULL),
(7,72,'Draft','2021-01-18','2021-01-18',7,NULL,NULL,'To activate additional 50 sites in Romblon','Additional 50 Free Wi-Fi sites','No mobilization from contractor yet',NULL),
(8,30,'Draft','2021-01-19','2021-01-19',8,NULL,NULL,NULL,NULL,NULL,NULL),
(9,101,'Draft','2021-01-19','2021-01-19',3,NULL,NULL,NULL,NULL,NULL,NULL),
(10,106,'Draft','2021-01-19','2021-01-19',3,NULL,NULL,NULL,NULL,NULL,NULL),
(11,44,'Draft','2021-01-19','2021-01-19',3,NULL,NULL,NULL,NULL,NULL,NULL),
(12,109,'Draft','2021-01-19','2021-01-19',3,NULL,NULL,NULL,NULL,NULL,NULL),
(13,110,'Draft','2021-01-19','2021-01-19',3,NULL,NULL,NULL,NULL,NULL,NULL),
(14,111,'Draft','2021-01-19','2021-01-19',3,NULL,NULL,NULL,NULL,NULL,NULL),
(15,181,'Draft','2021-01-20','2021-01-20',10,NULL,NULL,NULL,NULL,NULL,NULL),
(16,114,'Draft','2021-01-20','2021-01-22',11,NULL,NULL,'The project intends to repair the Diego Silang Building in order to increase structural longevity and apply necessary modifications to meet current standards','Prolonged building life and applied modification to satisfy standards','The project was 100% accomplished on October 28, 2020',NULL),
(17,70,'Draft','2021-01-21','2021-01-21',10,NULL,NULL,'The proposed project after its completion will greatly improve the mobility of the people, farm products and services within locality nearby towns and will enhance the transport system in support to the economic development including tourism in the province.','543.78 sq.m.','Project On-going. With suspension order on process due to Enhance Community Quarantine.',NULL),
(18,95,'Draft','2021-01-21','2021-01-21',10,NULL,NULL,'The construction/improvement is designed to boost tourism potential and in support to the sub-regional economic cooperation initiative. The proposed project after its completion will greatly improve the mobility of the people, farm products and services within locality nearby towns.','2611.55 L.m.','Project on-going. With suspension order on process due to the Enhanced Community Quarantine.',NULL),
(19,226,'Draft','2021-01-21','2021-01-22',12,NULL,NULL,'To sustain the optimal functions of the structures. It is also responsive to the directive of the higher management that the ports should be able to provide safe, secured and orderly facilities and amenities to its clients/users (including PPA personnel)','1,444.60 m² concrete pavement repaired; 170 m² RC platform repaired; 9 pile caps jacketed','Available. Project completed on JULY 25, 2020',NULL),
(20,179,'Draft','2021-01-21','2021-01-21',13,NULL,NULL,NULL,NULL,NULL,NULL),
(21,236,'Draft','2021-01-21','2021-01-21',13,NULL,NULL,NULL,NULL,NULL,NULL),
(22,240,'Draft','2021-01-21','2021-01-21',13,NULL,NULL,NULL,NULL,NULL,NULL),
(23,245,'Draft','2021-01-21','2021-01-21',13,NULL,NULL,NULL,NULL,NULL,NULL),
(24,264,'Draft','2021-01-21','2021-01-21',13,NULL,NULL,'1. Enhance information dissemination of disaster-related updates up to the municipal level;\r\n2. Provide micro-climatic data to stakeholders through the enhancement of the electronic data collection system;\r\n3. Improve early warning system for disaster prevention and mitigation by developing a 24/7 public weather;\r\n4. Inform the general public of the effects of disasters to prevent loss of lives and damage to properties; and\r\n5. Continuous provision of the office\'s mission essential functions on DRRM through the implementation of its Public Service Continuity Plan (PSCP).','1. Implementation of the DOST-MIMAROPA PSCP;\r\n2. Adoption of the PSTCs in the implementation and crafting of their own PSCP; \r\n3. Purchase of emergency response kits and equipments; and\r\n4. Utilized fund for the production of PPEs for frontliners in response to Bayanihan to Heal as One act.','1. Done with the updated PSCP integrating the pandemic situation;\r\n2. Crafted draft PSCP for PSTCs;\r\n3. Emergency kits and equipment already delivered in the office;\r\n4. On-going deployment of PPEs in the region.',NULL),
(25,127,'Draft','2021-01-22','2021-01-22',11,NULL,NULL,'The project intends to repair the Gregorio Del Pilar Building in order to increase structural longevity and apply necessary modifications to meet current standards','Extended building life and applied modification to satisfy structural standards','The project was 100% accomplished on December 14, 2020',NULL),
(26,129,'Draft','2021-01-22','2021-01-22',11,NULL,NULL,'The project is to apply repair on the Gymnasium damaged by typhoon','Building integrity was restored and facilities were made available','The project was 100% accomplished on October 23, 2020',NULL),
(27,130,'Draft','2021-01-22','2021-01-22',11,NULL,NULL,'The project intends to repair the Felipe Agoncillo Building damaged by typhoon Ursula','Building integrity was restored and facilities were ready for use','The project was 100% accomplished on October 13, 2020',NULL),
(28,154,'Draft','2021-01-22','2021-01-22',11,NULL,NULL,'The project is to apply repair on Pedro Paterno Building damaged by typhoon Ursula','Building integrity was restored and facilities were ready for use','The project was 100% accomplished on October 13, 2020',NULL),
(29,166,'Draft','2021-01-22','2021-01-22',11,NULL,NULL,NULL,NULL,NULL,NULL),
(30,167,'Draft','2021-01-22','2021-01-22',11,NULL,NULL,NULL,NULL,NULL,NULL),
(31,37,'Draft','2021-01-25','2021-01-25',9,NULL,NULL,'To make the ground floor functional (TB DOTS Area)','TB DOTS Area functional','Completed on schedule',NULL),
(32,54,'Draft','2021-01-26','2021-01-26',15,NULL,NULL,NULL,NULL,NULL,NULL),
(33,377,'Draft','2021-01-26','2021-01-26',9,NULL,NULL,'To complete the extension of RHU','Completed the extension of RHU as functional','Functional - Extension of RHU',NULL),
(34,99,'Draft','2021-01-26','2021-01-26',10,NULL,NULL,NULL,NULL,NULL,NULL),
(35,222,'Draft','2021-01-26','2021-01-26',10,NULL,NULL,NULL,NULL,NULL,NULL);

/*Table structure for table `agency_form5s` */

DROP TABLE IF EXISTS `agency_form5s`;

CREATE TABLE `agency_form5s` (
  `id` int(11) NOT NULL AUTO_INCREMENT,
  `status` varchar(10) DEFAULT NULL,
  `created_at` date NOT NULL,
  `updated_at` date NOT NULL,
  `period` varchar(11) DEFAULT NULL,
  `agency_id` int(11) DEFAULT NULL,
  `nro_status_review` varchar(20) DEFAULT NULL,
  `nro_remarks` text DEFAULT NULL,
  PRIMARY KEY (`id`) USING BTREE
) ENGINE=InnoDB AUTO_INCREMENT=2 DEFAULT CHARSET=utf8mb4 ROW_FORMAT=DYNAMIC;

/*Data for the table `agency_form5s` */

insert  into `agency_form5s`(`id`,`status`,`created_at`,`updated_at`,`period`,`agency_id`,`nro_status_review`,`nro_remarks`) values 
(1,'Draft','2021-01-19','2021-01-19','2020-12',276,NULL,NULL);

/*Table structure for table `agency_form5s_projects` */

DROP TABLE IF EXISTS `agency_form5s_projects`;

CREATE TABLE `agency_form5s_projects` (
  `id` int(11) NOT NULL AUTO_INCREMENT,
  `project_id` int(11) DEFAULT NULL,
  `status` varchar(10) DEFAULT NULL,
  `created_at` date NOT NULL,
  `updated_at` date NOT NULL,
  `agency_form5s_id` int(11) DEFAULT NULL,
  `nro_remarks` text DEFAULT NULL,
  `agency_remarks` text DEFAULT NULL,
  `allocation` decimal(20,2) DEFAULT NULL,
  `releases` decimal(20,2) DEFAULT NULL,
  `obligations` decimal(20,2) DEFAULT NULL,
  `expenditures` decimal(20,2) DEFAULT NULL,
  `ttd` decimal(20,2) DEFAULT NULL,
  `atd` decimal(20,2) DEFAULT NULL,
  `male` int(11) DEFAULT NULL,
  `female` int(11) DEFAULT NULL,
  `negativeslippage` int(1) DEFAULT NULL,
  PRIMARY KEY (`id`) USING BTREE
) ENGINE=InnoDB AUTO_INCREMENT=2 DEFAULT CHARSET=utf8mb4 ROW_FORMAT=DYNAMIC;

/*Data for the table `agency_form5s_projects` */

insert  into `agency_form5s_projects`(`id`,`project_id`,`status`,`created_at`,`updated_at`,`agency_form5s_id`,`nro_remarks`,`agency_remarks`,`allocation`,`releases`,`obligations`,`expenditures`,`ttd`,`atd`,`male`,`female`,`negativeslippage`) values 
(1,2,NULL,'2021-01-19','2021-01-19',1,NULL,NULL,0.00,0.00,0.00,0.00,0.00,0.00,2,0,0);

/*Table structure for table `agency_form6s` */

DROP TABLE IF EXISTS `agency_form6s`;

CREATE TABLE `agency_form6s` (
  `id` int(11) NOT NULL AUTO_INCREMENT,
  `status` varchar(10) DEFAULT NULL,
  `created_at` date NOT NULL,
  `updated_at` date NOT NULL,
  `period` varchar(11) DEFAULT NULL,
  `agency_id` int(11) DEFAULT NULL,
  `nro_status_review` varchar(20) DEFAULT NULL,
  `nro_remarks` text DEFAULT NULL,
  PRIMARY KEY (`id`) USING BTREE
) ENGINE=InnoDB AUTO_INCREMENT=2 DEFAULT CHARSET=utf8mb4 ROW_FORMAT=DYNAMIC;

/*Data for the table `agency_form6s` */

insert  into `agency_form6s`(`id`,`status`,`created_at`,`updated_at`,`period`,`agency_id`,`nro_status_review`,`nro_remarks`) values 
(1,'Draft','2021-01-19','2021-01-19','2020-12',276,NULL,NULL);

/*Table structure for table `agency_form6s_projects` */

DROP TABLE IF EXISTS `agency_form6s_projects`;

CREATE TABLE `agency_form6s_projects` (
  `id` int(11) NOT NULL AUTO_INCREMENT,
  `project_id` int(11) DEFAULT NULL,
  `status` varchar(10) DEFAULT NULL,
  `created_at` date NOT NULL,
  `updated_at` date NOT NULL,
  `agency_form6s_id` int(11) DEFAULT NULL,
  `nro_remarks` text DEFAULT NULL,
  `agency_remarks` text DEFAULT NULL,
  `releases` decimal(20,2) DEFAULT NULL,
  `expenditures` decimal(20,2) DEFAULT NULL,
  `atd` decimal(20,2) DEFAULT NULL,
  `ttd` decimal(20,2) DEFAULT NULL,
  `issues` text DEFAULT NULL,
  `source` text DEFAULT NULL,
  `action` text DEFAULT NULL,
  PRIMARY KEY (`id`) USING BTREE
) ENGINE=InnoDB DEFAULT CHARSET=utf8mb4 ROW_FORMAT=DYNAMIC;

/*Data for the table `agency_form6s_projects` */

/*Table structure for table `categories` */

DROP TABLE IF EXISTS `categories`;

CREATE TABLE `categories` (
  `id` int(10) unsigned NOT NULL AUTO_INCREMENT,
  `category` varchar(255) COLLATE utf8mb4_unicode_ci NOT NULL,
  `created_at` timestamp NULL DEFAULT NULL,
  `updated_at` timestamp NULL DEFAULT NULL,
  PRIMARY KEY (`id`) USING BTREE,
  UNIQUE KEY `categories_name_unique` (`category`) USING BTREE
) ENGINE=InnoDB AUTO_INCREMENT=9 DEFAULT CHARSET=utf8mb4 COLLATE=utf8mb4_unicode_ci ROW_FORMAT=DYNAMIC;

/*Data for the table `categories` */

insert  into `categories`(`id`,`category`,`created_at`,`updated_at`) values 
(1,'ELCAC','2020-07-24 06:35:23','2020-07-24 06:35:23'),
(2,'Balik Probinsya Bagong Pag-asa Program (BP2)','2020-07-24 06:35:23','2020-07-24 06:35:23'),
(3,'Rehab and Recovery Projects (RRP)','2020-07-24 06:35:23','2020-07-24 06:35:23'),
(6,'Official Development Assistance (ODA)',NULL,NULL),
(7,'Regular',NULL,NULL),
(8,'Others',NULL,NULL);

/*Table structure for table `form1s` */

DROP TABLE IF EXISTS `form1s`;

CREATE TABLE `form1s` (
  `id` int(11) NOT NULL AUTO_INCREMENT,
  `fy` int(11) NOT NULL,
  `is_lock` int(11) NOT NULL,
  `created_at` date NOT NULL,
  `updated_at` date NOT NULL,
  PRIMARY KEY (`id`) USING BTREE
) ENGINE=InnoDB AUTO_INCREMENT=3 DEFAULT CHARSET=utf8mb4 ROW_FORMAT=DYNAMIC;

/*Data for the table `form1s` */

insert  into `form1s`(`id`,`fy`,`is_lock`,`created_at`,`updated_at`) values 
(1,2020,0,'2021-01-18','2021-01-18');

/*Table structure for table `form2s` */

DROP TABLE IF EXISTS `form2s`;

CREATE TABLE `form2s` (
  `id` int(11) NOT NULL AUTO_INCREMENT,
  `period` varchar(11) NOT NULL,
  `is_lock` int(11) NOT NULL,
  `created_at` date NOT NULL,
  `updated_at` date NOT NULL,
  PRIMARY KEY (`id`) USING BTREE
) ENGINE=InnoDB AUTO_INCREMENT=3 DEFAULT CHARSET=utf8mb4 ROW_FORMAT=DYNAMIC;

/*Data for the table `form2s` */

insert  into `form2s`(`id`,`period`,`is_lock`,`created_at`,`updated_at`) values 
(1,'2020-12',0,'2021-01-18','2021-01-18'),
(2,'2021-02',1,'2021-01-18','2021-01-18');

/*Table structure for table `form3s` */

DROP TABLE IF EXISTS `form3s`;

CREATE TABLE `form3s` (
  `id` int(11) NOT NULL AUTO_INCREMENT,
  `period` varchar(11) NOT NULL,
  `is_lock` int(11) NOT NULL,
  `created_at` date NOT NULL,
  `updated_at` date NOT NULL,
  PRIMARY KEY (`id`) USING BTREE
) ENGINE=InnoDB AUTO_INCREMENT=2 DEFAULT CHARSET=utf8mb4 ROW_FORMAT=DYNAMIC;

/*Data for the table `form3s` */

insert  into `form3s`(`id`,`period`,`is_lock`,`created_at`,`updated_at`) values 
(1,'2021-01',0,'2021-01-18','2021-01-18');

/*Table structure for table `form4s` */

DROP TABLE IF EXISTS `form4s`;

CREATE TABLE `form4s` (
  `id` int(11) NOT NULL AUTO_INCREMENT,
  `period` varchar(11) NOT NULL,
  `is_lock` int(11) NOT NULL,
  `created_at` date NOT NULL,
  `updated_at` date NOT NULL,
  PRIMARY KEY (`id`) USING BTREE
) ENGINE=InnoDB AUTO_INCREMENT=2 DEFAULT CHARSET=utf8mb4 ROW_FORMAT=DYNAMIC;

/*Data for the table `form4s` */

insert  into `form4s`(`id`,`period`,`is_lock`,`created_at`,`updated_at`) values 
(1,'2021-01',0,'2021-01-18','2021-01-18');

/*Table structure for table `form5s` */

DROP TABLE IF EXISTS `form5s`;

CREATE TABLE `form5s` (
  `id` int(11) NOT NULL AUTO_INCREMENT,
  `period` varchar(11) NOT NULL,
  `is_lock` int(11) NOT NULL,
  `created_at` date NOT NULL,
  `updated_at` date NOT NULL,
  PRIMARY KEY (`id`) USING BTREE
) ENGINE=InnoDB AUTO_INCREMENT=2 DEFAULT CHARSET=utf8mb4 ROW_FORMAT=DYNAMIC;

/*Data for the table `form5s` */

insert  into `form5s`(`id`,`period`,`is_lock`,`created_at`,`updated_at`) values 
(1,'2020-12',1,'2021-01-19','2021-01-19');

/*Table structure for table `form6s` */

DROP TABLE IF EXISTS `form6s`;

CREATE TABLE `form6s` (
  `id` int(11) NOT NULL AUTO_INCREMENT,
  `period` varchar(11) NOT NULL,
  `is_lock` int(11) NOT NULL,
  `created_at` date NOT NULL,
  `updated_at` date NOT NULL,
  PRIMARY KEY (`id`) USING BTREE
) ENGINE=InnoDB AUTO_INCREMENT=2 DEFAULT CHARSET=utf8mb4 ROW_FORMAT=DYNAMIC;

/*Data for the table `form6s` */

insert  into `form6s`(`id`,`period`,`is_lock`,`created_at`,`updated_at`) values 
(1,'2020-12',1,'2021-01-19','2021-01-19');

/*Table structure for table `impstatuses` */

DROP TABLE IF EXISTS `impstatuses`;

CREATE TABLE `impstatuses` (
  `id` int(11) NOT NULL AUTO_INCREMENT,
  `type` varchar(50) NOT NULL,
  PRIMARY KEY (`id`) USING BTREE
) ENGINE=InnoDB AUTO_INCREMENT=4 DEFAULT CHARSET=utf8mb4 ROW_FORMAT=DYNAMIC;

/*Data for the table `impstatuses` */

insert  into `impstatuses`(`id`,`type`) values 
(1,'Ahead of Schedule'),
(2,'On Schedule'),
(3,'Behind Schedule');

/*Table structure for table `item_tag` */

DROP TABLE IF EXISTS `item_tag`;

CREATE TABLE `item_tag` (
  `item_id` int(10) unsigned NOT NULL,
  `tag_id` int(10) unsigned NOT NULL,
  KEY `item_tag_item_id_foreign` (`item_id`) USING BTREE,
  KEY `item_tag_tag_id_foreign` (`tag_id`) USING BTREE,
  CONSTRAINT `item_tag_item_id_foreign` FOREIGN KEY (`item_id`) REFERENCES `items` (`id`),
  CONSTRAINT `item_tag_tag_id_foreign` FOREIGN KEY (`tag_id`) REFERENCES `tags` (`id`)
) ENGINE=InnoDB DEFAULT CHARSET=utf8mb4 COLLATE=utf8mb4_unicode_ci ROW_FORMAT=DYNAMIC;

/*Data for the table `item_tag` */

insert  into `item_tag`(`item_id`,`tag_id`) values 
(1,1),
(1,2),
(1,3),
(2,1),
(3,1);

/*Table structure for table `items` */

DROP TABLE IF EXISTS `items`;

CREATE TABLE `items` (
  `id` int(10) unsigned NOT NULL AUTO_INCREMENT,
  `name` varchar(255) COLLATE utf8mb4_unicode_ci NOT NULL,
  `description` text COLLATE utf8mb4_unicode_ci DEFAULT NULL,
  `picture` varchar(255) COLLATE utf8mb4_unicode_ci DEFAULT NULL,
  `category_id` int(10) unsigned NOT NULL,
  `status` varchar(255) COLLATE utf8mb4_unicode_ci DEFAULT NULL,
  `date` date DEFAULT NULL,
  `show_on_homepage` tinyint(1) NOT NULL DEFAULT 0,
  `options` text COLLATE utf8mb4_unicode_ci DEFAULT NULL,
  `created_at` timestamp NULL DEFAULT NULL,
  `updated_at` timestamp NULL DEFAULT NULL,
  PRIMARY KEY (`id`) USING BTREE,
  UNIQUE KEY `items_name_unique` (`name`) USING BTREE,
  KEY `items_category_id_foreign` (`category_id`) USING BTREE,
  CONSTRAINT `items_category_id_foreign` FOREIGN KEY (`category_id`) REFERENCES `categories` (`id`)
) ENGINE=InnoDB AUTO_INCREMENT=4 DEFAULT CHARSET=utf8mb4 COLLATE=utf8mb4_unicode_ci ROW_FORMAT=DYNAMIC;

/*Data for the table `items` */

insert  into `items`(`id`,`name`,`description`,`picture`,`category_id`,`status`,`date`,`show_on_homepage`,`options`,`created_at`,`updated_at`) values 
(1,'5 citybreak ideas for this year','Lorem ipsum dolor sit amet, consectetur adipiscing elit. Proin sit amet nulla nulla. Donec luctus lorem justo, ut ullamcorper eros pellentesque ut. Etiam scelerisque dapibus lorem, vitae maximus ante condimentum quis. Maecenas ac arcu a lacus aliquet elementum posuere id nunc. Curabitur sem lorem, faucibus ac enim ut, vestibulum feugiat ante. Fusce hendrerit leo nibh, nec consectetur nulla venenatis et. Nulla tincidunt neque quam, sit amet tincidunt quam blandit in. Nunc fringilla rutrum tortor, sit amet bibendum augue convallis a. Etiam mauris orci, sollicitudin eu condimentum sed, dictum ut odio. Sed vel ligula in lectus scelerisque ornare.Mauris dolor nisl, finibus eget sem in, ultrices semper libero. Nullam accumsan suscipit tortor, a vestibulum sapien imperdiet quis. Donec pretium mauris quis lectus sodales accumsan. Orci varius natoque penatibus et magnis dis parturient montes, nascetur ridiculus mus. Donec tincidunt semper orci eu molestie. Vivamus fermentum enim vitae magna elementum, quis iaculis augue tincidunt. Donec fermentum quam facilisis sem dictum rutrum. Nunc nec urna lectus. Nulla nec ultrices lorem. Integer ac ante massa.',NULL,1,'published','2020-07-24',1,'[\"0\",\"1\"]','2020-07-24 06:35:23','2020-07-24 06:35:23'),
(2,'Top 10 restaurants in Italy','Lorem ipsum dolor sit amet, consectetur adipiscing elit. Proin sit amet nulla nulla. Donec luctus lorem justo, ut ullamcorper eros pellentesque ut. Etiam scelerisque dapibus lorem, vitae maximus ante condimentum quis. Maecenas ac arcu a lacus aliquet elementum posuere id nunc. Curabitur sem lorem, faucibus ac enim ut, vestibulum feugiat ante. Fusce hendrerit leo nibh, nec consectetur nulla venenatis et. Nulla tincidunt neque quam, sit amet tincidunt quam blandit in. Nunc fringilla rutrum tortor, sit amet bibendum augue convallis a. Etiam mauris orci, sollicitudin eu condimentum sed, dictum ut odio. Sed vel ligula in lectus scelerisque ornare.Mauris dolor nisl, finibus eget sem in, ultrices semper libero. Nullam accumsan suscipit tortor, a vestibulum sapien imperdiet quis. Donec pretium mauris quis lectus sodales accumsan. Orci varius natoque penatibus et magnis dis parturient montes, nascetur ridiculus mus. Donec tincidunt semper orci eu molestie. Vivamus fermentum enim vitae magna elementum, quis iaculis augue tincidunt. Donec fermentum quam facilisis sem dictum rutrum. Nunc nec urna lectus. Nulla nec ultrices lorem. Integer ac ante massa.',NULL,2,'published','2020-07-24',1,'[\"0\",\"1\"]','2020-07-24 06:35:23','2020-07-24 06:35:23'),
(3,'Cocktail ideas for your birthday party','Lorem ipsum dolor sit amet, consectetur adipiscing elit. Proin sit amet nulla nulla. Donec luctus lorem justo, ut ullamcorper eros pellentesque ut. Etiam scelerisque dapibus lorem, vitae maximus ante condimentum quis. Maecenas ac arcu a lacus aliquet elementum posuere id nunc. Curabitur sem lorem, faucibus ac enim ut, vestibulum feugiat ante. Fusce hendrerit leo nibh, nec consectetur nulla venenatis et. Nulla tincidunt neque quam, sit amet tincidunt quam blandit in. Nunc fringilla rutrum tortor, sit amet bibendum augue convallis a. Etiam mauris orci, sollicitudin eu condimentum sed, dictum ut odio. Sed vel ligula in lectus scelerisque ornare.Mauris dolor nisl, finibus eget sem in, ultrices semper libero. Nullam accumsan suscipit tortor, a vestibulum sapien imperdiet quis. Donec pretium mauris quis lectus sodales accumsan. Orci varius natoque penatibus et magnis dis parturient montes, nascetur ridiculus mus. Donec tincidunt semper orci eu molestie. Vivamus fermentum enim vitae magna elementum, quis iaculis augue tincidunt. Donec fermentum quam facilisis sem dictum rutrum. Nunc nec urna lectus. Nulla nec ultrices lorem. Integer ac ante massa.',NULL,2,'published','2020-07-24',1,'[\"0\",\"1\"]','2020-07-24 06:35:23','2020-07-24 06:35:23');

/*Table structure for table `locations` */

DROP TABLE IF EXISTS `locations`;

CREATE TABLE `locations` (
  `id` int(11) NOT NULL AUTO_INCREMENT,
  `proj_id` int(11) NOT NULL,
  `location` varchar(255) NOT NULL,
  `created_at` date DEFAULT NULL,
  `updated_at` date DEFAULT NULL,
  `longitude` float(20,7) DEFAULT NULL,
  `latitude` float(20,7) DEFAULT NULL,
  PRIMARY KEY (`id`) USING BTREE
) ENGINE=InnoDB AUTO_INCREMENT=446 DEFAULT CHARSET=utf8mb4 ROW_FORMAT=DYNAMIC;

/*Data for the table `locations` */

insert  into `locations`(`id`,`proj_id`,`location`,`created_at`,`updated_at`,`longitude`,`latitude`) values 
(1,1,'SAMPLE LOCATION 1','2021-01-18','2021-01-18',121.1755219,13.4040995),
(2,2,'Calapan City','2021-01-18','2021-01-18',121.1755371,13.4040833),
(3,4,'City Hall Complex, Guinobatan, Calapan City, Oriental Mindoro','2021-01-18','2021-01-18',13.3800144,121.1835175),
(4,5,'Brgy Liwanag, Odiongan, Romblon','2021-01-18','2021-01-18',121.9830399,12.3969278),
(5,6,'Brgy. Tanza, Boac, Marinduque','2021-01-18','2021-01-18',13.4548855,121.8437881),
(6,8,'Capitol Compound, Brgy. Payompon, Mamburao','2021-01-18','2021-01-18',120.6063232,13.2215271),
(7,9,'Mapaya I, San Jose, Occidental Mindoro','2021-01-18','2021-01-18',121.1903915,12.3850603),
(8,10,'Mapaya I, San Jose, Occidental Mindoro','2021-01-18','2021-01-18',121.1903915,12.3850603),
(9,11,'Mapaya I, San Jose, Occidental Mindoro','2021-01-18','2021-01-18',12.3850603,121.1900024),
(10,12,'Brgy. Rosacara, Bansud, Oriental Mindoro','2021-01-18','2021-01-18',12.8299351,121.4530487),
(11,13,'So. Tibunbon Caagutayan, San Teodoro Oriental Mindoro','2021-01-18','2021-01-18',13.4007854,120.9649963),
(12,14,'Brgy. San Roque, Bulalacao, Oriental Mindoro','2021-01-18','2021-01-18',12.3954105,121.4042740),
(13,15,'Various Barangay of Selected Municipality','2021-01-18','2021-01-18',120.6071701,13.2221880),
(14,16,'Various Barangay of Selected Municipality','2021-01-18','2021-01-18',120.6071701,13.2221880),
(15,17,'Various Barangay of Selected Municipality','2021-01-18','2021-01-18',120.6071701,13.2221880),
(16,18,'Various Barangay of Selected Municipality','2021-01-18','2021-01-18',120.6071701,13.2221880),
(17,19,'Mamburao','2021-01-18','2021-01-18',120.6072388,13.2221804),
(18,20,'Lalud- Pachoco, NIA Road Extn, Calapan City','2021-01-18','2021-01-18',13.4047480,121.1666489),
(19,21,'WPU-Main Campus, Barangay San Juan, Aborlan, Palawan, Region IV-B MIMAROPA','2021-01-18','2021-01-19',118.5585632,9.4430304),
(20,22,'Culion, Palawan','2021-01-18','2021-01-26',11.8486290,119951824.0000000),
(21,23,'Roxas','2021-01-18','2021-01-18',119.1927795,10.2588892),
(22,24,'Mamburao','2021-01-18','2021-01-18',120.6071777,13.2222328),
(23,25,'Poblacion, San Fernando, Romblon 5513','2021-01-18','2021-01-18',122.6011810,12.3049383),
(24,26,'Tanza, Boac, Marinduque','2021-01-18','2021-01-18',13.4644890,121.8490829),
(25,27,'Santa Cruz District Hospital','2021-01-18','2021-01-22',122.0323105,13.4788885),
(26,27,'Marinduque State College-Sta. Cruz Campus','2021-01-18','2021-01-18',122.0323105,13.4788885),
(27,28,'Mamburao','2021-01-18','2021-01-18',120.6069946,13.2222509),
(28,29,'Mamburao, Occidental Mindoro','2021-01-18','2021-01-18',120.5394516,13.2531424),
(29,30,'Sablayan','2021-01-18','2021-01-18',120.7754974,12.8420696),
(30,31,'Brgy. Rosacara, Bansud,Oriental Mindoro','2021-01-18','2021-01-18',0.0000000,0.0000000),
(31,27,'Dr. Damian Reyes Provincial Hospital','2021-01-18','2021-01-18',121.8290634,13.4426079),
(32,27,'Marinduque State College-Main Campus','2021-01-18','2021-01-18',121.8444901,13.4538422),
(33,27,'Provincial Capitol of Marinduque','2021-01-18','2021-01-18',121.8276825,13.4420080),
(34,32,'Brgy. Sabang, Pinamalayan, Oriental Mindoro','2021-01-18','2021-01-18',0.0000000,0.0000000),
(35,33,'San Jose Occidental Mindoro','2021-01-18','2021-01-18',12.3675489,121.0799103),
(36,34,'Brgy. Payompon, Mamburao','2021-01-18','2021-01-18',120.6051254,13.2193995),
(37,35,'Agpudlos, San Andres, Romblon 5504','2021-01-18','2021-01-18',122.0080643,12.5996733),
(38,36,'Bo.Malakibay, Brgy. Punta Baja, Rizal, Palawan','2021-01-18','2021-01-18',0.0000000,0.0000000),
(39,37,'Brgy. Poblacion, Sta. Cruz, Occidental Mindoro','2021-01-18','2021-01-18',120.7185211,13.0834856),
(40,38,'Brgy Liwanag, Odiongan, Romblon','2021-01-18','2021-01-18',121.9827652,12.3967438),
(41,39,'Mamburao, Occidental Mindoro','2021-01-18','2021-01-18',120.5860367,13.2304792),
(42,40,'Brgy. Rosacara, Bansud,Oriental Mindoro','2021-01-18','2021-01-18',0.0000000,0.0000000),
(43,41,'Sta. Cruz','2021-01-18','2021-01-18',120.7191010,13.0833864),
(44,41,'Paluan','2021-01-18','2021-01-18',120.4642410,13.4167747),
(45,41,'Sablayan','2021-01-18','2021-01-18',120780144.0000000,12.8438759),
(46,41,'Rizal','2021-01-18','2021-01-18',120963928.0000000,12.4595261),
(47,42,'Brgy. Sudlon, Rizal, Occidental Mindoro','2021-01-18','2021-01-18',120.9636459,12.4591093),
(48,43,'Brgy. Paetan, Sablayan, Occidental Mindoro','2021-01-18','2021-01-18',0.0000000,0.0000000),
(49,44,'Tanza, Boac, Marinduque','2021-01-18','2021-01-18',13.4645224,121.8488998),
(50,45,'So. Binuhangin, Brgy. Tubili, Paluan','2021-01-18','2021-01-18',120.4938278,13.3284092),
(51,46,'So. Malapaga, Brgy. San Vicente, Sablyan, Occidental Mindoro','2021-01-18','2021-01-18',0.0000000,0.0000000),
(52,47,'Brgy. III, Paluan','2021-01-18','2021-01-18',120.4642181,13.4168396),
(53,48,'Brgy. Masaquisi, Bongabong, Oriental Min doro','2021-01-18','2021-01-18',0.0000000,0.0000000),
(54,49,'Occidental Mindoro State College','2021-01-18','2021-01-18',120.5912933,13.2273502),
(55,49,'San Jose National High School','2021-01-18','2021-01-18',121.0587616,12.3679419),
(56,49,'Sablayan National Comprehensive High School','2021-01-18','2021-01-18',120.7818832,12.8514004),
(57,49,'Occidental Mindoro National High School','2021-01-18','2021-01-18',123.6006622,13.2190905),
(58,49,'Magsaysay National High School','2021-01-18','2021-01-18',121.1379471,12.3043203),
(59,52,'MINOLO, PUERTO GALERA, ORIENTAL MINDORO TO MAMBURAO, OCCIDENTAL MINDORO','2021-01-18','2021-01-18',13.5001402,120.9546127),
(60,53,'BNHS, Brgy. Barahan, Sta. Cruz','2021-01-18','2021-01-18',120.7582397,13.0159941),
(61,54,'Province of Oriental Mindoro','2021-01-18','2021-01-18',121176936.0000000,13.4058256),
(62,54,'Province of Occidental Mindoro','2021-01-18','2021-01-18',120605168.0000000,13.2217188),
(63,54,'Province of Marinduque','2021-01-18','2021-01-18',121832704.0000000,13.4494696),
(64,54,'Province of Romblon','2021-01-18','2021-01-18',122296800.0000000,12.5530195),
(65,54,'Province of Palawan','2021-01-18','2021-01-18',118743944.0000000,9.7395840),
(66,27,'Marinduque State College-Gasan Campus','2021-01-18','2021-01-18',121.8789062,13.3175859),
(67,27,'Marinduque State College-Torrijos Campus','2021-01-18','2021-01-18',122.0997238,13.3325615),
(68,55,'Brgy. Barahan, Sta. Cruz','2021-01-18','2021-01-18',120.7580719,13.0163870),
(69,56,'Brgy. Labonan, Bongabong, Oriental Mindoro','2021-01-18','2021-01-18',0.0000000,0.0000000),
(70,57,'Brgy. Alimanguhan, San Vicente, Palawan','2021-01-18','2021-01-18',0.0000000,0.0000000),
(71,58,'Sitio Marabong, Batong Buhay, Sablayan, Occidental Mindoro','2021-01-18','2021-01-18',120.9291306,12.8613701),
(72,59,'Brgy. Magsaysay, Aborlan, Palawan','2021-01-18','2021-01-18',0.0000000,0.0000000),
(73,60,'Provincial Demonstration Farm, Merit, Victoria, Oriental Mindoro','2021-01-18','2021-01-18',121.8924332,13.1134005),
(74,63,'Sablayan','2021-01-18','2021-01-18',120.8681183,12.8938322),
(75,64,'Brgy. Mangangan I, Baco, Oriental Mindoro','2021-01-18','2021-01-18',121.0601730,13.3408699),
(76,65,'Roxas Substation-Alimanguan Junction','2021-01-18','2021-01-18',10.3229494,119.3374557),
(77,67,'Puerto Princesa City, Palawan','2021-01-18','2021-01-18',9.7795219,118735408.0000000),
(78,68,'Sablayan','2021-01-18','2021-01-18',120.8859863,12.6810732),
(79,69,'Abra de Ilog','2021-01-18','2021-01-18',120.7262115,13.4443798),
(80,69,'Mamburao','2021-01-18','2021-01-18',120.6071854,13.2222080),
(81,69,'Paluan','2021-01-18','2021-01-18',120.4642563,13.4167986),
(82,69,'Sta. Cruz','2021-01-18','2021-01-18',120.7190628,13.0834131),
(83,69,'San Jose','2021-01-18','2021-01-18',121.0677261,12.3526268),
(84,69,'Calintaan','2021-01-18','2021-01-18',120.9401855,12.5715446),
(85,70,'BOAC-MOGPOG BYPASS ROAD MARINDUQUE','2021-01-18','2021-01-18',121.8326645,13.4681292),
(86,71,'Brgy. Little Tanuan, Roxas, Oriental Mindoro','2021-01-18','2021-01-18',121.4625702,12.6239901),
(87,71,'Odiong, Roxas, Oriental Mindoro','2021-01-18','2021-01-18',121.4903717,12.6105900),
(88,72,'Romblon State University - Romblon College of Fisheries and Forestry - Sibuyan, Cajidiocan','2021-01-18','2021-01-18',122.6837997,12.3672800),
(89,72,'Romblon State University - Romblon College of Fisheries and Forestry - Calatrava','2021-01-18','2021-01-18',122.0608673,12.6172991),
(90,72,'Romblon Provincial Hospital','2021-01-18','2021-01-18',121.9841003,12.3944893),
(91,72,'Romblon State University - Main','2021-01-18','2021-01-18',121.9878311,12.3963575),
(92,72,'Provincial Capitol of Romblon','2021-01-18','2021-01-18',122.2751083,12.5788889),
(93,72,'Romblon State University-Sawang','2021-01-18','2021-01-18',122.2627335,12.5483379),
(94,72,'Romblon State University - Romblon College of Fisheries and Forestry - San Agustin','2021-01-18','2021-01-18',122.1323776,12.6046057),
(95,72,'Romblon State University - Romblon College of Fisheries and Forestry - San Andres','2021-01-18','2021-01-18',122.0711899,12.5638027),
(96,72,'Romblon State University - Sibuyan Polytechnic College - San Fernando','2021-01-18','2021-01-18',122.6015320,12.3055506),
(97,72,'San Jose District Hospital','2021-01-18','2021-01-18',121.9574738,12.0587244),
(98,72,'Romblon State University - Romblon College of Fisheries and Forestry - Sta. Fe','2021-01-18','2021-01-18',121.9943771,12.1567049),
(99,72,'Romblon State University - Romblon College of Fisheries and Forestry - Sta. Maria','2021-01-18','2021-01-18',122.1121826,12.4984245),
(100,74,'Puerto Princesa City, Palawan','2021-01-18','2021-01-18',9.7780638,118733392.0000000),
(101,75,'Sablayan','2021-01-18','2021-01-18',120.8713074,12.8875847),
(102,77,'Brgy. New Dagupan, Calintaan','2021-01-18','2021-01-18',120.9421158,12.5712337),
(103,78,'Alimanguan Junction-Taytay Substation, Palawan','2021-01-18','2021-01-18',10.6362896,119.4089737),
(104,79,'Calintaan','2021-01-18','2021-01-18',120.9431992,12.6179190),
(105,80,'Mamburao','2021-01-18','2021-01-18',120.6071854,13.2222080),
(109,81,'Brgy. Pitogo, Rizal','2021-01-18','2021-01-18',121.0894623,12.5062265),
(110,82,'Rizal','2021-01-18','2021-01-18',120.9996414,12.4692173),
(111,85,'San Jose','2021-01-18','2021-01-18',121.0530853,12.4004726),
(112,86,'Mamburao','2021-01-18','2021-01-18',120.6071854,13.2222080),
(113,88,'Boac, Marinduque and Mogpog, Marinduque','2021-01-18','2021-01-18',13.4742098,121.8614502),
(114,89,'Calintaan','2021-01-18','2021-01-18',120.9487610,12.5818596),
(115,84,'Mamburao','2021-01-18','2021-01-18',120.6071854,13.2222080),
(116,83,'Mamburao','2021-01-18','2021-01-18',120607184.0000000,13.2222080),
(117,90,'Magsaysay','2021-01-18','2021-01-18',121.1491852,12.3026657),
(118,91,'Mamburao','2021-01-18','2021-01-18',120607184.0000000,13.2222080),
(119,92,'Mamburao','2021-01-18','2021-01-18',120607184.0000000,13.2222080),
(120,94,'Brgy. Poblacion, Baco, Oriental Mindoro','2021-01-18','2021-01-18',121.0966034,13.3593702),
(121,95,'OCCIDENTAL MINDORO','2021-01-19','2021-01-19',120.8400269,13.4694538),
(122,97,'Mamburao','2021-01-19','2021-01-19',120.6071854,13.2222080),
(123,98,'Mamburao','2021-01-19','2021-01-19',120.6071854,13.2222080),
(124,99,'SABLAYAN, OCCIDENTAL MINDORO','2021-01-19','2021-01-19',120.9184418,12.9897156),
(125,101,'Brgy. Tanza, Boac, Marinduque','2021-01-19','2021-01-19',13.4547777,121.8446732),
(126,102,'ORIENTAL MINDORO','2021-01-19','2021-01-19',121.2989807,13.1163445),
(127,105,'Brgy. Mendez, Mogpog, Marinduque','2021-01-19','2021-01-19',121.9072189,13.5073137),
(128,93,'Western Philippines University','2021-01-19','2021-01-19',118.5594406,9.4436111),
(129,93,'Palawan State University-Araceli','2021-01-19','2021-01-19',119.9919434,10.5680552),
(130,93,'Palawan State University- Balabac','2021-01-19','2021-01-19',117.0633316,7.9855556),
(131,93,'Palawan State University-Bataraza','2021-01-19','2021-01-19',117.6438904,9.8688335),
(132,93,'Western Philippines University-Rio Tuba','2021-01-19','2021-01-19',119.6586075,8.5500002),
(133,93,'Palawan State University- Brooke\'s Point','2021-01-19','2021-01-19',117.8269424,8.8097219),
(134,93,'Southern Palawan Provincial Hospital','2021-01-19','2021-01-19',117.8358307,8.7933331),
(135,93,'Western Philippines University-Busuanga','2021-01-19','2021-01-19',119.9349976,12.1319447),
(136,93,'Palawan State University-Coron','2021-01-19','2021-01-19',120.1880569,12.0177774),
(137,93,'Culion Sanitarium and General Hospital','2021-01-19','2021-01-19',119.9933319,11.8352776),
(138,93,'Western Philippines University-Culion','2021-01-19','2021-01-19',120.0199966,11.8216667),
(139,93,'Cuyo District Hospital','2021-01-19','2021-01-19',121.0108337,10.8555555),
(140,93,'Palawan State University-Cuyo','2021-01-19','2021-01-19',121.0355530,10.8547220),
(141,93,'Palawan State University-Dumaran','2021-01-19','2021-01-19',119.6650009,10.5013885),
(142,93,'Palawan State University-New Ibajay, El Nido','2021-01-19','2021-01-19',119.4622192,11.2097225),
(143,93,'Western Philippines University-El Nido','2021-01-19','2021-01-19',119.4622192,11.2097225),
(144,93,'Palawan State University-Linapacan','2021-01-19','2021-01-19',119.8672256,11.4905558),
(145,106,'Brgy. Tanza, Boac, Marinduque','2021-01-19','2021-01-19',13.4548779,121.8444366),
(146,108,'Brgy. Tanza, Boac, Marinduque','2021-01-19','2021-01-19',13.4543867,121.8443604),
(147,93,'Palawan State University-Narra','2021-01-19','2021-01-19',118.4144440,9.2769442),
(148,93,'Camp General Artemio Ricarte Station Hospital','2021-01-19','2021-01-19',118.7708359,9.7469444),
(149,93,'Ospital ng Palawan','2021-01-19','2021-01-19',118.7441635,9.7480555),
(150,93,'Palawan State University','2021-01-19','2021-01-19',118.7338867,9.7780552),
(151,93,'Palawan State University-San Rafael, Puerto Princesa City','2021-01-19','2021-01-19',118.9672241,9.9899998),
(152,93,'Provincial Capitol of Palawan','2021-01-19','2021-01-19',118.7441635,9.7394447),
(153,93,'Western Philippines University-Puerto Princesa','2021-01-19','2021-01-19',118.7269440,9.7844448),
(154,93,'Palawan State University-Quezon','2021-01-19','2021-01-19',118.0008316,9.2299995),
(155,93,'Western Philippines University-Quezon','2021-01-19','2021-01-19',118.0008316,9.2299995),
(156,93,'Palawan State University-Rizal','2021-01-19','2021-01-19',117.3499985,8.6833334),
(157,93,'Palawan State University-Roxas','2021-01-19','2021-01-19',119.3494415,10.3338890),
(158,93,'Palawan State University - San Vicente','2021-01-19','2021-01-19',119.2669449,10.5255556),
(159,93,'Palawan State University-Sofronio Española','2021-01-19','2021-01-19',118.0333328,9.4194441),
(160,93,'Northern Palawan Provincial Hospital','2021-01-19','2021-01-19',119.5036087,10.7719440),
(161,93,'Palawan State University-Taytay','2021-01-19','2021-01-19',119.5183334,10.8216667),
(162,109,'Brgy. Tanza, Boac, Marinduque','2021-01-19','2021-01-19',13.4548855,121.8437881),
(163,110,'Brgy. Capayang, Mogpog, Marinduque','2021-01-19','2021-01-19',13.4971142,121.8583832),
(164,111,'Brgy. Tanza, Boac, Marinduque','2021-01-19','2021-01-19',13.4543867,121.8443604),
(165,112,'Brgy. Tanza, Boac, Marinduque','2021-01-19','2021-01-19',13.4531612,121.8453217),
(166,114,'OMSC Labangan, Brgy. Labangan, San Jose, Occidental Mindoro','2021-01-19','2021-01-19',121.0735168,12.3651552),
(167,115,'Brgy. Tanza, Boac, Marinduque','2021-01-19','2021-01-19',13.4544764,121.8449249),
(168,117,'Brgy. Tanza, Boac, Marinduque','2021-01-19','2021-01-19',13.4536619,121.8450470),
(169,119,'Mamburao','2021-01-19','2021-01-19',120607184.0000000,13.2222080),
(170,123,'ORIENTAL MINDORO','2021-01-19','2021-01-19',121.1793060,13.0984888),
(171,124,'CALAPAN CITY','2021-01-19','2021-01-19',121.1954651,13.4194498),
(172,125,'CALAPAN CITY','2021-01-19','2021-01-19',121.1972427,13.4222031),
(173,126,'OMSC Labangan, Brgy. Labangan, San Jose, Occidental Mindoro','2021-01-19','2021-01-19',121.0737076,12.3635263),
(174,127,'OMSC Labangan, Brgy. Labangan, San Jose, Occidental Mindoro','2021-01-19','2021-01-19',121.0736084,12.3646717),
(175,128,'Bulalacao','2021-01-19','2021-01-19',12.3954105,121.4042740),
(176,129,'OMSC Labangan, Brgy. Labangan, San Jose, Occidental Mindoro','2021-01-19','2021-01-19',121.0739899,12.3659382),
(177,130,'OMSC Labangan, Brgy. Labangan, San Jose, Occidental Mindoro','2021-01-19','2021-01-19',121.0735855,12.3652554),
(178,134,'CALAPAN CITY, ORIENTAL MINDORO','2021-01-19','2021-01-19',121.1972275,13.4221029),
(179,137,'CALAPAN CITY, ORIENTAL MINDORO','2021-01-19','2021-01-19',121.1967468,13.4211740),
(180,140,'NAUJAN, OR. MINDORO','2021-01-19','2021-01-19',121.1670227,13.2727385),
(181,143,'TABLAS SILAND, ROMBLON','2021-01-19','2021-01-19',121.9959869,12.4210043),
(182,144,'TABLAS ISLAND, ROMBLON','2021-01-19','2021-01-19',122.0800476,12.3954935),
(183,146,'SAN JOSE, ROMBLON','2021-01-19','2021-01-19',121.9514771,12.0424347),
(184,147,'OMSC Labangan, Brgy. Labangan, San Jose, Occidental Mindoro','2021-01-19','2021-01-19',121.0735092,12.3655863),
(185,148,'Mamburao','2021-01-19','2021-01-19',120607184.0000000,13.2222080),
(186,151,'SAN JOSE, ROMBLON','2021-01-19','2021-01-19',121.9261780,12.0439663),
(187,152,'Sta. Cruz','2021-01-19','2021-01-19',120719064.0000000,13.0834131),
(188,153,'SAN AGUSTIN, ROMBLON','2021-01-19','2021-01-19',122.1556931,12.6381731),
(189,154,'OMSC Labangan, Brgy. Labangan, San Jose, Occidental Mindoro','2021-01-19','2021-01-19',121.0734253,12.3652287),
(190,157,'SAN AGUSTIN, ROMBLON','2021-01-19','2021-01-19',122.1054535,12.4618883),
(191,158,'Mamburao','2021-01-19','2021-01-19',120.6071854,13.2222080),
(192,160,'SAN ANDRES, ROMBLON','2021-01-19','2021-01-19',122.0140228,12.4990082),
(193,161,'SAN FERNANDO, ROMBLON','2021-01-19','2021-01-19',122.4985657,12.3838167),
(194,162,'Mamburao','2021-01-19','2021-01-19',120.6071854,13.2222080),
(195,166,'OMSC Murtha, Brgy. Murtha, San Jose, Occidental Mindoro','2021-01-19','2021-01-19',121.1182022,12.4583340),
(196,167,'OMSC Murtha, Brgy. Murtha, San Jose, Occidental Mindoro','2021-01-19','2021-01-19',121.1182022,12.4583340),
(197,168,'CORON, PALAWAN','2021-01-19','2021-01-19',120.0915909,12.0106611),
(198,170,'Naujan','2021-01-19','2021-01-19',121.2711334,13.2226620),
(199,171,'CORON, PALAWAN','2021-01-19','2021-01-19',120.1255951,12.1280622),
(200,173,'Bongabong','2021-01-19','2021-01-19',121.4680405,12.7740059),
(201,174,'Bongabong','2021-01-19','2021-01-19',121.4680405,12.7740059),
(202,175,'Mamburao','2021-01-19','2021-01-19',120607184.0000000,13.2222080),
(203,178,'Provincial Health Office, Province of Marinduque (PGM-PHO)','2021-01-19','2021-01-19',121.8357162,13.4602003),
(204,179,'Bangbangalon, Boac, Marinduque','2021-01-19','2021-01-19',121.8264923,13.4410105),
(205,180,'ROXAS, PALAWAN','2021-01-19','2021-01-19',119.2965164,10.2863646),
(206,181,'BUSUANGA, PALAWAN','2021-01-20','2021-01-20',120.0418930,12.2289524),
(207,182,'BUSUANGA, PALAWAN','2021-01-20','2021-01-20',120.1088562,12.1037331),
(208,183,'PALAWAN','2021-01-20','2021-01-20',117.1981583,8.3410788),
(209,185,'PALAWAN','2021-01-20','2021-01-20',117.2153091,8.4361477),
(210,186,'REYES (BUSUANGA-CORON) ROAD, PALAWAN','2021-01-20','2021-01-20',120.1442871,12.0786066),
(211,187,'PALAWAN','2021-01-20','2021-01-20',117.2462311,8.5350590),
(212,187,'PALAWAN','2021-01-20','2021-01-20',117.2503052,8.5373068),
(213,187,'PALAWAN','2021-01-20','2021-01-20',117.2183151,8.4859505),
(214,188,'Sta. Cruz, Marinduque','2021-01-20','2021-01-20',13.4458504,122.0520477),
(215,190,'PALAWAN','2021-01-20','2021-01-20',117.6217728,8.6769505),
(216,191,'BALABAC, PALAWAN','2021-01-20','2021-01-20',117.0188522,7.9525652),
(217,192,'ABORLAN, PALAWAN','2021-01-20','2021-01-20',118.5497513,9.4406185),
(218,185,'PALAWAN','2021-01-20','2021-01-20',117.2111435,8.4218340),
(219,193,'Dumaran, Palawan','2021-01-20','2021-01-20',10.5441666,119.6541672),
(220,195,'Puerto Princesa City, Palawan','2021-01-20','2021-01-20',9.9869595,118.8666000),
(221,201,'TESDA Oriental Mindoro Provincial Office, TESDA Bldg.,Villamor Compound, Bgry. Tawiran, Calapan City, Oriental Mindoro','2021-01-20','2021-01-26',13.3900661,121.1707306),
(222,200,'TESDA Oriental Mindoro Provincial Office, Calapan City','2021-01-20','2021-01-25',13.3900661,121.1707306),
(223,202,'TESDA Oriental Mindoro Provincial Office, TESDA Bldg.,Villamor Compound, Bgry. Tawiran, Calapan City, Oriental Mindoro','2021-01-20','2021-01-26',13.3900661,121.1707306),
(224,203,'TESDA Oriental Mindoro Provincial Office, TESDA Bldg.,Villamor Compound, Bgry. Tawiran, Calapan City, Oriental Mindoro','2021-01-20','2021-01-26',13.3900661,121.1707306),
(225,204,'TESDA Oriental Mindoro Provincial Office, TESDA Bldg.,Villamor Compound, Bgry. Tawiran, Calapan City, Oriental Mindoro','2021-01-20','2021-01-26',13.3900661,121.1707306),
(226,206,'Buyabod School of Arts and Trades, Buyabod, Sta. Cruz, Marinduque','2021-01-20','2021-01-26',13.4662714,122.0520248),
(227,207,'Torrijos Poblacion School of Arts and Trades, Marinduque','2021-01-20','2021-01-26',13.3321304,122.0984802),
(228,208,'Simeon Suan Vocational and Technical College, Bansud, Oriental Mindoro','2021-01-20','2021-01-26',12.8703194,121.4546204),
(229,209,'Puerto Princesa School of Arts and Trades, Palawan','2021-01-20','2021-01-26',9.7858601,118.7330322),
(230,210,'Alcantara, Romblon','2021-01-20','2021-01-26',12.2609196,122.0526428),
(231,218,'Municipalities of Abra de Ilog, Magsaysay, Sta, Cruz and Rizal','2021-01-20','2021-01-20',0.0000000,0.0000000),
(232,219,'PINALAMALAYAN ORIENTAL MINDORO K0064+(-780)','2021-01-20','2021-01-20',121.4785767,12.9914522),
(233,220,'ORIENTAL MINDORO K0074+640','2021-01-20','2021-01-20',121.4769211,12.5334749),
(234,221,'Municipalities of Abra de Ilog, Magsaysay, Sta. Cruz and Rizal','2021-01-20','2021-01-20',0.0000000,0.0000000),
(235,222,'Barangay Poblacion Mansalay, Oriental Mindoro','2021-01-20','2021-01-20',121.4386673,12.5199728),
(236,223,'Municipalities of Abra de Ilog, Magsaysay and Rizal','2021-01-20','2021-01-20',0.0000000,0.0000000),
(237,171,'CORON, PALAWAN','2021-01-20','2021-01-20',120.1095123,12.1303759),
(238,224,'Municipalities of Abra de Ilog, Magsaysay and Rizal','2021-01-20','2021-01-20',0.0000000,0.0000000),
(239,225,'Municipalities of Abra de Ilog, Magsaysay, Sta. Cruz and Rizal','2021-01-20','2021-01-20',0.0000000,0.0000000),
(240,226,'Port of Puerto Princesa, Palawan','2021-01-20','2021-01-22',118.7278290,9.7422600),
(241,227,'Marinduque State College','2021-01-20','2021-01-20',121.8445206,13.4538403),
(242,227,'Lopez Jaena Street, Barangay 6, Poblacion, San Jose, Occidental Mindoro','2021-01-20','2021-01-20',121.0664368,12.3517799),
(243,227,'Camilmil, Calapan City, Oriental Mindoro','2021-01-20','2021-01-20',121.1777725,13.4079103),
(244,227,'Bangbangalon, Boac, Marinduque','2021-01-20','2021-01-20',121.8285828,13.4406099),
(245,227,'Tabing-Dagat, Odiongan, Romblon','2021-01-20','2021-01-20',121.9804688,12.3994703),
(246,227,'Brgy. Sta. Monica, Puerto Princesa City','2021-01-20','2021-01-20',118.7340164,9.7842102),
(247,228,'Municipalities of Magsaysay and Rizal','2021-01-20','2021-01-20',0.0000000,0.0000000),
(248,229,'Municipalities of Magsayasay, Sta. Cruz, Abra de Ilog and San Jose','2021-01-20','2021-01-20',0.0000000,0.0000000),
(249,231,'Concepcion Sur, Sta. Maria, Romblon','2021-01-20','2021-01-20',122.0808487,12.3718996),
(250,235,'Roxas, Palawan','2021-01-21','2021-01-21',10.0885773,119.2110825),
(251,236,'Poblacion, Concepcion, Romblon','2021-01-21','2021-01-21',121.7046432,12.9273396),
(252,237,'Balogo, Banton, Romblon','2021-01-21','2021-01-21',122.0628815,12.9163198),
(253,238,'Brgy. Danleg, Dumaran, Palawan','2021-01-21','2021-01-21',19.6664009,10.5592299),
(254,238,'Bohol, Dumaran, Palawan','2021-01-21','2021-01-21',119.8932266,10.4939899),
(255,240,'Sta. Monica, Puerto Princesa City, Palawan','2021-01-21','2021-01-21',118.7340164,9.7842398),
(256,244,'Odiongan, Romblon','2021-01-21','2021-01-21',12.4083042,122.0258636),
(257,245,'Rizal Street, San Jose, Occidental Mindoro','2021-01-21','2021-01-21',121.0663300,12.3524799),
(258,245,'Camilmil, Calapan City, Oriental Mindoro','2021-01-21','2021-01-21',121.1777802,13.4078903),
(259,245,'Bangbangalon, Boac, Marinduque','2021-01-21','2021-01-21',121.8286133,13.4405203),
(260,245,'Brgy. Tabing-dagat, Odiongan, Romblon','2021-01-21','2021-01-21',121.9807587,12.3994102),
(261,245,'Sta. Monica, Puerto Princesa City, Palawan','2021-01-21','2021-01-21',118.7340393,9.7842197),
(262,246,'Occidental Mindoro','2021-01-21','2021-01-21',12.3013172,121.1537476),
(263,255,'OMSC Labangan, Brgy. Labangan, San Jose, Occidental Mindoro','2021-01-21','2021-01-21',121.0735092,12.3639927),
(264,256,'OMSC Labangan, Brgy. Labangan, san Jose, Occidental Mindoro','2021-01-21','2021-01-21',121.0726852,12.3643961),
(265,257,'OMSC Labangan, Brgy. Labangan, san Jose, Occidental Mindoro','2021-01-21','2021-01-21',121.0726852,12.3643961),
(266,258,'BOAC, MARINQUQUE','2021-01-21','2021-01-21',121.8440018,13.4580002),
(267,259,'PALAWAN','2021-01-21','2021-01-21',119.3679962,10.3719997),
(268,260,'CORON, PALAWAN','2021-01-21','2021-01-21',120.2070007,12.0019999),
(269,261,'CORON, PALAWAN','2021-01-21','2021-01-21',120.1849976,12.0220003),
(270,262,'NARRA, PALAWAN','2021-01-21','2021-01-21',118.1760025,9.1639996),
(271,263,'Port of Calapan, Oreintal Mindoro','2021-01-21','2021-01-21',13.4266338,121.1945572),
(272,264,'Rizal Street, San Jose, Occidental Mindoro','2021-01-21','2021-01-21',121.0663300,12.3524799),
(273,264,'Camilmil, Calapan City, Oriental Mindoro','2021-01-21','2021-01-21',121.1777802,13.4078903),
(274,264,'Bangbangalon, Boac, Marinduque','2021-01-21','2021-01-21',121.8286133,13.4405203),
(275,264,'Brgy. Tabing-dagat, Odiongan, Romblon','2021-01-21','2021-01-21',121.9807587,12.3994102),
(276,264,'Sta. Monica, Puerto Princesa City, Palawan','2021-01-21','2021-01-21',118.7340393,9.7842197),
(277,265,'Port of Abra de Ilog, Occidental Mindoro','2021-01-21','2021-01-21',13.4681110,120.7716141),
(278,266,'Port of Bulalacao, Oriental Mindoro','2021-01-21','2021-01-21',12.3135786,121.3403091),
(279,267,'Port of Bansud, Oriental Mindoro','2021-01-21','2021-01-21',12.8620081,121.4900589),
(280,268,'Puerto Princesa, Palawan','2021-01-22','2021-01-22',119.1650009,10.0330000),
(281,269,'PUERTO PRINCESA, PALAWAN','2021-01-22','2021-01-22',118.7119980,9.8920002),
(282,270,'PUERTO PRINCESA, PALAWAN','2021-01-22','2021-01-22',118.7129974,9.8979998),
(283,271,'PUERTO PRINCESA, PALAWAN','2021-01-22','2021-01-22',118.7320023,9.7320004),
(284,272,'PUERTO PRINCESA, PALAWAN','2021-01-22','2021-01-22',118.7310028,9.7320004),
(285,273,'PUERTO PRINCESA, PALAWAN','2021-01-22','2021-01-22',118.7320023,9.7320004),
(286,274,'Coron, Palawan','2021-01-22','2021-01-22',120.1459274,12.0508404),
(287,275,'PUERTO PRINCESA, PALAWAN','2021-01-22','2021-01-22',118.7139969,9.7959995),
(288,276,'BULALACAO, ORIENTAL MINDORO','2021-01-22','2021-01-22',121.4039993,12.4069996),
(289,277,'SIBUYAN, ROMBLON','2021-01-22','2021-01-22',122.5159988,12.4919996),
(290,279,'CORON, PALAWAN','2021-01-22','2021-01-22',120.2099991,12.0129995),
(291,281,'Sto. Nifio, Sablayan, Occidental Mindoro','2021-01-22','2021-01-22',120.9055328,12.8536301),
(292,282,'Buenavista, Sablayan, Occidental Mindoro','2021-01-22','2021-01-22',120.8151321,12.8640099),
(293,283,'Lopez Jaena St. Brgy 6, San Jose, Occidental Mindoro','2021-01-22','2021-01-22',121.0664902,12.3514900),
(294,284,'Poblacion, Abra De Ilog, Occidental Mindoro','2021-01-22','2021-01-22',120.6807022,13.4668102),
(295,285,'Brgy. Pagasa, Bansud, Oriental Mindoro','2021-01-22','2021-01-22',121.4516678,12.8747902),
(296,286,'San Jose, Roxas, Oriental Mindoro','2021-01-22','2021-01-22',121.5505371,12.6070604),
(297,287,'Brgy. Lumangbayan, Calapan City, Oriental Mindoro','2021-01-22','2021-01-22',121.1817169,13.4007998),
(298,288,'Brgy. Santa Rita, Pinamalayan, Oriental Mindoro','2021-01-22','2021-01-22',121.5045700,13.0845604),
(299,289,'Brgy. Santa Rita, Pinamalayan, Oriental Mindoro','2021-01-22','2021-01-22',121.5045700,13.0845604),
(300,290,'Barangay Market Site, Mogpog, Marinduque','2021-01-22','2021-01-22',121.8599014,13.4743204),
(301,291,'Barangay Market Site, Mogpog, Marinduque','2021-01-22','2021-01-22',121.8599014,13.4743204),
(302,292,'Zamora St., Liwayway, Odiongan','2021-01-22','2021-01-22',121.9823914,12.3985796),
(303,293,'Poblacion, Alcantara, Romblon','2021-01-22','2021-01-22',121.9866867,12.4053698),
(304,294,'Tulay, Odiongan, Romblon','2021-01-22','2021-01-22',121.9857101,12.3894701),
(305,295,'Brgy. San Miguel, Puerto Princesa','2021-01-22','2021-01-22',118.7485428,9.7677202),
(306,296,'Baltan St., Brgy. San Miguel, Puerto Princesa City','2021-01-22','2021-01-22',118.7427292,9.7412996),
(307,297,'Purok El Rancho, Brgy. Sta. Monica, Puerto Princesa City, Palawan','2021-01-22','2021-01-22',118.7344894,9.8074903),
(308,298,'Burgos, St. Brgy. Masikap, Puerto Princesa City, Palawan','2021-01-22','2021-01-22',118.7348175,9.7394199),
(309,299,'CALAPAN, MINDORO ORIENTAL','2021-01-22','2021-01-22',121.0479965,13.3879995),
(310,300,'CALAPAN, MINDORO ORIENTAL','2021-01-22','2021-01-22',121.0360031,13.3940001),
(311,301,'Boac, Marinduque','2021-01-22','2021-01-22',13.3881998,121.8818970),
(312,302,'CALAPAN, MINDORO ORIENTAL','2021-01-22','2021-01-22',120.9990005,13.4490004),
(313,303,'Buenavista, Marinduque','2021-01-22','2021-01-22',13.2698002,121.9565964),
(314,304,'CALAPAN, MINDORO ORIENTAL','2021-01-22','2021-01-22',120.9909973,13.4519997),
(315,305,'Gasan, Marinduque','2021-01-22','2021-01-22',13.3711481,121.8428650),
(316,306,'Calapan City, Oriental Mindoro','2021-01-22','2021-01-22',13.3845329,121.2368622),
(317,307,'Pola, Oriental Mindoro','2021-01-22','2021-01-22',13.1359901,121.4780884),
(318,308,'Naujan, Oriental Mindoro','2021-01-22','2021-01-22',13.2181473,121.1511002),
(319,309,'Pinamalayan, Oriental Mindoro','2021-01-22','2021-01-22',13.0441828,121.4716415),
(320,310,'BARANGAY SALVACION, BUSUANGA, PALAWAN','2021-01-22','2021-01-22',119.9243469,12.1372995),
(321,311,'Pola, Oriental Mindoro','2021-01-22','2021-01-22',13.1454687,121.3840485),
(322,312,'Puerto Princesa City, Palawan','2021-01-22','2021-01-22',9.8265419,118.7515335),
(323,313,'Puerto Princesa City, Palawan','2021-01-22','2021-01-22',9.7804747,118735448.0000000),
(324,314,'Puerto Princesa City, Palawan','2021-01-22','2021-01-22',9.7803802,118735384.0000000),
(325,315,'Puerto Princesa City, Palawan','2021-01-22','2021-01-22',9.7804375,118735560.0000000),
(326,316,'ORIENTAL MINDORO','2021-01-24','2021-01-24',120.9869995,13.4589996),
(327,317,'ORIENTAL MINDORO','2021-01-25','2021-01-25',120.9720001,13.4680004),
(328,318,'ORIENTAL MINDORO','2021-01-25','2021-01-25',120.9020004,13.5030003),
(329,319,'CALAPAN, MINDORO ORIENTAL','2021-01-25','2021-01-25',121.0459976,13.3900003),
(330,320,'CALAPAN, MINDORO ORIENTAL','2021-01-25','2021-01-25',120.9810028,13.4580002),
(331,321,'ORIENTAL MINDORO','2021-01-25','2021-01-25',120.9749985,13.4630003),
(332,322,'CORON, PALAWAN','2021-01-25','2021-01-25',120.0780029,12.1610003),
(333,323,'TABLAS ISLAND, ROMBLON','2021-01-25','2021-01-25',122.1119995,12.6099997),
(334,324,'TABLAS ISLAND, ROMBLON','2021-01-25','2021-01-25',122.1060028,12.6099997),
(335,325,'TABLAS ISLAND, ROMBLON','2021-01-25','2021-01-25',122.1050034,12.6120005),
(336,326,'TABLAS ISLAND, ROMBLON','2021-01-25','2021-01-25',122.1129990,12.6099997),
(337,327,'ABO-ABO, PALAWAN','2021-01-25','2021-01-25',118.1070023,9.1669998),
(338,327,'QUEZON, PALAWAN','2021-01-25','2021-01-25',118.0449982,9.2049999),
(339,330,'SAN JOSE - PORT BARTON, PALAWAN','2021-01-25','2021-01-25',119.1800003,10.3920002),
(340,332,'Mamburao','2021-01-25','2021-01-25',120.6071854,13.2222080),
(341,333,'Mamburao','2021-01-25','2021-01-25',120.6071854,13.2222080),
(342,334,'Mamburao','2021-01-25','2021-01-25',120.6071854,13.2222080),
(343,335,'Brgy. Poctoy, Boac, Marinduque','2021-01-25','2021-01-25',121.8694458,13.4327717),
(344,336,'Mamburao','2021-01-25','2021-01-25',120.6071854,13.2222080),
(345,337,'Mamburao','2021-01-25','2021-01-25',120.6071854,13.2222080),
(346,328,'Mamburao','2021-01-25','2021-01-25',120.6071854,13.2222080),
(347,338,'Brgy. Haguimit, Sta. Cruz, Marinduque','2021-01-25','2021-01-25',122.0652771,13.3924999),
(348,339,'Brgy. Libjo, Sta. Cruz, Marinduque','2021-01-25','2021-01-25',122.0227814,13.4710283),
(349,331,'Mamburao','2021-01-25','2021-01-25',120.6071854,13.2222080),
(350,329,'Mamburao','2021-01-25','2021-01-25',120.6071854,13.2222080),
(351,340,'Brgy. Masalukot, Sta. Cruz, Marinduque','2021-01-25','2021-01-25',122.0330582,13.4021473),
(352,341,'El Nido RHU','2021-01-25','2021-01-25',119.3910141,11.1792078),
(353,341,'Coron RHU','2021-01-25','2021-01-25',120.2049103,11.9986000),
(354,341,'Northern Palawan Provincial Hospital','2021-01-25','2021-01-25',119.5038910,10.7722321),
(355,341,'Coron District Hospital','2021-01-25','2021-01-25',120.1988754,12.0058260),
(356,342,'PORT BARTON, PALAWAN','2021-01-25','2021-01-25',119.1790009,10.3950005),
(357,343,'Rizal, Occidental Mindoro','2021-01-25','2021-01-25',0.0000000,0.0000000),
(358,105,'Brgy. Poctoy, Boac, Marinduque','2021-01-25','2021-01-25',121.8694458,13.4327717),
(359,105,'Brgy. Haguimit, Sta. Cruz, Marinduque','2021-01-25','2021-01-25',122.0652771,13.3924999),
(360,105,'Brgy. Libjo, Sta. Cruz, Marinduque','2021-01-25','2021-01-25',122.0227814,13.4710283),
(361,105,'Brgy. Pawa, Boac, Marinduque','2021-01-25','2021-01-25',121.8797226,13.4514647),
(362,344,'PORT BARTON, PALAWAN','2021-01-25','2021-01-25',119.1610031,10.3579998),
(363,350,'Brgy. Napo, Sta. Cruz, Marinduque','2021-01-25','2021-01-25',122.0758133,13.4378796),
(364,351,'PORT BARTON, PALAWAN','2021-01-25','2021-01-25',119.2149963,10.3579998),
(365,352,'ROXAS, PALAWAN','2021-01-25','2021-01-25',119.1220016,10.0760002),
(366,353,'ROXAS, PALAWAN','2021-01-25','2021-01-25',119.1210022,10.0769997),
(367,354,'PALAWAN','2021-01-25','2021-01-25',119.1179962,10.0629997),
(368,200,'TESDA Occidental Mindoro Provincial Office, 2/F Three Kids Bldg., Rizal cor. Lopez Jaena St., Brgy.6 San Jose, Occidental Mindoro','2021-01-25','2021-01-25',12.3530197,121.0662994),
(369,363,'Brgy. Alacalian, Taytay','2021-01-25','2021-01-25',119.4158630,10.7154484),
(370,363,'Brgy. Buenavista, Coron','2021-01-25','2021-01-25',120.2345276,12.1314220),
(371,363,'Brgy. Tinitian, Roxas','2021-01-25','2021-01-25',119.1940765,10.0540705),
(372,363,'Brgy. Batas, Taytay','2021-01-25','2021-01-25',119.5926895,11.1671057),
(373,363,'Brgy. Nangalao, Linapacan','2021-01-25','2021-01-25',120.1703262,11.4465199),
(374,363,'Brgy. Cabunlawan, Linapacan','2021-01-25','2021-01-25',120.0941696,11.3741951),
(375,363,'Brgy. Barotuan, El Nido','2021-01-25','2021-01-25',119.2656937,11.1820602),
(376,363,'Brgy. Libertad, El Nido','2021-01-25','2021-01-25',119.2524109,11.1154900),
(377,363,'Brgy. Antonino, Roxas','2021-01-25','2021-01-25',119.2945786,10.2610502),
(378,364,'Puerto Princesa City, Palawan','2021-01-26','2021-01-26',9.7770424,118732528.0000000),
(379,365,'Puerto Princesa City, Palawan','2021-01-26','2021-01-26',9.7770424,118732528.0000000),
(380,366,'Puerto Princesa City, Palawan','2021-01-26','2021-01-26',9.7767897,118735160.0000000),
(381,367,'Sta. Cruz Elementary School, Brgy. Sta. Cruz, Calapan City','2021-01-26','2021-01-26',13.4124756,121.1717529),
(382,368,'Sitio Ilang-ilang, Agos, Gloria, Oriental Mindoro','2021-01-26','2021-01-26',12.9707136,121.4514084),
(383,369,'Municipal Hall, Naujan, Oriental Mindoro','2021-01-26','2021-01-26',13.3244829,121.3000946),
(384,370,'Sitio Malamig, Leido, Victoria, Oriental Mindoro','2021-01-26','2021-01-26',13.1300278,121.1671829),
(385,371,'Puerto Princesa City, Palawan','2021-01-26','2021-01-26',9.7788830,118733216.0000000),
(386,372,'Brgy. Poblacion, Narra, Palawan','2021-01-26','2021-01-26',9.2804203,118.1456909),
(387,373,'Brgy. Poblacion, San Agustin, Romblon','2021-01-26','2021-01-26',12.3582649,121.8310318),
(388,374,'Puerto Princesa City, Palawan','2021-01-26','2021-01-26',9.7774010,118732896.0000000),
(389,375,'Brgy. Corong-Corong, El Nido, Palawan','2021-01-26','2021-01-26',11.1642523,119.3876343),
(390,376,'Naujan, Oriental Mindoro','2021-01-26','2021-01-26',121.2427444,13.2785292),
(391,376,'Roxas, Oriental Mindoro','2021-01-26','2021-01-26',121.5170364,12.5903997),
(392,376,'Mansalay, Oriental Mindoro','2021-01-26','2021-01-26',121.4411621,12.5211096),
(393,376,'Pinamalayan, Oriental Mindoro','2021-01-26','2021-01-26',121.4857330,13.0339403),
(394,376,'Pinamalayan, Oriental Mindoro','2021-01-26','2021-01-26',121.4925995,12.5983000),
(395,200,'TESDA Romblon Provincial Office, 2nd Floor EGE Building Festin Street Brgy. Ligaya, Odiongan, Romblon','2021-01-26','2021-01-26',12.4022903,121.9836502),
(396,200,'TESDA Marinduque Pronvincial Office, 3rd Flr. Francisco-Pura Bldg., Brgy. San Miguel, Boac, Marinduque','2021-01-26','2021-01-26',13.4485102,121.8400726),
(397,200,'TESDA Palawan Provincial Office, PPSAT Complex, Rafols Road, Brgy. Sta. Monica, Puerto Princesa City','2021-01-26','2021-01-26',9.7858801,118.7330322),
(398,201,'TESDA Occidental Mindoro Provincial Office, 2/F Three Kids Bldg., Rizal cor. Lopez Jaena St., Brgy.6 San Jose, Occidental Mindoro','2021-01-26','2021-01-26',12.3530197,121.0662994),
(399,201,'TESDA Palawan Provincial Office, PPSAT Complex, Rafols Road, Brgy. Sta. Monica, Puerto Princesa City','2021-01-26','2021-01-26',9.7858801,118.7330322),
(400,201,'TESDA Romblon Provincial Office, 2nd Floor EGE Building Festin Street Brgy. Ligaya, Odiongan, Romblon','2021-01-26','2021-01-26',12.4022903,121.9836502),
(401,201,'TESDA Marinduque Pronvincial Office, 3rd Flr. Francisco-Pura Bldg., Brgy. San Miguel, Boac, Marinduque','2021-01-26','2021-01-26',13.4485102,121.8400726),
(402,202,'TESDA Occidental Mindoro Provincial Office, 2/F Three Kids Bldg., Rizal cor. Lopez Jaena St., Brgy.6 San Jose, Occidental Mindoro','2021-01-26','2021-01-26',12.3530197,121.0662994),
(403,202,'TESDA Palawan Provincial Office, PPSAT Complex, Rafols Road, Brgy. Sta. Monica, Puerto Princesa City','2021-01-26','2021-01-26',9.7858801,118.7330322),
(404,202,'TESDA Romblon Provincial Office, 2nd Floor EGE Building Festin Street Brgy. Ligaya, Odiongan, Romblon','2021-01-26','2021-01-26',12.4022903,121.9836502),
(405,202,'TESDA Marinduque Pronvincial Office, 3rd Flr. Francisco-Pura Bldg., Brgy. San Miguel, Boac, Marinduque','2021-01-26','2021-01-26',13.4485102,121.8400726),
(406,203,'TESDA Occidental Mindoro Provincial Office, 2/F Three Kids Bldg., Rizal cor. Lopez Jaena St., Brgy.6 San Jose, Occidental Mindoro','2021-01-26','2021-01-26',12.3530197,121.0662994),
(407,203,'TESDA Palawan Provincial Office, PPSAT Complex, Rafols Road, Brgy. Sta. Monica, Puerto Princesa City','2021-01-26','2021-01-26',9.7858801,118.7330322),
(408,203,'TESDA Romblon Provincial Office, 2nd Floor EGE Building Festin Street Brgy. Ligaya, Odiongan, Romblon','2021-01-26','2021-01-26',12.4022903,121.9836502),
(409,203,'TESDA Marinduque Pronvincial Office, 3rd Flr. Francisco-Pura Bldg., Brgy. San Miguel, Boac, Marinduque','2021-01-26','2021-01-26',13.4485102,121.8400726),
(410,204,'TESDA Occidental Mindoro Provincial Office, 2/F Three Kids Bldg., Rizal cor. Lopez Jaena St., Brgy.6 San Jose, Occidental Mindoro','2021-01-26','2021-01-26',12.3530197,121.0662994),
(411,204,'TESDA Palawan Provincial Office, PPSAT Complex, Rafols Road, Brgy. Sta. Monica, Puerto Princesa City','2021-01-26','2021-01-26',9.7858801,118.7330322),
(412,204,'TESDA Romblon Provincial Office, 2nd Floor EGE Building Festin Street Brgy. Ligaya, Odiongan, Romblon','2021-01-26','2021-01-26',12.4022903,121.9836502),
(413,204,'TESDA Marinduque Pronvincial Office, 3rd Flr. Francisco-Pura Bldg., Brgy. San Miguel, Boac, Marinduque','2021-01-26','2021-01-26',13.4485102,121.8400726),
(414,205,'TESDA Oriental Mindoro Provincial Office, TESDA Bldg.,Villamor Compound, Bgry. Tawiran, Calapan City, Oriental Mindoro','2021-01-26','2021-01-26',13.3900661,121.1707306),
(415,205,'TESDA Occidental Mindoro Provincial Office, 2/F Three Kids Bldg., Rizal cor. Lopez Jaena St., Brgy.6 San Jose, Occidental Mindoro','2021-01-26','2021-01-26',12.3530197,121.0662994),
(416,205,'TESDA Palawan Provincial Office, PPSAT Complex, Rafols Road, Brgy. Sta. Monica, Puerto Princesa City','2021-01-26','2021-01-26',9.7858801,118.7330322),
(417,205,'TESDA Romblon Provincial Office, 2nd Floor EGE Building Festin Street Brgy. Ligaya, Odiongan, Romblon','2021-01-26','2021-01-26',12.4022903,121.9836502),
(418,205,'TESDA Marinduque Pronvincial Office, 3rd Flr. Francisco-Pura Bldg., Brgy. San Miguel, Boac, Marinduque','2021-01-26','2021-01-26',13.4485102,121.8400726),
(419,377,'Poblacion, Calatrava, Romblon','2021-01-26','2021-01-26',122.0727463,12.6171198),
(420,378,'Poblacion, San Agustin, Romblon','2021-01-26','2021-01-26',122.1324921,12.5691967),
(421,379,'Puerto Princesa City, Palawan','2021-01-26','2021-01-26',9.7788982,118733224.0000000),
(422,380,'Puerto Princesa City, Palawan','2021-01-26','2021-01-26',9.7789879,118734512.0000000),
(423,381,'Taytay, Palawan','2021-01-26','2021-01-26',10.7699108,119507296.0000000),
(424,382,'El Nido, Palawan','2021-01-26','2021-01-26',11.1572018,119437680.0000000),
(425,383,'Alcate, Victoria, Or. Mindoro','2021-01-26','2021-01-26',121.1886368,13.1759644),
(427,391,'Alcate, Victoria, Or. Mindoro','2021-01-26','2021-01-26',121.1886368,13.1759644),
(428,394,'Alcate, Victoria, Or. Mindoro','2021-01-26','2021-01-26',121.1886368,13.1759644),
(429,395,'Masipit, Calapan City, Oriental Mindoro','2021-01-26','2021-01-26',121.1570435,13.3817387),
(430,396,'Labasan, Bongabong, Oriental MIndoro','2021-01-26','2021-01-26',121.4739609,12.7947206),
(431,397,'Labasan, Bongabong, Oriental MIndoro','2021-01-26','2021-01-26',121.4739609,12.7947206),
(432,398,'Alcate, Victoria, Or. Mindoro','2021-01-26','2021-01-26',121.1886368,13.1759644),
(433,399,'Masipit, Calapan City, Oriental Mindoro','2021-01-26','2021-01-26',121.1570435,13.3817387),
(434,399,'Labasan, Bongabong, Oriental MIndoro','2021-01-26','2021-01-26',121.4739609,12.7947206),
(435,400,'Alcate, Victoria, Or. Mindoro','2021-01-26','2021-01-26',121.1886368,13.1759644),
(436,405,'Alcate, Victoria, Or. Mindoro','2021-01-26','2021-01-26',121.1886368,13.1759644),
(437,211,'Rizal Occidental Mindoro TESDA Training and Accreditation Center, Occidental Mindoro','2021-01-26','2021-01-26',12.4703503,121.0314636),
(438,409,'Alcate, Victoria, Or. Mindoro','2021-01-26','2021-01-26',121.1886368,13.1759644),
(439,409,'Masipit, Calapan City, Oriental Mindoro','2021-01-26','2021-01-26',121.1570435,13.3817387),
(440,410,'Alcate, Victoria, Or. Mindoro','2021-01-26','2021-01-26',121.1886368,13.1759644),
(441,410,'Masipit, Calapan City, Oriental Mindoro','2021-01-26','2021-01-26',121.1570435,13.3817387),
(442,410,'Labasan, Bongabong, Oriental MIndoro','2021-01-26','2021-01-26',121.4739609,12.7947206),
(443,411,'Alcate, Victoria, Or. Mindoro','2021-01-26','2021-01-26',121.1886368,13.1759644),
(444,411,'Masipit, Calapan City, Oriental Mindoro','2021-01-26','2021-01-26',121.1570435,13.3817387),
(445,411,'Labasan, Bongabong, Oriental MIndoro','2021-01-26','2021-01-26',121.4739609,12.7947206);

/*Table structure for table `logs` */

DROP TABLE IF EXISTS `logs`;

CREATE TABLE `logs` (
  `id` int(11) NOT NULL AUTO_INCREMENT,
  `log` text NOT NULL,
  `created_at` datetime NOT NULL,
  `updated_at` datetime NOT NULL,
  `username` varchar(50) NOT NULL,
  PRIMARY KEY (`id`)
) ENGINE=InnoDB AUTO_INCREMENT=776 DEFAULT CHARSET=utf8mb4;

/*Data for the table `logs` */

insert  into `logs`(`id`,`log`,`created_at`,`updated_at`,`username`) values 
(1,'Added Project: NEDA SAMPLE PROJECT','2021-01-18 01:00:39','2021-01-18 01:00:39','NEDASAMPLE'),
(2,'Edited Project: NEDA SAMPLE PROJECT','2021-01-18 01:00:54','2021-01-18 01:00:54','NEDASAMPLE'),
(3,'Edited Project: NEDA SAMPLE PROJECT','2021-01-18 01:01:54','2021-01-18 01:01:54','NEDASAMPLE'),
(4,'Edited Project: NEDA SAMPLE PROJECT','2021-01-18 01:02:00','2021-01-18 01:02:00','NEDASAMPLE'),
(5,'Edited Project: NEDA SAMPLE PROJECT','2021-01-18 01:02:44','2021-01-18 01:02:44','NEDASAMPLE'),
(6,'Added Project: NEDA Mimaropa Building','2021-01-18 01:57:07','2021-01-18 01:57:07','NEDASAMPLE'),
(7,'Endorsed Project for Form 1: NEDA Mimaropa Building','2021-01-18 02:04:15','2021-01-18 02:04:15','NEDASAMPLE'),
(8,'Added Project: MONGPONG RIS','2021-01-18 02:05:30','2021-01-18 02:05:30','Lowell L. Lozano'),
(9,'Submitted Form 1','2021-01-18 02:07:14','2021-01-18 02:07:14','NEDASAMPLE'),
(10,'Endorsed Project for Form 2: NEDA Mimaropa Building','2021-01-18 02:47:15','2021-01-18 02:47:15','NEDASAMPLE'),
(11,'Added Project: Concreting of Access Road CGC Complex (COA Bldg to Motorpool)','2021-01-18 04:56:47','2021-01-18 04:56:47','Aristeo Joseph C. Genil'),
(12,'Added Project: Rehabilitation of Multi-Purpose Building - RSU Main Campus','2021-01-18 05:00:27','2021-01-18 05:00:27','Dr. Reynaldo P. Ramos'),
(13,'Added Project: Construction of MSC Gymnasium','2021-01-18 05:12:26','2021-01-18 05:12:26','Mr. Romell L. Morales'),
(14,'Endorsed Project for Form 3: NEDA Mimaropa Building','2021-01-18 05:14:13','2021-01-18 05:14:13','NEDASAMPLE'),
(15,'Endorsed Project for Form 3: NEDA SAMPLE PROJECT','2021-01-18 05:15:21','2021-01-18 05:15:21','NEDASAMPLE'),
(16,'Submitted Form 1','2021-01-18 05:16:11','2021-01-18 05:16:11','Eljun Francel A. Angeles'),
(17,'Submitted Form 1','2021-01-18 05:16:23','2021-01-18 05:16:23','Eljun Francel A. Angeles'),
(18,'Added Project: Inspection and Monitoring o PNP Offices/Units/Stations','2021-01-18 05:18:27','2021-01-18 05:18:27','Lorlaine F. Dolendo'),
(19,'Submitted Form 3','2021-01-18 05:37:52','2021-01-18 05:37:52','NEDASAMPLE'),
(20,'Endorsed Project for Form 4: NEDA Mimaropa Building','2021-01-18 05:43:26','2021-01-18 05:43:26','NEDASAMPLE'),
(21,'Submitted Form 4','2021-01-18 05:43:55','2021-01-18 05:43:55','NEDASAMPLE'),
(22,'Endorsed Project for Form 4: NEDA Mimaropa Building','2021-01-18 05:45:19','2021-01-18 05:45:19','NEDASAMPLE'),
(23,'Added Project: Construction of Multi-Purpose Hall (Phase II)','2021-01-18 05:56:32','2021-01-18 05:56:32','Emelita G. Agpalo'),
(24,'Added Project: Establishment of Small Water Impounding System Oriental Mindoro 54 cu. m.','2021-01-18 06:05:57','2021-01-18 06:05:57','John Philip M. Merced'),
(25,'Added Project: Establishment of Small Water Impounding System Oriental Mindoro 50 cu. m.','2021-01-18 06:11:28','2021-01-18 06:11:28','John Philip M. Merced'),
(26,'Added Project: Establishment of Small Water Impounding System Oriental Mindoro 50 cu. m. Bulalacao','2021-01-18 06:17:07','2021-01-18 06:17:07','John Philip M. Merced'),
(27,'Added Project: Balik Sigla sa Agrikultura , Cattle Dispersal Program','2021-01-18 06:25:09','2021-01-18 06:25:09','Bernadette T. Salgado'),
(28,'Added Project: Concreting of Road with slope protection (phase II)','2021-01-18 06:25:38','2021-01-18 06:25:38','Aristeo Joseph C. Genil'),
(29,'Edited Project: Rehabilitation of Multi-Purpose Building - RSU Main Campus','2021-01-18 06:27:05','2021-01-18 06:27:05','Dr. Reynaldo P. Ramos'),
(30,'Added Project: Construction of College of Business Management Academic Building','2021-01-18 06:29:40','2021-01-18 06:29:40','Engr. Ryan Jay V. Balcarcel'),
(31,'Added Project: Erpmes Sample Project','2021-01-18 06:31:18','2021-01-18 06:31:18','Mr. Mathew Micah Lamitar'),
(32,'Edited Project: Construction of Multi-Purpose Hall (Phase II)','2021-01-18 06:33:06','2021-01-18 06:33:06','Emelita G. Agpalo'),
(33,'Added Project: Malico CIS (Extension)','2021-01-18 06:33:07','2021-01-18 06:33:07','Lowell L. Lozano'),
(34,'Added Project: Balik Sigla sa Agrikultura - Broiler Dispersal Program','2021-01-18 06:35:39','2021-01-18 06:35:39','Bernadette T. Salgado'),
(35,'Edited Project: Balik Sigla sa Agrikultura , Cattle Dispersal Program','2021-01-18 06:36:16','2021-01-18 06:36:16','Bernadette T. Salgado'),
(36,'Added Project: Rehabilitation of Multi-Purpose Building - San Fernando Campus','2021-01-18 06:36:31','2021-01-18 06:36:31','Dr. Reynaldo P. Ramos'),
(37,'Added Project: Construction of President\'s Housing','2021-01-18 06:36:46','2021-01-18 06:36:46','Engr. Robert N. Lamonte'),
(38,'Edited Project: Rehabilitation of Multi-Purpose Building - RSU Main Campus','2021-01-18 06:37:35','2021-01-18 06:37:35','Dr. Reynaldo P. Ramos'),
(39,'Edited Project: Construction of President\'s Housing','2021-01-18 06:38:04','2021-01-18 06:38:04','Engr. Robert N. Lamonte'),
(40,'Added Project: Free Wi-Fi for All','2021-01-18 06:39:06','2021-01-18 06:39:06','Raiza Joyce A. Mendoza'),
(41,'Added Project: Balik Sigla sa Agrikultura - Layer Chicken Module','2021-01-18 06:39:31','2021-01-18 06:39:31','Bernadette T. Salgado'),
(42,'Edited Project: Rehabilitation of Multi-Purpose Building - RSU Main Campus','2021-01-18 06:45:24','2021-01-18 06:45:24','Dr. Reynaldo P. Ramos'),
(43,'Added Project: Special Maintenance Along Mamburao-Paluan Provincial Road (A)','2021-01-18 06:45:58','2021-01-18 06:45:58','Emelita G. Agpalo'),
(44,'Edited Project: Rehabilitation of Multi-Purpose Building - San Fernando Campus','2021-01-18 06:46:02','2021-01-18 06:46:02','Dr. Reynaldo P. Ramos'),
(45,'Edited Project: Rehabilitation of Multi-Purpose Building - San Fernando Campus','2021-01-18 06:46:31','2021-01-18 06:46:31','Dr. Reynaldo P. Ramos'),
(46,'Added Project: improvement and expansion of existing water supply system of Sablayan WD','2021-01-18 06:47:12','2021-01-18 06:47:12','Punzalan'),
(47,'Added Project: Construction of Centro Diversion Dam','2021-01-18 06:49:11','2021-01-18 06:49:11','Rolibeth G. Morillo '),
(48,'Edited Project: Free Wi-Fi for All | Free Public Internet Access Program - Managed Internet Service','2021-01-18 06:49:13','2021-01-18 06:49:13','Raiza Joyce A. Mendoza'),
(49,'Added Project: Construction of Sabang Diversion Dam','2021-01-18 06:53:19','2021-01-18 06:53:19','Rolibeth G. Morillo '),
(50,'Added Project: Rehabilitation of CENRO San Jose Office Building','2021-01-18 06:53:19','2021-01-18 06:53:19','John Philip M. Merced'),
(51,'Added Project: Construction of Dapi Elementary School Multi-Purpose Hall','2021-01-18 06:54:28','2021-01-18 06:54:28','Emelita G. Agpalo'),
(52,'Endorsed Project for Form 1: Construction of College of Business Management Academic Building','2021-01-18 06:57:33','2021-01-18 06:57:33','Engr. Ryan Jay V. Balcarcel'),
(53,'Added Project: Construction of School Dormitory for the College of Agriculture, Fishery and Forestry','2021-01-18 06:57:57','2021-01-18 06:57:57','Dr. Reynaldo P. Ramos'),
(54,'Added Project: Rehabilitation of Malakibay Diversion Dam','2021-01-18 06:58:49','2021-01-18 06:58:49','Rolibeth G. Morillo '),
(55,'Added Project: Completion of Sta. Cruz RHU, Occidental Mindoro','2021-01-18 06:59:22','2021-01-18 06:59:22','Engr. Stephanie S. Sioco'),
(56,'Added Project: Rehabilitation of the College of Arts and Sciences Building','2021-01-18 07:01:21','2021-01-18 07:01:21','Dr. Reynaldo P. Ramos'),
(57,'Added Project: Construction of Crisis Center for Women and Children (Phase-I)','2021-01-18 07:01:26','2021-01-18 07:01:26','Emelita G. Agpalo'),
(58,'Edited Project: Free Wi-Fi for All | Free Public Internet Access Program - Managed Internet Service','2021-01-18 07:01:35','2021-01-18 07:01:35','Raiza Joyce A. Mendoza'),
(59,'Added Project: Rehabilitation of Rosacara Diversion Dam','2021-01-18 07:03:22','2021-01-18 07:03:22','Rolibeth G. Morillo '),
(60,'Edited Project: Free Wi-Fi for All | Free Public Internet Access Program - Managed Internet Service','2021-01-18 07:04:02','2021-01-18 07:04:02','Raiza Joyce A. Mendoza'),
(61,'Added Project: Distribution of mungbean seeds for crop diversification','2021-01-18 07:07:18','2021-01-18 07:07:18','Bernadette T. Salgado'),
(62,'Added Project: Construction/Rehabilitation and Expansion of Rizal Rural Health Unit','2021-01-18 07:07:45','2021-01-18 07:07:45','Engr. Stephanie S. Sioco'),
(63,'Added Project: Extension of Paetan Irrigation Canal','2021-01-18 07:07:51','2021-01-18 07:07:51','Rolibeth G. Morillo '),
(64,'Endorsed Project for Form 2: Construction of College of Business Management Academic Building','2021-01-18 07:08:05','2021-01-18 07:08:05','Engr. Ryan Jay V. Balcarcel'),
(65,'Added Project: Construction of Learning Resource Center and Museum','2021-01-18 07:09:23','2021-01-18 07:09:23','Engr. Robert N. Lamonte'),
(66,'Added Project: Construction of Concrete Bridge','2021-01-18 07:10:11','2021-01-18 07:10:11','Emelita G. Agpalo'),
(67,'Added Project: Concreting of San Vicente Irrigation Canal','2021-01-18 07:12:45','2021-01-18 07:12:45','Rolibeth G. Morillo '),
(68,'Endorsed Project for Form 3: Construction of College of Business Management Academic Building','2021-01-18 07:13:26','2021-01-18 07:13:26','Engr. Ryan Jay V. Balcarcel'),
(69,'Added Project: Construction of Multi-Purpose Hall','2021-01-18 07:14:55','2021-01-18 07:14:55','Emelita G. Agpalo'),
(70,'Added Project: Construction od Masaquisi Irrigation Canal','2021-01-18 07:16:02','2021-01-18 07:16:02','Rolibeth G. Morillo '),
(71,'Submitted Form 1','2021-01-18 07:16:10','2021-01-18 07:16:10','Engr. Ryan Jay V. Balcarcel'),
(72,'Added Project: neda cr','2021-01-18 07:19:17','2021-01-18 07:19:17','Jojo R. Datinguinoo'),
(73,'Added Project: UPGRADING/IMPROVEMENT/REHABILITATION OF ROMBLON-CAJIMOS-SABANG ROAD','2021-01-18 07:19:30','2021-01-18 07:19:30','Victorino N. Benedicto, Jr.'),
(74,'Added Project: REHAB OF MINOLO (PUERTO-GALERA)-MAMBURAO 69KV TL PROJECT','2021-01-18 07:19:56','2021-01-18 07:19:56','Marilou O. Oribiana'),
(75,'Added Project: Construction of Multi-Purpose Hall','2021-01-18 07:20:47','2021-01-18 07:20:47','Emelita G. Agpalo'),
(76,'Added Project: DOLE Integrated Livelihood Program','2021-01-18 07:21:02','2021-01-18 07:21:02','Kim Neko C. Bana'),
(77,'Edited Project: DOLE Integrated Livelihood Program','2021-01-18 07:21:26','2021-01-18 07:21:26','Kim Neko C. Bana'),
(78,'Edited Project: UPGRADING/IMPROVEMENT/REHABILITATION OF ROMBLON-CAJIMOS-SABANG ROAD','2021-01-18 07:21:56','2021-01-18 07:21:56','Victorino N. Benedicto, Jr.'),
(79,'Edited Project: Rehabilitation of Malakibay Diversion Dam','2021-01-18 07:22:24','2021-01-18 07:22:24','Jean E. Tirante'),
(80,'Edited Project: Construction of Learning Resource Center and Museum','2021-01-18 07:23:34','2021-01-18 07:23:34','Engr. Robert N. Lamonte'),
(81,'Edited Project: neda sample','2021-01-18 07:23:55','2021-01-18 07:23:55','Jojo R. Datinguinoo'),
(82,'Edited Project: Concreting of San Vicente Irrigation Canal','2021-01-18 07:24:08','2021-01-18 07:24:08','Jean E. Tirante'),
(83,'Edited Project: NEDA sample - Jojo','2021-01-18 07:24:12','2021-01-18 07:24:12','Jojo R. Datinguinoo'),
(84,'Added Project: Repair of Roofing of Multi-Purpose Hall and Construction of Stage','2021-01-18 07:24:38','2021-01-18 07:24:38','Emelita G. Agpalo'),
(85,'Edited Project: UPGRADING/IMPROVEMENT/REHABILITATION OF ROMBLON-CAJIMOS-SABANG ROAD','2021-01-18 07:25:05','2021-01-18 07:25:05','Victorino N. Benedicto, Jr.'),
(86,'Added Project: Constructioin of Labonan Diversion Dam','2021-01-18 07:25:10','2021-01-18 07:25:10','Rolibeth G. Morillo '),
(87,'Added Project: Construction of Alimanguhan Concrete Canal Lining','2021-01-18 07:29:44','2021-01-18 07:29:44','Rolibeth G. Morillo '),
(88,'Added Project: Extension of Valderama Irrigation Canal','2021-01-18 07:33:08','2021-01-18 07:33:08','Rolibeth G. Morillo '),
(89,'Added Project: Rice-Based Product Innovation and Enterprise Development Center','2021-01-18 07:35:05','2021-01-18 07:35:05','Jelyn E. Doctor'),
(90,'Added Project: Construction and Installation of Dumarao SPIS','2021-01-18 07:36:32','2021-01-18 07:36:32','Rolibeth G. Morillo '),
(91,'Added Project: Construction and Installation of Duongan SPIS','2021-01-18 07:39:30','2021-01-18 07:39:30','Rolibeth G. Morillo '),
(92,'Added Project: Upgrading/Improvement of JCT Ibud-Victoria Provincial Road (Phase II)','2021-01-18 07:39:30','2021-01-18 07:39:30','Emelita G. Agpalo'),
(93,'Added Project: Supply and Erection/Installation of Roxas-Taytay 69kV T/L Project, Schedule 1','2021-01-18 07:40:40','2021-01-18 07:40:40','Marilou O. Oribiana'),
(94,'Added Project: Construction and Installation of Ransang SPIS','2021-01-18 07:42:02','2021-01-18 07:42:02','Rolibeth G. Morillo '),
(95,'Added Project: Completion of Medical Building (Phase II)','2021-01-18 07:42:54','2021-01-18 07:42:54','Jose G. Buenconsejo'),
(96,'Added Project: Upgrading/Improvement of Ligaya Provincial Road (Completion)','2021-01-18 07:43:24','2021-01-18 07:43:24','Emelita G. Agpalo'),
(97,'Added Project: Distribution of onion seeds','2021-01-18 07:44:08','2021-01-18 07:44:08','Bernadette T. Salgado'),
(98,'Added Project: CONSTRUCTION OF BY-PASS AND DIVERSION ROADS, BOAC-MOGPOG BYPASS ROAD MARINDUQUE','2021-01-18 07:44:31','2021-01-18 07:44:31','Engr. Anacorita R. Mercader'),
(99,'Edited Project: Balik Sigla sa Agrikultura , Cattle Dispersal Program','2021-01-18 07:45:07','2021-01-18 07:45:07','Bernadette T. Salgado'),
(100,'Added Project: Productivity Improvement  of Cacao Processing Enterprise','2021-01-18 07:45:11','2021-01-18 07:45:11','Jelyn E. Doctor'),
(101,'Edited Project: Balik Sigla sa Agrikultura , Cattle Dispersal Program','2021-01-18 07:45:56','2021-01-18 07:45:56','Bernadette T. Salgado'),
(102,'Edited Project: Balik Sigla sa Agrikultura - Broiler Dispersal Program','2021-01-18 07:46:29','2021-01-18 07:46:29','Bernadette T. Salgado'),
(103,'Edited Project: Balik Sigla sa Agrikultura - Broiler Dispersal Program','2021-01-18 07:47:30','2021-01-18 07:47:30','Bernadette T. Salgado'),
(104,'Added Project: Supply and Delivery of 11 units 35-44hp Four Wheel Drive Tractor with Implements','2021-01-18 07:47:33','2021-01-18 07:47:33','Rolibeth G. Morillo '),
(105,'Added Project: Completion of Medical Building (Phase III)','2021-01-18 07:47:53','2021-01-18 07:47:53','Jose G. Buenconsejo'),
(106,'Edited Project: Balik Sigla sa Agrikultura - Layer Chicken Module','2021-01-18 07:47:53','2021-01-18 07:47:53','Bernadette T. Salgado'),
(107,'Added Project: Repair/Improvement of Roadside Structure Along JCT Ibud-Tagumpay Provincial Road','2021-01-18 07:47:58','2021-01-18 07:47:58','Emelita G. Agpalo'),
(108,'Edited Project: Balik Sigla sa Agrikultura - Layer Chicken Module','2021-01-18 07:48:10','2021-01-18 07:48:10','Bernadette T. Salgado'),
(109,'Edited Project: Completion of Medical Building (Phase II)','2021-01-18 07:50:21','2021-01-18 07:50:21','Jose G. Buenconsejo'),
(110,'Added Project: Supply and Delivery of 12 units Hand Tractor (Riding Type)','2021-01-18 07:52:15','2021-01-18 07:52:15','Rolibeth G. Morillo '),
(111,'Added Project: Upgrading/Concreting of Red Hills Barangay Road','2021-01-18 07:57:25','2021-01-18 07:57:25','Emelita G. Agpalo'),
(112,'Added Project: Supply and Erection/Installation of Roxas-Taytay 69kV T/L Project, Schedule 2','2021-01-18 07:57:30','2021-01-18 07:57:30','Marilou O. Oribiana'),
(113,'Added Project: Upgrading/Improvement of JNR Malpalon Provincial Road (Phase-II)','2021-01-18 07:59:49','2021-01-18 07:59:49','Emelita G. Agpalo'),
(114,'Added Project: Distribution of tilapia fingerlings','2021-01-18 08:05:01','2021-01-18 08:05:01','Bernadette T. Salgado'),
(115,'Added Project: Construction of Concrete Bridge','2021-01-18 08:05:19','2021-01-18 08:05:19','Emelita G. Agpalo'),
(116,'Edited Project: Distribution of tilapia fingerlings','2021-01-18 08:07:16','2021-01-18 08:07:16','Bernadette T. Salgado'),
(117,'Edited Project: Distribution of tilapia fingerlings','2021-01-18 08:08:01','2021-01-18 08:08:01','Bernadette T. Salgado'),
(118,'Added Project: Repair/Improvement of San Jose District Hospital Building','2021-01-18 08:15:10','2021-01-18 08:15:10','Emelita G. Agpalo'),
(119,'Added Project: Construction of Multi-Purpose Hall (Phase II)','2021-01-18 08:20:39','2021-01-18 08:20:39','Emelita G. Agpalo'),
(120,'Added Project: Distribution of assorted fruit tree seedlings for rehabilitation of typhoon Quinta','2021-01-18 08:31:05','2021-01-18 08:31:05','Bernadette T. Salgado'),
(121,'Edited Project: NEDA Mimaropa Building','2021-01-18 09:02:24','2021-01-18 09:02:24','NEDASAMPLE'),
(122,'Added Project: Establishment of Mushroom Spawn Production Facility in Baco (CEST)','2021-01-18 09:11:23','2021-01-18 09:11:23','Jelyn E. Doctor'),
(123,'Added Project: CONST. OF MISSING LINKS/NEW ROADS, MINDORO ISLAND CIRCUM. ROAD (PTO. GALERA-ABRA DE ILOG), KO454+893-KO455+601.72; KO455+753.52-KO456+419.11), OCCIDENTAL MINDORO','2021-01-19 00:30:12','2021-01-19 00:30:12','Engr. Anacorita R. Mercader'),
(124,'Edited Project: Distribution of onion seeds','2021-01-19 00:46:44','2021-01-19 00:46:44','Bernadette T. Salgado'),
(125,'Added Project: Supply and Delivery of 12units Rice Thresher','2021-01-19 01:00:12','2021-01-19 01:00:12','Rolibeth G. Morillo '),
(126,'Added Project: Distribution of tilapia fingerlings','2021-01-19 01:04:32','2021-01-19 01:04:32','Bernadette T. Salgado'),
(127,'Added Project: Distribution of tilapia fingerlings','2021-01-19 01:04:38','2021-01-19 01:04:38','Bernadette T. Salgado'),
(128,'Added Project: CONSTRUCTION OF MISSING LINK / NEW ROADS VICTORIA - SABLAYAN (MINDORO CROSS ISLAND ROAD) PHASE VI STA.5+441 - STA.6+220, SABLAYAN, OCCIDENTAL MINDORO','2021-01-19 01:22:10','2021-01-19 01:22:10','Engr. Anacorita R. Mercader'),
(129,'Edited Project: Completion of Sta. Cruz RHU, Occidental Mindoro','2021-01-19 01:36:37','2021-01-19 01:36:37','Engr. Stephanie S. Sioco'),
(130,'Edited Project: Construction/Rehabilitation and Expansion of Rizal Rural Health Unit','2021-01-19 01:37:01','2021-01-19 01:37:01','Engr. Stephanie S. Sioco'),
(131,'Edited Project: improvement and expansion of existing water supply system of Sablayan WD','2021-01-19 01:44:29','2021-01-19 01:44:29','Punzalan'),
(132,'Edited Project: MONGPONG RIS','2021-01-19 01:45:51','2021-01-19 01:45:51','Lowell L. Lozano'),
(133,'Added Project: Lumintao RIS (Repair of NIS)','2021-01-19 01:48:33','2021-01-19 01:48:33','Lowell L. Lozano'),
(134,'Added Project: Completion of a 2 storey School of Information and Computing Sciences Building','2021-01-19 01:49:58','2021-01-19 01:49:58','Mr. Romell L. Morales'),
(135,'Added Project: 20E00005 - ROAD WIDENING OF CALAPAN SOUTH, KO032+124-KO033+053; KO043+592-KO043+846; KO043+880-KO043+1000; KO044+456-KO044+1156; KO045+462-KO047+986; KO061+121-KO061+860, ORIENTAL MINDORO','2021-01-19 01:50:01','2021-01-19 01:50:01','Engr. Anacorita R. Mercader'),
(136,'Added Project: Monteclaro CIS (Repair of CIS)','2021-01-19 01:55:30','2021-01-19 01:55:30','Lowell L. Lozano'),
(137,'Edited Project: CONSTRUCTION OF BY-PASS AND DIVERSION ROADS, BOAC-MOGPOG BYPASS ROAD MARINDUQUE','2021-01-19 01:58:09','2021-01-19 01:58:09','Engr. Anacorita R. Mercader'),
(138,'Edited Project: NEDA Mimaropa Building Edited','2021-01-19 02:00:24','2021-01-19 02:00:24','NEDASAMPLE'),
(139,'Added Project: Anahawin CIS (Repair of CIS)','2021-01-19 02:05:24','2021-01-19 02:05:24','Lowell L. Lozano'),
(140,'Edited Project: Construction of College of Business Management Academic Building','2021-01-19 02:05:57','2021-01-19 02:05:57','Engr. Ryan Jay V. Balcarcel'),
(141,'Edited Project: improvement and expansion of existing water supply system of Sablayan WD','2021-01-19 02:10:09','2021-01-19 02:10:09','Punzalan'),
(142,'Edited Project: CONST. OF MISSING LINKS/NEW ROADS, MINDORO ISLAND CIRCUM. ROAD (PTO. GALERA-ABRA DE ILOG), KO454+893-KO455+601.72; KO455+753.52-KO456+419.11), OCCIDENTAL MINDORO','2021-01-19 02:10:27','2021-01-19 02:10:27','Engr. Anacorita R. Mercader'),
(143,'Added Project: Construction of New BHS with Birthing Facility','2021-01-19 02:10:29','2021-01-19 02:10:29','Engr. Stephanie S. Sioco'),
(144,'Edited Project: 20E00003 - CONST. OF MISSING LINKS/NEW ROADS, MINDORO ISLAND CIRCUM. ROAD (PTO. GALERA-ABRA DE ILOG), KO454+893-KO455+601.72; KO455+753.52-KO456+419.11), OCCIDENTAL MINDORO','2021-01-19 02:13:03','2021-01-19 02:13:03','Engr. Anacorita R. Mercader'),
(145,'Edited Project: 20E00002 - CONSTRUCTION OF BY-PASS AND DIVERSION ROADS, BOAC-MOGPOG BYPASS ROAD MARINDUQUE','2021-01-19 02:13:57','2021-01-19 02:13:57','Engr. Anacorita R. Mercader'),
(146,'Edited Project: 20E00004 - CONSTRUCTION OF MISSING LINK / NEW ROADS VICTORIA - SABLAYAN (MINDORO CROSS ISLAND ROAD) PHASE VI STA.5+441 - STA.6+220, SABLAYAN, OCCIDENTAL MINDORO','2021-01-19 02:15:00','2021-01-19 02:15:00','Engr. Anacorita R. Mercader'),
(147,'Edited Project: 20E00005 - ROAD WIDENING OF CALAPAN SOUTH, KO032+124-KO033+053; KO043+592-KO043+846; KO043+880-KO043+1000; KO044+456-KO044+1156; KO045+462-KO047+986; KO061+121-KO061+860, ORIENTAL MINDORO','2021-01-19 02:15:49','2021-01-19 02:15:49','Engr. Anacorita R. Mercader'),
(148,'Edited Project: Free Wi-Fi for All | Free Public Internet Access Program - Managed Internet Service in Palawan','2021-01-19 02:18:22','2021-01-19 02:18:22','Raiza Joyce A. Mendoza'),
(149,'Edited Project: 20E00005 - ROAD WIDENING OF CALAPAN SOUTH, KO032+124-KO033+053; KO043+592-KO043+846; KO043+880-KO043+1000; KO044+456-KO044+1156; KO045+462-KO047+986; KO061+121-KO061+860, ORIENTAL MINDORO','2021-01-19 02:19:31','2021-01-19 02:19:31','Engr. Anacorita R. Mercader'),
(150,'Edited Project: Free Wi-Fi for All | Free Public Internet Access Program - Managed Internet Service in Palawan','2021-01-19 02:23:07','2021-01-19 02:23:07','Raiza Joyce A. Mendoza'),
(151,'Edited Project: Free Wi-Fi for All | Free Public Internet Access Program - Managed Internet Service in Palawan','2021-01-19 02:25:21','2021-01-19 02:25:21','Raiza Joyce A. Mendoza'),
(152,'Edited Project: Construction of College of Business Management Academic Building','2021-01-19 02:26:26','2021-01-19 02:26:26','Engr. Ryan Jay V. Balcarcel'),
(153,'Added Project: Construction of SBM Matalaba Building','2021-01-19 02:28:36','2021-01-19 02:28:36','Mr. Romell L. Morales'),
(154,'Edited Project: Inspection and Monitoring of PNP Offices/Units/Stations','2021-01-19 02:29:49','2021-01-19 02:29:49','Lorlaine F. Dolendo'),
(155,'Edited Project: Inspection and Monitoring of PNP Offices/Units/Stations','2021-01-19 02:30:37','2021-01-19 02:30:37','Lorlaine F. Dolendo'),
(156,'Added Project: Amnay RIS (Restoration of NIS)','2021-01-19 02:30:49','2021-01-19 02:30:49','Lowell L. Lozano'),
(157,'Added Project: Construction of ICTSC Building Phase II','2021-01-19 02:36:50','2021-01-19 02:36:50','Mr. Romell L. Morales'),
(158,'Edited Project: Free Wi-Fi for All | Free Public Internet Access Program - Managed Internet Service in Palawan','2021-01-19 02:40:16','2021-01-19 02:40:16','Raiza Joyce A. Mendoza'),
(159,'Added Project: Completion of MSC Multi-Purpose Gymnasium','2021-01-19 02:44:43','2021-01-19 02:44:43','Mr. Romell L. Morales'),
(160,'Added Project: Construction of School of Liberal Arts Building','2021-01-19 02:48:30','2021-01-19 02:48:30','Mr. Romell L. Morales'),
(161,'Added Project: Construction of  2-Storey ICTSC Building','2021-01-19 02:53:10','2021-01-19 02:53:10','Mr. Romell L. Morales'),
(162,'Added Project: Construction of Two-Storey Technology and Livelihood Education Building, Main Campus','2021-01-19 02:56:31','2021-01-19 02:56:31','Mr. Romell L. Morales'),
(163,'Added Project: Emergency Case for the Supply nd Delivery of 4,362 bag NSIC, 1,149 Bags and 1,069 bags NSIC Hybrid Palay Seeds','2021-01-19 02:57:03','2021-01-19 02:57:03','Rolibeth G. Morillo'),
(164,'Added Project: Repair of Two-Storey 12-Classroom Building (Diego Silang Building)','2021-01-19 03:00:41','2021-01-19 03:00:41','Frances Darlyn S. Pangilinan, Ce'),
(165,'Added Project: Completion of SBM Building','2021-01-19 03:01:54','2021-01-19 03:01:54','Mr. Romell L. Morales'),
(166,'Edited Project: Repair of Two-Storey 12-Classroom Building (Diego Silang Building)','2021-01-19 03:03:03','2021-01-19 03:03:03','Frances Darlyn S. Pangilinan, Ce'),
(167,'Added Project: Emergency Case for the Supply nd Delivery of 7,037 bags, 800 Bags and 2,260 bags SL-12 Hybrid Palay Seeds','2021-01-19 03:04:53','2021-01-19 03:04:53','Rolibeth G. Morillo'),
(168,'Added Project: Construction of SHS Laboratory School Building','2021-01-19 03:07:31','2021-01-19 03:07:31','Mr. Romell L. Morales'),
(169,'Edited Project: Completion of a 2 Storey School of Information and Computing Sciences Building','2021-01-19 03:08:16','2021-01-19 03:08:16','Mr. Romell L. Morales'),
(170,'Added Project: Emergency Case for the Supply nd Delivery of 2,210 bag, 4,353 Bags and 1,432 bags NSIC Hybrid Palay Seeds','2021-01-19 03:10:23','2021-01-19 03:10:23','Rolibeth G. Morillo'),
(171,'Edited Project: Repair of Two-Storey 12-Classroom Building (Diego Silang Building)','2021-01-19 03:10:46','2021-01-19 03:10:46','Frances Darlyn S. Pangilinan, Ce'),
(172,'Added Project: Distribution of OPV VAR 6 Corn Seeds','2021-01-19 03:50:09','2021-01-19 03:50:09','Bernadette T. Salgado'),
(173,'Submitted Form 1','2021-01-19 04:03:47','2021-01-19 04:03:47','Punzalan'),
(174,'Submitted Form 2','2021-01-19 04:04:06','2021-01-19 04:04:06','Punzalan'),
(175,'Submitted Form 3','2021-01-19 04:04:25','2021-01-19 04:04:25','Punzalan'),
(176,'Added Project: Emergency Case for the Supply nd Delivery of 3,815 bags, 2,060 Bags and 6,535 bags NSIC Hybrid Palay Seeds','2021-01-19 05:00:22','2021-01-19 05:00:22','Rolibeth G. Morillo'),
(177,'Added Project: Emergency Case for the Supply nd Delivery of 2,000 bags, 3,440 Bags and 350 bags NSIC Hybrid Palay Seeds','2021-01-19 05:06:45','2021-01-19 05:06:45','Rolibeth G. Morillo'),
(178,'Added Project: 1,1873 bags NSIC RC 350H, 465 Bags and 350 bags NSIC RC 236 H and 545 bags NSIC RC 260 Hybrid Palay Seeds','2021-01-19 05:12:47','2021-01-19 05:12:47','Rolibeth G. Morillo'),
(179,'Submitted Form 2','2021-01-19 05:14:26','2021-01-19 05:14:26','NEDASAMPLE'),
(180,'Added Project: 20E00006 - CONSTRUCTION OF MISSING LINKS/NEW ROADS, VICTORIASABLAYAN (MINDORO CROSS ISLAND ROAD), PACKAGE I, ORIENTAL MINDORO','2021-01-19 05:18:19','2021-01-19 05:18:19','Engr. Anacorita R. Mercader'),
(181,'Edited Project: Upgrading/Improvement of JCT Ibud-Victoria Provincial Road (Phase II)','2021-01-19 05:22:54','2021-01-19 05:22:54','Emelita G. Agpalo'),
(182,'Added Project: 20E00007-  CONSTRUCTION/IMPV\'T. OF VARIOUS INFRASTRUCTURE IN SUPPORT OF NATIONAL SECURITY, CONST. OF FIRING RANGE, CAMP EFIGENIO C. NAVARRO, BRGY. SUQUI, CALAPAN CITY','2021-01-19 05:23:43','2021-01-19 05:23:43','Engr. Anacorita R. Mercader'),
(183,'Edited Project: Upgrading/Improvement of Ligaya Provincial Road (Completion)','2021-01-19 05:23:55','2021-01-19 05:23:55','Emelita G. Agpalo'),
(184,'Edited Project: Upgrading/Improvement of JNR Malpalon Provincial Road (Phase-II)','2021-01-19 05:24:28','2021-01-19 05:24:28','Emelita G. Agpalo'),
(185,'Edited Project: Upgrading/Improvement of JNR Sto. Niño-Pitogo-Aguas-Limlim Provincial Road (Phase-III)','2021-01-19 05:26:15','2021-01-19 05:26:15','Emelita G. Agpalo'),
(186,'Edited Project: Upgrading/Concreting of Barangay Poblacion Farm to Market Road (So. Olima - So. Genaro)','2021-01-19 05:27:07','2021-01-19 05:27:07','Emelita G. Agpalo'),
(187,'Added Project: 20E00008 - CONST./IMPROVEMENT OF VARIOUS INFRASTRUCTURE IN SUPPORT OF NATIONAL SECURITY, CONST. OF POLICE COMMISSIONED OFFICER\'S QUARTERING FACILITY, CAMP EFIGENIO C. NAVARRO, BRGY. SUGUI, CALAPAN CITY, OR. MINDORO','2021-01-19 05:35:41','2021-01-19 05:35:41','Engr. Anacorita R. Mercader'),
(188,'Added Project: Repair/Renovation of Perimeter Fence','2021-01-19 05:35:42','2021-01-19 05:35:42','Frances Darlyn S. Pangilinan, Ce'),
(189,'Added Project: Repair of Two-Storey 12-Classroom Building (Gregorio del Pilar Building)','2021-01-19 05:41:09','2021-01-19 05:41:09','Frances Darlyn S. Pangilinan, Ce'),
(190,'Edited Project: Repair/Renovation of Perimeter Fence','2021-01-19 05:41:42','2021-01-19 05:41:42','Frances Darlyn S. Pangilinan, Ce'),
(191,'Added Project: Improvement of San Roque-Bangkal-San Juan-Tafarma-Sinarayan Road (Phase 1)','2021-01-19 05:46:17','2021-01-19 05:46:17','Edmin L. Distajo'),
(192,'Added Project: Repair of Gymnasium','2021-01-19 05:51:01','2021-01-19 05:51:01','Frances Darlyn S. Pangilinan, Ce'),
(193,'Edited Project: Construction of Concrete Bridge (Paluan)','2021-01-19 05:55:27','2021-01-19 05:55:27','Emelita G. Agpalo'),
(194,'Edited Project: Construction of Concrete Bridge (Rizal)','2021-01-19 05:55:55','2021-01-19 05:55:55','Emelita G. Agpalo'),
(195,'Added Project: Repair of the Information Technology Building','2021-01-19 05:56:01','2021-01-19 05:56:01','Frances Darlyn S. Pangilinan, Ce'),
(196,'Edited Project: Repair of Gymnasium','2021-01-19 05:56:44','2021-01-19 05:56:44','Frances Darlyn S. Pangilinan, Ce'),
(197,'Added Project: Public Market at Irawan Agricultural Center','2021-01-19 06:22:15','2021-01-19 06:22:15','Michael Rio L. Daquer'),
(198,'Edited Project: Concreting of Irawan Agricultural Center Road Network','2021-01-19 06:23:45','2021-01-19 06:23:45','Michael Rio L. Daquer'),
(199,'Added Project: Public Market at Irawan Agricultural Center','2021-01-19 06:31:12','2021-01-19 06:31:12','Michael Rio L. Daquer'),
(200,'Added Project: Philippine National Police Staton at Irawan Agricultural Center','2021-01-19 06:35:47','2021-01-19 06:35:47','Michael Rio L. Daquer'),
(201,'Edited Project: Public Market at Irawan Agricultural Center','2021-01-19 06:37:37','2021-01-19 06:37:37','Michael Rio L. Daquer'),
(202,'Edited Project: Philippine National Police Staton at Irawan Agricultural Center','2021-01-19 06:38:14','2021-01-19 06:38:14','Michael Rio L. Daquer'),
(203,'Added Project: 20E00009 - CONST./IMPV\'T. OF VARIOUS INFRASTRUCTURE IN SUPPORT OF NATIONAL SECURITY, CONST. OF POLICE NONCOMMISSIONED OFFICER\'S QUARTERING FACILITY, CAMP. EFIGENIO C. NAVARRO, BRGY. SUGUI, CALAPAN CITY, ORIENTAL MINDORO','2021-01-19 06:39:21','2021-01-19 06:39:21','Engr. Anacorita R. Mercader'),
(204,'Added Project: 808 bags NSIC RC 412 A, 2,506 Bags NSIC RC 456 A and 1,690 bags NSIC RC 404 H Hybrid Palay Seeds','2021-01-19 06:39:26','2021-01-19 06:39:26','Rolibeth G. Morillo'),
(205,'Added Project: Construction of Smart Lighting (Procurement & Installation of Urban Streetlightning Facilities South 2','2021-01-19 06:43:34','2021-01-19 06:43:34','Michael Rio L. Daquer'),
(206,'Added Project: 20E00010 - CONST./IMPV\'T. OF VARIOUS INFRASTRUCTURE IN SUPPORT OF NATIONAL SECURITY, CONST. OF REGIONAL POLICE SECURITY & PROTECTION UNITS (RPSPU) & PRESIDENTIAL PROTECTION DIVISION (PPD) BUILDING UNDER THE POLICE SECURITY & PROTECTION GROUP (PSPG)- PNP-RPSPU, CALAPAN CITY, ORIENTAL MINDORO','2021-01-19 06:44:33','2021-01-19 06:44:33','Engr. Anacorita R. Mercader'),
(207,'Added Project: Lot 1: 4,270 bags NSIC RC 132 A, 545 bags NSIC RC 488 A and 210 bags NSIC RC 540 H Hybrid Palay Seeds','2021-01-19 06:44:48','2021-01-19 06:44:48','Rolibeth G. Morillo'),
(208,'Added Project: Completion of PSU to Rafols Road Phase III, Barangay Sta. Monica','2021-01-19 06:48:32','2021-01-19 06:48:32','Michael Rio L. Daquer'),
(209,'Added Project: 20E00011 - CONSTRUCTION/MAINT. OF FLOOD MITIGATION STRUCTURES & DRAINAGE SYSTEM, CONST. OF GENERAL ESCO-SAN LUIS-MAHABANG PARANG GABION ARMOURING IN NAUJAN, STA. 0+030.00-STA. 0+560.00, NAUJAN, OR. MINDORO','2021-01-19 06:50:19','2021-01-19 06:50:19','Engr. Anacorita R. Mercader'),
(210,'Added Project: Construction of City Slaughter House & Facilities','2021-01-19 06:51:50','2021-01-19 06:51:50','Michael Rio L. Daquer'),
(211,'Added Project: Supply and Delivery of 14,000 bags Certified Palay Seeds','2021-01-19 06:54:38','2021-01-19 06:54:38','Rolibeth G. Morillo'),
(212,'Added Project: 20E00036 - CONST. OF BYPASS AND DIVERSION ROADS, ODIONGAN BYPASS ROAD, STA. 0+000.00- STA. 2+200; STA. 2+540-STA. 4+457.28, TABLAS SILAND, ROMBLON','2021-01-19 06:57:14','2021-01-19 06:57:14','Engr. Anacorita R. Mercader'),
(213,'Added Project: 20E00037 - CONSTRUCTION OF MISSING LINK / NEW ROADS, ODIONGAN EAST - WEST ROAD STA.11+839 - STA.15+860, TABLAS ISLAND, ROMBLON','2021-01-19 07:01:39','2021-01-19 07:01:39','Engr. Anacorita R. Mercader'),
(214,'Edited Project: Construction of College of Business Management Academic Building','2021-01-19 07:04:54','2021-01-19 07:04:54','Engr. Ryan Jay V. Balcarcel'),
(215,'Added Project: Supply and Delivery of LOT 4: 1,1034 bags NSIC RC 492 H and 1,007 bags NSIC RC 322 H Hybrid Palay Seeds','2021-01-19 07:06:02','2021-01-19 07:06:02','Rolibeth G. Morillo'),
(216,'Edited Project: Construction of College of Business Management Academic Building','2021-01-19 07:06:12','2021-01-19 07:06:12','Engr. Ryan Jay V. Balcarcel'),
(217,'Added Project: 20E00038 - CONST./IMPROVEMENT OF ACCESS ROADS LEADING TO DECLARED TOURISM DESTINATIONS, SAN JOSE CIRCUM. ROAD LEADING TO VARIOUS BEACHES, PACKAGE I, STA. 2+940-STA. 4+955, SAN JOSE, ROMBLON','2021-01-19 07:06:16','2021-01-19 07:06:16','Engr. Anacorita R. Mercader'),
(218,'Added Project: Reapir of Organic Center (MRF Bldg.)','2021-01-19 07:06:31','2021-01-19 07:06:31','Frances Darlyn S. Pangilinan, Ce'),
(219,'Edited Project: Repair of the Information Technology Building','2021-01-19 07:06:59','2021-01-19 07:06:59','Frances Darlyn S. Pangilinan, Ce'),
(220,'Edited Project: Repair of Two-Storey 12-Classroom Building (Diego Silang Building)','2021-01-19 07:07:38','2021-01-19 07:07:38','Frances Darlyn S. Pangilinan, Ce'),
(221,'Edited Project: Construction of College of Business Management Academic Building','2021-01-19 07:07:45','2021-01-19 07:07:45','Engr. Ryan Jay V. Balcarcel'),
(222,'Edited Project: Repair/Renovation of Perimeter Fence','2021-01-19 07:07:56','2021-01-19 07:07:56','Frances Darlyn S. Pangilinan, Ce'),
(223,'Edited Project: Repair of Two-Storey 12-Classroom Building (Gregorio del Pilar Building)','2021-01-19 07:08:11','2021-01-19 07:08:11','Frances Darlyn S. Pangilinan, Ce'),
(224,'Edited Project: Repair of Gymnasium','2021-01-19 07:08:26','2021-01-19 07:08:26','Frances Darlyn S. Pangilinan, Ce'),
(225,'Added Project: Distribution of Hybrid Corn Seeds','2021-01-19 07:08:30','2021-01-19 07:08:30','Bernadette T. Salgado'),
(226,'Edited Project: Construction of Centro Diversion Dam','2021-01-19 07:08:59','2021-01-19 07:08:59','Jean E. Tirante'),
(227,'Added Project: Supply and Delivery of LOT 5: 2,109 bags NSIC RC 234 H and 125 bags NSIC RC 376 H Hybrid Palay Seeds','2021-01-19 07:10:03','2021-01-19 07:10:03','Rolibeth G. Morillo'),
(228,'Added Project: Supply and Delivery of LOT 5: 2,109 bags NSIC RC 234 H and 125 bags NSIC RC 376 H Hybrid Palay Seeds','2021-01-19 07:10:03','2021-01-19 07:10:03','Rolibeth G. Morillo'),
(229,'Edited Project: Repair of Gymnasium','2021-01-19 07:10:40','2021-01-19 07:10:40','Frances Darlyn S. Pangilinan, Ce'),
(230,'Added Project: 20E00039 - CONST./IMPROVEMENT OF ACCESS ROADS LEADING TO DECLARED TOURISM DESTINATIONS, SAN JOSE CIRCUM. ROAD LEADING TO VARIOUS BEACHES, PACKAGE II, STA. 4+955-STA. 6+800, SAN JOSE, ROMBLON','2021-01-19 07:11:19','2021-01-19 07:11:19','Engr. Anacorita R. Mercader'),
(231,'Edited Project: Construction of Sabang Diversion Dam','2021-01-19 07:12:19','2021-01-19 07:12:19','Jean E. Tirante'),
(232,'Added Project: Distribution of Complete Fertilizer (14-14-14)','2021-01-19 07:14:41','2021-01-19 07:14:41','Bernadette T. Salgado'),
(233,'Added Project: 20E00040 - VIILP-LOCAL ROADS & BRIDGESLOCAL ROADS, CONST. OF SUGOD-CAWAYAN ROAD LEADING TO BLUE HOLES, SAN AGUSTIN, ROMBLON (PACKAGE III), STA. 0+000-STA. 1+180; STA. 1+700-STA. 3+020, SAN AGUSTIN, ROMBLON','2021-01-19 07:15:05','2021-01-19 07:15:05','Engr. Anacorita R. Mercader'),
(234,'Added Project: Repair of 2-Storey Laboratory (Pedro Paterno) Bldg.','2021-01-19 07:15:54','2021-01-19 07:15:54','Frances Darlyn S. Pangilinan, Ce'),
(235,'Added Project: Supply and Delivery of  1,296 bags NSIC RC 548 H and 143 bags NSIC RC 548 H Hybrid Palay Seeds','2021-01-19 07:16:39','2021-01-19 07:16:39','Rolibeth G. Morillo'),
(236,'Added Project: Supply and Delivery of  1,296 bags NSIC RC 548 H and 143 bags NSIC RC 548 H Hybrid Palay Seeds','2021-01-19 07:16:42','2021-01-19 07:16:42','Rolibeth G. Morillo'),
(237,'Added Project: 20E00041 - VIILP - LOCAL ROADS AND BRIDGES - LOCAL ROADS CONST. OF COASTAL ROAD NEEDING BOULEVARD FOR TOURISM ALONG BRGY. BACHAWAN, STA. 0+000-STA. 0+156, BRGY. BACHAWAN, SAN AGUSTIN, ROMBLON','2021-01-19 07:17:51','2021-01-19 07:17:51','Engr. Anacorita R. Mercader'),
(238,'Edited Project: Emergency Case for the Supply nd Delivery of 7,037 bags, 800 Bags and 2,260 bags SL-12 Hybrid Palay Seeds','2021-01-19 07:18:02','2021-01-19 07:18:02','Jean E. Tirante'),
(239,'Added Project: Distribution of OPV mustard seeds Distribution of cauliflower seeds','2021-01-19 07:20:00','2021-01-19 07:20:00','Bernadette T. Salgado'),
(240,'Added Project: Emergency Case for the Supply and Delivery of 38,029 bags Certified Palay Seeds','2021-01-19 07:21:13','2021-01-19 07:21:13','Rolibeth G. Morillo'),
(241,'Added Project: 20E00042 - VIILP - LOCAL ROADS AND BRIDGES - LOCAL ROADS CONST. OF COASTAL ROAD NEEDING BOULEVARD FOR TOURISM ALONG BRGY. TANAGAN, STA. 0+000-STA. 0+162, BRGY. TAN-AGAN, SAN ANDRES, ROMBLON','2021-01-19 07:21:36','2021-01-19 07:21:36','Engr. Anacorita R. Mercader'),
(242,'Added Project: 20E00043 - VIILP - LOCAL ROADS AND BRIDGES - LOCAL ROADS CONST. OF COASTAL ROAD NEEDING BOULEVARD FOR TOURISM ALONG ESPANA, STA. 0+000-STA. 0+210, SAN FERNANDO, ROMBLON','2021-01-19 07:24:26','2021-01-19 07:24:26','Engr. Anacorita R. Mercader'),
(243,'Added Project: Distribution of red onion seeds','2021-01-19 07:25:09','2021-01-19 07:25:09','Bernadette T. Salgado'),
(244,'Added Project: Emergency Case for the Supply and Delivery of 36,029 bags Certified Palay Seeds','2021-01-19 07:25:36','2021-01-19 07:25:36','Rolibeth G. Morillo'),
(245,'Added Project: Emergency Case for the Supply and Delivery of 36,029 bags Certified Palay Seeds','2021-01-19 07:28:46','2021-01-19 07:28:46','Rolibeth G. Morillo'),
(246,'Added Project: Emergency Case for the Supply and Delivery of 36,092 bags Certified Palay Seeds','2021-01-19 07:32:34','2021-01-19 07:32:34','Rolibeth G. Morillo'),
(247,'Added Project: Repair of Old Piggery 1','2021-01-19 07:37:02','2021-01-19 07:37:02','Frances Darlyn S. Pangilinan, Ce'),
(248,'Added Project: Repairs of Old Piggery 2','2021-01-19 07:40:42','2021-01-19 07:40:42','Frances Darlyn S. Pangilinan, Ce'),
(249,'Edited Project: Repair of Old Piggery 1','2021-01-19 07:41:10','2021-01-19 07:41:10','Frances Darlyn S. Pangilinan, Ce'),
(250,'Edited Project: Repair of the Information Technology Building','2021-01-19 07:41:36','2021-01-19 07:41:36','Frances Darlyn S. Pangilinan, Ce'),
(251,'Added Project: 20E00013  - WIDENING OF CORON BUSUANGA ROAD, KO021+000.00-KO023+800.00; KO024+191.00-KO025+000.00, CORON, PALAWAN','2021-01-19 07:42:07','2021-01-19 07:42:07','Engr. Anacorita R. Mercader'),
(252,'Edited Project: Reapir of Organic Center (MRF Bldg.)','2021-01-19 07:42:15','2021-01-19 07:42:15','Frances Darlyn S. Pangilinan, Ce'),
(253,'Added Project: Supply and Delivery of 33,000 kilos Garlic Planting Materials','2021-01-19 07:45:05','2021-01-19 07:45:05','Rolibeth G. Morillo'),
(254,'Edited Project: Emergency Case for the Supply and Delivery of 36,092 bags Certified Palay Seeds','2021-01-19 07:47:44','2021-01-19 07:47:44','Jean E. Tirante'),
(255,'Edited Project: Emergency Case for the Supply and Delivery of 36,092 bags Certified Palay Seeds','2021-01-19 07:48:29','2021-01-19 07:48:29','Jean E. Tirante'),
(256,'Edited Project: Emergency Case for the Supply and Delivery of 36,092 bags Certified Palay Seeds','2021-01-19 07:49:33','2021-01-19 07:49:33','Jean E. Tirante'),
(257,'Edited Project: Emergency Case for the Supply and Delivery of 36,092 bags Certified Palay Seeds','2021-01-19 07:50:05','2021-01-19 07:50:05','Jean E. Tirante'),
(258,'Added Project: Improvement of Junction National-Adrialuna-Bagong Buhay-Pagkakaisa Road','2021-01-19 07:50:20','2021-01-19 07:50:20','Edmin L. Distajo'),
(259,'Added Project: 20E00014 - CONSTRUCTION/IMPROVEMENT OF ACCESS ROAD LEADING TO AIRPORTS, ACCESS ROAD LEADING TO FRANCISCO B. REYES AIRPORT (BRGY. SAN NICOLAS - BRGY. DECALACHAO), ROAD 1: STA.23+670 - STA27+008; BRIDGE: STA. 27+008 - STA.27+039; ROAD 2: STA. 27+039 - STA.28+947.57, CORON, PALAWAN','2021-01-19 07:53:21','2021-01-19 07:53:21','Engr. Anacorita R. Mercader'),
(260,'Added Project: Emergency Case for the Supply and Delivery of 4,853 cans/packs Red Onion Seeds','2021-01-19 07:53:28','2021-01-19 07:53:28','Rolibeth G. Morillo'),
(261,'Added Project: Improvement of Junction National-Sta. Cruz-Sigange Road','2021-01-19 08:03:40','2021-01-19 08:03:40','Edmin L. Distajo'),
(262,'Added Project: Improvement of Junction Road National  Sta Cruz-Carmundo-Sigange-Malitbog Road Phase III','2021-01-19 08:09:59','2021-01-19 08:09:59','Edmin L. Distajo'),
(263,'Added Project: Support and Services Program for Persons with Disability','2021-01-19 08:21:37','2021-01-19 08:21:37','Bernadette T. Salgado'),
(264,'Added Project: Cabagan SIP','2021-01-19 08:46:44','2021-01-19 08:46:44','Lowell L. Lozano'),
(265,'Added Project: Santa Fe (Extension of CIS)','2021-01-19 08:50:00','2021-01-19 08:50:00','Lowell L. Lozano'),
(266,'Added Project: Water Testing Facility to Ensure Health and Safety of Marinduqueños','2021-01-19 11:43:02','2021-01-19 11:43:02','Jelyn E. Doctor'),
(267,'Edited Project: Enhancing the S&T Ecosystem in Public Senior High School Through Versatile Instrumentation System for Science Education and Research (VISSER) Technology','2021-01-19 11:48:15','2021-01-19 11:48:15','Jelyn E. Doctor'),
(268,'Edited Project: Enhancing the S&T Ecosystem in Public Senior High School Through Versatile Instrumentation System for Science Education and Research (VISSER) Technology','2021-01-19 11:50:07','2021-01-19 11:50:07','Jelyn E. Doctor'),
(269,'Added Project: Coral Restoration Project for Marinduque','2021-01-19 11:55:47','2021-01-19 11:55:47','Jelyn E. Doctor'),
(270,'Added Project: 20E00015 - CONSTRUCTION/IMPROVEMENT OF ACCESS ROADS LEADING TO DECLARED TOURISM DESTINATION ACCESS ROAD LEADING TO ROXAS DIVING SPOTS STA.133+396 - STA.135+023; STA.135+142 - STA.135+516, ROXAS, PALAWAN','2021-01-19 23:53:48','2021-01-19 23:53:48','Engr. Marilou M. Lawas'),
(271,'Added Project: 20E00016-CONSTRUCTION / IMPROVEMENT OF ACCESS ROADS LEADING TO AIRPORTS, NEW QUEZON-CHEEY-SAN JOSE-DECALACHAO ROAD LEADING TO BUSUANGA AIRPORT, BUSUANGA, PALAWAN','2021-01-20 00:23:05','2021-01-20 00:23:05','Engr. Marilou M. Lawas'),
(272,'Added Project: 20E00019-ROAD WIDENING OF F.B. REYES (BUSUANGA-CORON) ROAD, KO020+815.00-KO021+060.00; KO021+245.00-KO022+683.00, BUSUANGA, PALAWAN','2021-01-20 01:05:26','2021-01-20 01:05:26','Engr. Marilou M. Lawas'),
(273,'Added Project: 20E00022 - CONST. OF MISSING LINKS/NEW ROADS, PALAWAN CIRCUM. ROAD (LATUD-CANIPAAN SECTION), PACKAGE C, STA. 313+166-STA. 324+670.93, PALAWAN','2021-01-20 01:06:55','2021-01-20 01:06:55','Engr. Marilou M. Lawas'),
(274,'Edited Project: 20E00019-ROAD WIDENING OF F.B. REYES (BUSUANGA-CORON) ROAD, KO020+815.00-KO021+060.00; KO021+245.00-KO022+683.00, BUSUANGA, PALAWAN','2021-01-20 01:08:52','2021-01-20 01:08:52','Engr. Marilou M. Lawas'),
(275,'Added Project: Emergency Case for the Supply and Delivery of 4,853 cans/packs (400g per can/pack) Red Onion Seeds','2021-01-20 01:09:27','2021-01-20 01:09:27','Rolibeth G. Morillo'),
(276,'Edited Project: Rehabilitation/ Reconstruction of Roads with Slips, Slope Collapse, and Landslide - PPSR Jct (Abo-abo)- Quezon Rd - K0133+330 - K0133+400 (L=70.00 l.m, A=525.00 sq.m','2021-01-20 01:11:19','2021-01-20 01:11:19','Mr. Mathew Micah Lamitar'),
(277,'Added Project: 20E00023 - CONST. OF MISSING LINKS/NEW ROADS, PALAWAN CIRCUMFERENTIAL ROAD (LATUD-CANIPAAN SECTION), PACKAGE D, STA. 304+565.00- STA. 313+166.00, PALAWAN','2021-01-20 01:15:36','2021-01-20 01:15:36','Engr. Marilou M. Lawas'),
(278,'Added Project: 20E00020- REHAB/RECONST OF NATIONAL ROADS WITH SLIPS, SLOPE COLLAPSE & LANDSLIDE F.B. REYES (BUSUANGA-CORON) ROAD, PALAWAN','2021-01-20 01:23:26','2021-01-20 01:23:26','Engr. Marilou M. Lawas'),
(279,'Added Project: 20E00024 - CONST. OF MISSING LINKS/NEW ROADS, PALAWAN CIRCUMFERENTIAL ROAD (LATUD-CANIPAAN SECTION), PACKAGE E, ROAD 1: STA. 294+850-STA. 295+776; ROAD 2: STA. 294+864-STA. 303+246 & ROAD 3: STA. 303+334-STA. 304+565; BRIDGE 1: STA. 295+776-STA. 295+864 & BRIDGE 2:','2021-01-20 01:23:47','2021-01-20 01:23:47','Engr. Marilou M. Lawas'),
(280,'Added Project: Improvement/Upgrading of Pantayin-Jolo-Napo Farm to Market Road','2021-01-20 01:23:51','2021-01-20 01:23:51','Jean E. Tirante'),
(281,'Added Project: Supply and Delivery of 1,020 kilos Red Onion Seeds','2021-01-20 01:27:01','2021-01-20 01:27:01','Rolibeth G. Morillo'),
(282,'Added Project: 20E00025 - WIDENING OF PERMANENT BRIDGE - MARANGAS BRIDGE (PARALLEL BRIDGE) ALONG PPSR, STA. 218+405.74-STA. 218+825.95, PALAWAN','2021-01-20 01:28:21','2021-01-20 01:28:21','Engr. Marilou M. Lawas'),
(283,'Added Project: 20E00026 - CONST./IMPROVEMENT OF VARIOUS INFRASTRUCTURE IN SUPPORT OF NATIONAL SECURITY, CONSTRUCTION OF BALABAC MILITARY RUNWAY, BALABAC, PALAWAN','2021-01-20 01:31:19','2021-01-20 01:31:19','Engr. Marilou M. Lawas'),
(284,'Added Project: 20E00035 CONSTRUCTION OF IRAAN RIVER FLOOD CONTROL STRUCTURE, STA. 00+142.00- STA. 00+389.20, ABORLAN, PALAWAN','2021-01-20 01:33:10','2021-01-20 01:33:10','Engr. Marilou M. Lawas'),
(285,'Edited Project: 20E00023 - CONST. OF MISSING LINKS/NEW ROADS, PALAWAN CIRCUMFERENTIAL ROAD (LATUD-CANIPAAN SECTION), PACKAGE D, STA. 304+565.00- STA. 313+166.00, PALAWAN','2021-01-20 01:35:46','2021-01-20 01:35:46','Engr. Marilou M. Lawas'),
(286,'Edited Project: Improvement/Upgrading of Pantayin-Jolo-Napo Farm to Market Road','2021-01-20 01:50:49','2021-01-20 01:50:49','Jean E. Tirante'),
(287,'Edited Project: Improvement/Upgrading of Pantayin-Jolo-Napo Farm to Market Road','2021-01-20 01:51:14','2021-01-20 01:51:14','Jean E. Tirante'),
(288,'Added Project: Construction and Upgrading of Junction Salban - Culasian - Magsaysay Farm to Market Road','2021-01-20 01:58:30','2021-01-20 01:58:30','Jean E. Tirante'),
(289,'Edited Project: Improvement/Upgrading of Pantayin-Jolo-Napo Farm to Market Road','2021-01-20 02:00:14','2021-01-20 02:00:14','Jean E. Tirante'),
(290,'Added Project: Supply and Delivery 3,790 pcs. Plastic Crates','2021-01-20 02:03:15','2021-01-20 02:03:15','Rolibeth G. Morillo'),
(291,'Added Project: Construction of Maruyugon to Buenavista Farm to Market Road','2021-01-20 02:12:51','2021-01-20 02:12:51','Jean E. Tirante'),
(292,'Added Project: Supply and Delivery of LOT 2: 4 units Tiller Cultivator and 1 unit Thresher','2021-01-20 02:23:58','2021-01-20 02:23:58','Rolibeth G. Morillo'),
(293,'Edited Project: Improvement/Upgrading of Pantayin-Jolo-Napo Farm to Market Road','2021-01-20 02:30:42','2021-01-20 02:30:42','Jean E. Tirante'),
(294,'Added Project: Supply and Delivery of 9,800 bags Urea Fertilizer','2021-01-20 03:00:40','2021-01-20 03:00:40','Rolibeth G. Morillo'),
(295,'Added Project: Supply and Delivery of 42,000 packs Organic Microbial Inoculant Fertilizer','2021-01-20 03:20:04','2021-01-20 03:20:04','Rolibeth G. Morillo'),
(296,'Edited Project: Repair of the Information Technology (Felipe Agoncillo) Building','2021-01-20 03:21:07','2021-01-20 03:21:07','Wenceslao M. Paguia, Jr., Phd'),
(297,'Edited Project: Repair of Organic Center (MRF Bldg.)','2021-01-20 03:29:18','2021-01-20 03:29:18','Wenceslao M. Paguia, Jr., Phd'),
(298,'Added Project: Supply and Delivery of  Assorted Vegetable Seeds','2021-01-20 03:37:09','2021-01-20 03:37:09','Rolibeth G. Morillo'),
(299,'Added Project: Formulation/development/dissemination of new policies, plans to be issued to stakeholders and partners','2021-01-20 04:01:34','2021-01-20 04:01:34','Eljun Francel A. Angeles'),
(300,'Added Project: Updating of Regional and Provincial TESD Plans','2021-01-20 04:15:46','2021-01-20 04:15:46','Eljun Francel A. Angeles'),
(301,'Edited Project: Formulation/development/dissemination of new policies, plans to be issued to stakeholders and partners','2021-01-20 04:18:01','2021-01-20 04:18:01','Eljun Francel A. Angeles'),
(302,'Added Project: Strengthening of Regional/Provincial/City TESD Committees','2021-01-20 04:26:23','2021-01-20 04:26:23','Eljun Francel A. Angeles'),
(303,'Added Project: Conduct  of Industry  Forum, TVET Forum, CTEC Congress/DTS Forum','2021-01-20 04:28:35','2021-01-20 04:28:35','Eljun Francel A. Angeles'),
(304,'Added Project: Dissemination of Labor Market Information Report','2021-01-20 04:29:51','2021-01-20 04:29:51','Eljun Francel A. Angeles'),
(305,'Added Project: Conduct Study on the Employability of TVET Graduates','2021-01-20 04:49:32','2021-01-20 04:49:32','Eljun Francel A. Angeles'),
(306,'Added Project: Conduct/Provision of Training Programs under the TESDA Technology Institutions (TTIs) - Buyabod School of Arts and Trades','2021-01-20 04:54:08','2021-01-20 04:54:08','Eljun Francel A. Angeles'),
(307,'Added Project: Conduct/Provision of Training Programs under the TESDA Technology Institutions (TTIs)  - Torrijos Poblacion School of Arts and    Trades','2021-01-20 04:58:39','2021-01-20 04:58:39','Eljun Francel A. Angeles'),
(308,'Added Project: Conduct/Provision of Training Programs under the TESDA Technology Institutions (TTIs) - Simeon Suan Vocational and Technical College','2021-01-20 05:01:22','2021-01-20 05:01:22','Eljun Francel A. Angeles'),
(309,'Added Project: Conduct/Provision of Training Programs under the TESDA Technology Institutions (TTIs) -  Puerto Princesa School of Arts and Trades','2021-01-20 05:06:05','2021-01-20 05:06:05','Eljun Francel A. Angeles'),
(310,'Added Project: Conduct/Provision of Training Programs under the TESDA Technology Institutions (TTIs) - Romblon National Institute of Technology','2021-01-20 05:11:03','2021-01-20 05:11:03','Eljun Francel A. Angeles'),
(311,'Added Project: Conduct/Provision of Training Programs under the TESDA Technology Institutions (TTIs) - Rizal Occidental Mindoro TESDA Training and Accreditation Center','2021-01-20 05:12:57','2021-01-20 05:12:57','Eljun Francel A. Angeles'),
(312,'Edited Project: Construction and Upgrading of Junction Salban - Culasian - Magsaysay Farm to Market Road','2021-01-20 05:15:47','2021-01-20 05:15:47','Jean E. Tirante'),
(313,'Added Project: Supply and Delivery of 7,500 packets Micronutrient Foliar fertilizer','2021-01-20 05:18:49','2021-01-20 05:18:49','Rolibeth G. Morillo'),
(314,'Edited Project: Construction of Maruyugon to Buenavista Farm to Market Road','2021-01-20 05:19:49','2021-01-20 05:19:49','Jean E. Tirante'),
(315,'Edited Project: Construction of Maruyugon to Buenavista Farm to Market Road','2021-01-20 05:22:12','2021-01-20 05:22:12','Jean E. Tirante'),
(316,'Edited Project: Improvement/Upgrading of Pantayin-Jolo-Napo Farm to Market Road','2021-01-20 05:24:12','2021-01-20 05:24:12','Jean E. Tirante'),
(317,'Added Project: Supply and Delivery of 5,368 bags Certified Palay Seeds','2021-01-20 05:24:30','2021-01-20 05:24:30','Rolibeth G. Morillo'),
(318,'Added Project: Supply and Delivery of 5,368 bags Certified Palay Seeds','2021-01-20 05:24:35','2021-01-20 05:24:35','Rolibeth G. Morillo'),
(319,'Edited Project: Construction and Upgrading of Junction Salban - Culasian - Magsaysay Farm to Market Road','2021-01-20 05:25:35','2021-01-20 05:25:35','Jean E. Tirante'),
(320,'Edited Project: Construction and Upgrading of Junction Salban - Culasian - Magsaysay Farm to Market Road','2021-01-20 05:25:46','2021-01-20 05:25:46','Jean E. Tirante'),
(321,'Edited Project: Construction of Maruyugon to Buenavista Farm to Market Road','2021-01-20 05:27:27','2021-01-20 05:27:27','Jean E. Tirante'),
(322,'Added Project: Supply and Delivery of 117,065 packets Organic Microbial Inoculant','2021-01-20 05:29:18','2021-01-20 05:29:18','Rolibeth G. Morillo'),
(323,'Added Project: Supply and Delivery of Assorted Fruit Planting Materials','2021-01-20 05:38:40','2021-01-20 05:38:40','Rolibeth G. Morillo'),
(324,'Added Project: Supply and Delivery of 100 heads of Cattle (Heifer)','2021-01-20 05:41:24','2021-01-20 05:41:24','Rolibeth G. Morillo'),
(325,'Added Project: Supply and Delivery of 45 heads of Female Carabao (Heifer)','2021-01-20 05:50:19','2021-01-20 05:50:19','Rolibeth G. Morillo'),
(326,'Added Project: 18E00052 - ROAD WIDENING OF CALAPAN SOUTH ROAD, PINALAMALAYAN ORIENTAL MINDORO K0064+(-780)','2021-01-20 05:57:59','2021-01-20 05:57:59','Engr. Marilou M. Lawas'),
(327,'Added Project: 18E00062 - ROAD WIDENING OF CALAPAN SOUTH ROAD, ORIENTAL MINDORO K0074+640','2021-01-20 06:04:15','2021-01-20 06:04:15','Engr. Marilou M. Lawas'),
(328,'Added Project: Supply and Delivery of Various Garden Tools and Farm Implements (Plow & Harrow)','2021-01-20 06:11:50','2021-01-20 06:11:50','Rolibeth G. Morillo'),
(329,'Added Project: 18E00063- Construction/Improvement of Mansalay Public Market, Barangay Poblacion Mansalay, Oriental Mindoro','2021-01-20 06:13:10','2021-01-20 06:13:10','Engr. Marilou M. Lawas'),
(330,'Added Project: Supply and Delivery of  Lot 1: 33,280 Kilos Rice Certified Seeds & 11,500 kilos Upland Rice Seeds','2021-01-20 06:24:15','2021-01-20 06:24:15','Rolibeth G. Morillo'),
(331,'Edited Project: 20E00014 - CONSTRUCTION/IMPROVEMENT OF ACCESS ROAD LEADING TO AIRPORTS, ACCESS ROAD LEADING TO FRANCISCO B. REYES AIRPORT (BRGY. SAN NICOLAS - BRGY. DECALACHAO), ROAD 1: STA.23+670 - STA27+008; BRIDGE: STA. 27+008 - STA.27+039; ROAD 2: STA. 27+039 - STA.28+947.57, CORON, PALAWAN','2021-01-20 06:33:16','2021-01-20 06:33:16','Engr. Marilou M. Lawas'),
(332,'Added Project: Supply and Delivery of 1,159 bags Inorganic Fertilizer','2021-01-20 06:37:34','2021-01-20 06:37:34','Rolibeth G. Morillo'),
(333,'Added Project: Supply and Delivery of Collapsible Dryer and Hermatic Storage Cocoon','2021-01-20 06:51:41','2021-01-20 06:51:41','Rolibeth G. Morillo'),
(334,'Added Project: REPAIR OF DAMAGED CONCRETE PAVEMENT, DRAINAGE COVER, R.C. WHARF AND PLATFORM DECK/SLAB AND JACKETING OF DILAPIDATED PILE CAPS','2021-01-20 06:58:34','2021-01-20 06:58:34','Juna M. Sanchez'),
(335,'Added Project: Solar Energy System as an Alternative Source of Electricity for DOST-MIMAROPA’s Provincial Science and Technology Centers and Marinduque State College','2021-01-20 07:13:47','2021-01-20 07:13:47','Jelyn E. Doctor'),
(336,'Added Project: Supply and Delivery of 900,000 pcs. Cassava Planting Materials','2021-01-20 07:18:16','2021-01-20 07:18:16','Rolibeth G. Morillo'),
(337,'Added Project: Supply and Delivery of 35 units Pump and Engine with complete Accessories','2021-01-20 07:29:57','2021-01-20 07:29:57','Rolibeth G. Morillo'),
(338,'Added Project: Supply and Delivery of  Assorted Vegetable Seeds','2021-01-20 07:42:04','2021-01-20 07:42:04','Rolibeth G. Morillo'),
(339,'Edited Project: Completion of Medical Building (Phase II)','2021-01-20 08:18:25','2021-01-20 08:18:25','Jose G. Buenconsejo'),
(340,'Added Project: Establishment of RBDO Processing Facility in Romblon Year 2','2021-01-20 08:49:48','2021-01-20 08:49:48','Jelyn E. Doctor'),
(341,'Added Project: Supply and Delivery of 30 units Pump Irrigation System Open Source (PISOS)','2021-01-21 00:57:58','2021-01-21 00:57:58','Rolibeth G. Morillo'),
(342,'Added Project: Supply and Delivery of 37,650 meters HOPE Pipe','2021-01-21 01:02:49','2021-01-21 01:02:49','Rolibeth G. Morillo'),
(343,'Added Project: Supply and Delivery of Various  Fertilizer','2021-01-21 01:06:20','2021-01-21 01:06:20','Rolibeth G. Morillo'),
(344,'Added Project: Construction and Upgrading of Nicanor Zabala - San Miguel - Jolo Farm to Market Road','2021-01-21 01:33:35','2021-01-21 01:33:35','Jean E. Tirante'),
(345,'Edited Project: Construction and Upgrading of Nicanor Zabala - San Miguel - Jolo Farm to Market Road','2021-01-21 01:37:12','2021-01-21 01:37:12','Jean E. Tirante'),
(346,'Added Project: Junk Compactor Technology for Waste Management in Concepcion (CEST)','2021-01-21 01:44:15','2021-01-21 01:44:15','Jelyn E. Doctor'),
(347,'Added Project: CEST-Banton Phase I: Rainwater Collection System with Treatment Facility for Banton Island','2021-01-21 01:50:10','2021-01-21 01:50:10','Jelyn E. Doctor'),
(348,'Added Project: Establishment of Solar Salt Farms & Iodized Salt Processing Center, Province of Palawan','2021-01-21 01:55:01','2021-01-21 01:55:01','Jelyn E. Doctor'),
(349,'Added Project: Supply and Delivery of 25,000 pcs. Budded Calamansi','2021-01-21 01:59:53','2021-01-21 01:59:53','Rolibeth G. Morillo'),
(350,'Added Project: Strengthening the Physico-Chemical Laboratory to Sustain Water and Wastewater Testing Services','2021-01-21 01:59:56','2021-01-21 01:59:56','Jelyn E. Doctor'),
(351,'Added Project: Procurement of 25,000 Packets of Assorted Vegetable Seeds','2021-01-21 02:05:52','2021-01-21 02:05:52','Rolibeth G. Morillo'),
(352,'Added Project: Supply and Delivery of of 42,050 pcs. Grafted Cacao Seedlings','2021-01-21 02:10:22','2021-01-21 02:10:22','Rolibeth G. Morillo'),
(353,'Added Project: Supply and Delivery of 496 units of Battery Operated Knapsack Sprayer','2021-01-21 02:13:54','2021-01-21 02:13:54','Rolibeth G. Morillo'),
(354,'Added Project: Construction of Brgy. Pato-o Proper - Sitio Aurora, Odiongan Romblon Farm to Market Road with Two Bridges','2021-01-21 02:15:00','2021-01-21 02:15:00','Jean E. Tirante'),
(355,'Added Project: Implementation, Development and Enhancement of Systems and ICT Resources (iDESIRe)','2021-01-21 02:20:26','2021-01-21 02:20:26','Jelyn E. Doctor'),
(356,'Added Project: Upgrading/Concreting of Brgy. Poblacion Farm to Market Road','2021-01-21 02:32:28','2021-01-21 02:32:28','Jean E. Tirante'),
(357,'Edited Project: Upgrading/Concreting of Brgy. Poblacion Farm to Market Road','2021-01-21 02:33:20','2021-01-21 02:33:20','Jean E. Tirante'),
(358,'Added Project: Supply and Delivery of 2,530 bags Conventional Hybrid Corn Seeds','2021-01-21 02:38:36','2021-01-21 02:38:36','Rolibeth G. Morillo'),
(359,'Added Project: Supply and Delivery of LOT 2: 2 units  Mobile Recirculating Dryer 8T and 6T','2021-01-21 02:44:00','2021-01-21 02:44:00','Rolibeth G. Morillo'),
(360,'Edited Project: Enhancing the Post Harvest Facility through Infrared Grain Dryer Technology of Kooperatiba ng Pamayanang Kristiyano ng Mapaya (KPKM)','2021-01-21 02:46:00','2021-01-21 02:46:00','Jelyn E. Doctor'),
(361,'Added Project: Supply and Delivery of LOT 1: 3 units Four-Wheel Drive Tractor 50-55Hp with Implements','2021-01-21 02:48:06','2021-01-21 02:48:06','Rolibeth G. Morillo'),
(362,'Added Project: Supply and Delivery of LOT 2: 1 unit Pneumatic 4-Row Corn Planter','2021-01-21 02:54:29','2021-01-21 02:54:29','Rolibeth G. Morillo'),
(363,'Added Project: Supply and Delivery of LOT 3: 3 units Combine Harvester with Transport Trailer','2021-01-21 02:58:05','2021-01-21 02:58:05','Rolibeth G. Morillo'),
(364,'Edited Project: Enhancing the Post Harvest Facility through Infrared Grain Dryer Technology of Kooperatiba ng Pamayanang Kristiyano ng Mapaya (KPKM)','2021-01-21 02:58:18','2021-01-21 02:58:18','Jelyn E. Doctor'),
(365,'Edited Project: Supply and Delivery of 530 bags Conventional Hybrid Corn Seeds','2021-01-21 03:02:38','2021-01-21 03:02:38','Rolibeth G. Morillo'),
(366,'Added Project: Supply and Delivery of 2,500 bags GM Hybrid Corn Seed','2021-01-21 03:07:30','2021-01-21 03:07:30','Rolibeth G. Morillo'),
(367,'Edited Project: Establishment of Tilapia Intensive Aquaculture Facility in Mangangan I, Baco (CEST Project)','2021-01-21 03:09:17','2021-01-21 03:09:17','Jelyn E. Doctor'),
(368,'Edited Project: Productivity Improvement  of Cacao Processing Enterprise','2021-01-21 03:12:15','2021-01-21 03:12:15','Jelyn E. Doctor'),
(369,'Edited Project: Establishment of Mushroom Spawn Production Facility in Baco (CEST)','2021-01-21 03:13:43','2021-01-21 03:13:43','Jelyn E. Doctor'),
(370,'Edited Project: Water Testing Facility to Ensure Health and Safety of Marinduqueños','2021-01-21 03:18:18','2021-01-21 03:18:18','Jelyn E. Doctor'),
(371,'Added Project: Supply and Delivery of LOT 1: 3 units Four-Wheel Drive Tractor with Implements','2021-01-21 03:19:52','2021-01-21 03:19:52','Rolibeth G. Morillo'),
(372,'Edited Project: Coral Restoration Project for Marinduque','2021-01-21 03:22:16','2021-01-21 03:22:16','Jelyn E. Doctor'),
(373,'Edited Project: Solar Energy System as an Alternative Source of Electricity for DOST-MIMAROPA’s Provincial Science and Technology Centers and Marinduque State College','2021-01-21 03:25:13','2021-01-21 03:25:13','Jelyn E. Doctor'),
(374,'Edited Project: Junk Compactor Technology for Waste Management in Concepcion (CEST)','2021-01-21 03:33:46','2021-01-21 03:33:46','Jelyn E. Doctor'),
(375,'Edited Project: CEST-Banton Phase I: Rainwater Collection System with Treatment Facility for Banton Island','2021-01-21 03:36:24','2021-01-21 03:36:24','Jelyn E. Doctor'),
(376,'Edited Project: Establishment of Solar Salt Farms & Iodized Salt Processing Center, Province of Palawan','2021-01-21 03:39:17','2021-01-21 03:39:17','Jelyn E. Doctor'),
(377,'Added Project: Seed Reserve (GM Hybrid)','2021-01-21 03:39:47','2021-01-21 03:39:47','Rolibeth G. Morillo'),
(378,'Added Project: Improvement of Quadrangle (Phase I)','2021-01-21 03:39:54','2021-01-21 03:39:54','Frances Darlyn S. Pangilinan, Ce'),
(379,'Edited Project: Strengthening the Physico-Chemical Laboratory to Sustain Water and Wastewater Testing Services','2021-01-21 03:42:11','2021-01-21 03:42:11','Jelyn E. Doctor'),
(380,'Added Project: Repair/Improvement of Perimeter Fence, Lot 1','2021-01-21 03:42:33','2021-01-21 03:42:33','Frances Darlyn S. Pangilinan, Ce'),
(381,'Edited Project: Implementation, Development and Enhancement of Systems and ICT Resources (iDESIRe)','2021-01-21 03:47:16','2021-01-21 03:47:16','Jelyn E. Doctor'),
(382,'Added Project: Repair and Maintenance: Completion of Front Perimeter Fence, Lot 2','2021-01-21 03:50:55','2021-01-21 03:50:55','Frances Darlyn S. Pangilinan, Ce'),
(383,'Added Project: 20E00001 - CONSTRUCTION OF BY-PASS & DIVERSION ROADS, BOAC BYPASS ROAD, MARINDUQUE','2021-01-21 04:54:05','2021-01-21 04:54:05','Engr. Marilou M. Lawas'),
(384,'Added Project: 20E00012 - ROAD WIDENING OF PUERTO PRINCESA NORTH ROAD, KO149+308-KO152+765','2021-01-21 05:25:43','2021-01-21 05:25:43','Engr. Marilou M. Lawas'),
(385,'Added Project: 20E00017 - CONVERGE AND SPECIAL SUPPORT PROGRAM - CONST/IMPRVT OF ACCESS ROADS LEADING TO DECLARED TOURISM DESTINATIONS ACCESS ROAD FROM CORON TOWN PROPER TO BORAC RORO PORT STA. 0+000 - STA. 2+167, CORON, PALAWAN','2021-01-21 05:46:30','2021-01-21 05:46:30','Engr. Marilou M. Lawas'),
(386,'Added Project: 20E00021 - ROAD WIDENING OF CORON-BUSUANGA ROAD, KO005+124 - KO007+919; KO008+489 - KO009+577.50, CORON, PALAWAN','2021-01-21 06:36:45','2021-01-21 06:36:45','Engr. Marilou M. Lawas'),
(387,'Added Project: 20E00027 - ROAD WIDENING OF PUERTO PRINCESA SOUTH ROAD K0122+815 - K0126+342; K0126+542 - K0127+893, NARRA, PALAWAN','2021-01-21 06:48:55','2021-01-21 06:48:55','Engr. Marilou M. Lawas'),
(388,'Added Project: Construction of Coastal Access Road','2021-01-21 07:37:20','2021-01-21 07:37:20','Ronald O. Matibag'),
(389,'Added Project: Disaster Resilience, Awareness and Mitigation for MIMAROPA (DReAM-MIMAROPA)','2021-01-21 07:39:24','2021-01-21 07:39:24','Jelyn E. Doctor'),
(390,'Added Project: Construction of Port Operations Building','2021-01-21 07:41:02','2021-01-21 07:41:02','Ronald O. Matibag'),
(391,'Added Project: Construction of Back-Up Area','2021-01-21 07:44:24','2021-01-21 07:44:24','Ronald O. Matibag'),
(392,'Edited Project: Construction of Port Operations Building','2021-01-21 07:44:52','2021-01-21 07:44:52','Ronald O. Matibag'),
(393,'Added Project: Construction of R.C. Pier, Platform and Roro Ramp','2021-01-21 07:51:44','2021-01-21 07:51:44','Ronald O. Matibag'),
(394,'Edited Project: Free Wi-Fi for All | Free Public Internet Access Program - Managed Internet Service in Marinduque','2021-01-22 01:21:19','2021-01-22 01:21:19','Raiza Joyce A. Mendoza'),
(395,'Deleted Project in Form 1','2021-01-22 01:29:42','2021-01-22 01:29:42','Rolibeth G. Morillo'),
(396,'Added Project: 20E00028 - Road Widening - Secondary Roads - Puerto Princesa South Rd K0 86+331.00 - K0 86+900.00; K0 87+060.00 - K0 90+016.00; K0 94+048.00 - K0 94+564.00, Puerto Princesa, Palawan','2021-01-22 01:56:21','2021-01-22 01:56:21','Engr. Anacorita R. Mercader'),
(397,'Added Project: 20E00029 - Widening of Permanent Bridges, Iwahig Br. (Parallel Bridge) along Puerto Princesa South Rd ; K0019+751.83 - K0020+029.72','2021-01-22 02:02:30','2021-01-22 02:02:30','Engr. Anacorita R. Mercader'),
(398,'Added Project: 20E00033 - Road Widening - Secondary Roads Puerto Princesa North Road - K0020+433 - K0021+307, K0031+950 - K0033+453, Palawan','2021-01-22 02:27:01','2021-01-22 02:27:01','Engr. Anacorita R. Mercader'),
(399,'Added Project: 20E00030 - Construction of Cruise Port and Facilities,  Package C Palawan','2021-01-22 02:38:29','2021-01-22 02:38:29','Engr. Anacorita R. Mercader'),
(400,'Added Project: 20E00031 - Construction of Cruise Port and Facilities, Package D','2021-01-22 02:41:03','2021-01-22 02:41:03','Engr. Anacorita R. Mercader'),
(401,'Added Project: 20E00032 - Construction of Cruise Port and Facilities, Package E, Palawan','2021-01-22 02:43:54','2021-01-22 02:43:54','Engr. Anacorita R. Mercader'),
(402,'Edited Project: Improvement and expansion of existing water supply system of Sablayan WD','2021-01-22 02:46:35','2021-01-22 02:46:35','Punzalan'),
(403,'Edited Project: 20E00028 - Road Widening - Secondary Roads - Puerto Princesa South Rd K0 86+331.00 - K0 86+900.00; K0 87+060.00 - K0 90+016.00; K0 94+048.00 - K0 94+564.00, Puerto Princesa, Palawan','2021-01-22 02:47:01','2021-01-22 02:47:01','Engr. Anacorita R. Mercader'),
(404,'Edited Project: 20E00033 - Road Widening - Secondary Roads Puerto Princesa North Road - K0020+433 - K0021+307, K0031+950 - K0033+453, Palawan','2021-01-22 02:48:22','2021-01-22 02:48:22','Engr. Anacorita R. Mercader'),
(405,'Added Project: Expansion of Food Testing Services to Support Food Safety Compliance among Street Food Vendors and Producers in Palawan','2021-01-22 02:50:03','2021-01-22 02:50:03','Jelyn E. Doctor'),
(406,'Added Project: 20E00034 - Road Widening of  Puerto Princesa South Road K0009+462 - K0010+018; K0010+094 - K0010+239 K0010+315 - K0011+635; K0011+705 - K0012+180 K0014+921 - K0015+807; K0027+262 - K0029+962','2021-01-22 02:52:26','2021-01-22 02:52:26','Engr. Anacorita R. Mercader'),
(407,'Added Project: 20E00044 - Road Widening of Calapan South Road, Bulalacao, Or. Mdo K0168+404 - K0169+104; K0170+879 - K0171+846 K0173+415 - K0174+132; K0174+946 - K0175+057 K0178+300 - K0178+367; K0178+559 - K0180+727','2021-01-22 02:56:10','2021-01-22 02:56:10','Engr. Anacorita R. Mercader'),
(408,'Added Project: 20E00045 - Replacement of Permanent Weak Bridges, Magdiwang Bridge (B00022SY) along Sibuyan Circumferential Road (Phase II) K0057+590 - K0058+080 ; K0057+700 (First App), K0057+990 (second App.), Romblon','2021-01-22 03:00:00','2021-01-22 03:00:00','Engr. Anacorita R. Mercader'),
(409,'Added Project: Improvement and expansion of existing water supply system of Sablayan WD','2021-01-22 03:06:20','2021-01-22 03:06:20','Punzalan'),
(410,'Added Project: 20E00046 - VIILP - Construction of Access Road from Coron Town Proper to Borac RORO Port, Coron, Palawan Sta 12+435 - Sta 12+850 ; Sta 014+265 - Sta 014+760','2021-01-22 03:07:10','2021-01-22 03:07:10','Engr. Anacorita R. Mercader'),
(411,'Edited Project: NEDA SAMPLE PROJECT','2021-01-22 03:56:20','2021-01-22 03:56:20','NEDASAMPLE'),
(412,'Edited Project: NEDA SAMPLE PROJECT','2021-01-22 03:56:36','2021-01-22 03:56:36','NEDASAMPLE'),
(413,'Edited Project: NEDA SAMPLE PROJECT','2021-01-22 03:58:07','2021-01-22 03:58:07','NEDASAMPLE'),
(414,'Edited Project: NEDA SAMPLE PROJECT','2021-01-22 05:28:56','2021-01-22 05:28:56','NEDASAMPLE'),
(415,'Added Project: NEDA SAMPLE SUBSECTOR AND GAA','2021-01-22 05:29:59','2021-01-22 05:29:59','NEDASAMPLE'),
(416,'Edited Project: NEDA SAMPLE SUBSECTOR AND GAA','2021-01-22 05:30:19','2021-01-22 05:30:19','NEDASAMPLE'),
(417,'Added Project: Technology Upgrading for Improving Fabrication Equipment and Services of Nonoy\'s Welding Shop','2021-01-22 05:32:01','2021-01-22 05:32:01','Jelyn E. Doctor'),
(418,'Added Project: Vacuum Frying Technology Towards Improved Productivity and Product Quality of Akrishna Agri-Farm','2021-01-22 05:35:00','2021-01-22 05:35:00','Jelyn E. Doctor'),
(419,'Edited Project: Technology Upgrading for Improving Fabrication Equipment and Services of Nonoy\'s Welding Shop','2021-01-22 05:36:10','2021-01-22 05:36:10','Jelyn E. Doctor'),
(420,'Added Project: Fiber Optics Technology for Improving the Cable TV and Internet Services of Ultimate Viewing Cable TV, Inc.','2021-01-22 05:41:14','2021-01-22 05:41:14','Jelyn E. Doctor'),
(421,'Deleted Project: Completion of Medical Building (Phase II)','2021-01-22 05:48:18','2021-01-22 05:48:18','Jose G. Buenconsejo'),
(422,'Deleted Project: Completion of Medical Building (Phase III)','2021-01-22 05:48:27','2021-01-22 05:48:27','Jose G. Buenconsejo'),
(423,'Added Project: Productivity Enhancement for Sanafco Rice Mill Through Multi-Pass Rice Milling Technology','2021-01-22 05:48:46','2021-01-22 05:48:46','Jelyn E. Doctor'),
(424,'Deleted Project: NEDA SAMPLE SUBSECTOR AND GAA','2021-01-22 05:51:34','2021-01-22 05:51:34','NEDASAMPLE'),
(425,'Added Project: Process and Product Quality Improvement of Tubo J Sugarcane Products','2021-01-22 05:54:07','2021-01-22 05:54:07','Jelyn E. Doctor'),
(426,'Added Project: Adoption of Smart Aquaculture Farming System for Agritektura Enterprises','2021-01-22 06:04:52','2021-01-22 06:04:52','Jelyn E. Doctor'),
(427,'Submitted Form 2','2021-01-22 06:07:01','2021-01-22 06:07:01','Raiza Joyce A. Mendoza'),
(428,'Added Project: Improvement of Automotive Repair and Maintenance Services of Pyeza Master Trading.','2021-01-22 06:07:45','2021-01-22 06:07:45','Jelyn E. Doctor'),
(429,'Added Project: Upgrading Production Line and Packaging Materials of Krizshem\'s Cassava Cake','2021-01-22 06:10:09','2021-01-22 06:10:09','Jelyn E. Doctor'),
(430,'Endorsed Project for Form 3: Free Wi-Fi for All | Free Public Internet Access Program - Managed Internet Service in Marinduque','2021-01-22 06:10:40','2021-01-22 06:10:40','Raiza Joyce A. Mendoza'),
(431,'Added Project: Upgrading Production Line and Packaging Materials of Krizshem\'s Cassava Cake','2021-01-22 06:10:44','2021-01-22 06:10:44','Jelyn E. Doctor'),
(432,'Endorsed Project for Form 3: Free Wi-Fi for All | Free Public Internet Access Program - Managed Internet Service in Palawan','2021-01-22 06:10:49','2021-01-22 06:10:49','Raiza Joyce A. Mendoza'),
(433,'Endorsed Project for Form 3: Free Wi-Fi for All | Free Public Internet Access Program - Managed Internet Service in Romblon','2021-01-22 06:10:55','2021-01-22 06:10:55','Raiza Joyce A. Mendoza'),
(434,'Submitted Form 3','2021-01-22 06:11:08','2021-01-22 06:11:08','Raiza Joyce A. Mendoza'),
(435,'Deleted Project in Form 1','2021-01-22 06:11:59','2021-01-22 06:11:59','Raiza Joyce A. Mendoza'),
(436,'Added Project: Facility and Product Quality Enhancement for Krisna\'s Bakeshop','2021-01-22 06:15:05','2021-01-22 06:15:05','Jelyn E. Doctor'),
(437,'Added Project: Productivity and Process Improvement of Textile Printing for Herbagen General Merchandise','2021-01-22 06:16:59','2021-01-22 06:16:59','Jelyn E. Doctor'),
(438,'Added Project: Productivity Enhancement for Shapes Bakeshop','2021-01-22 06:21:41','2021-01-22 06:21:41','Jelyn E. Doctor'),
(439,'Added Project: Upgrading of Rivera\'s Auto Repair Shop','2021-01-22 06:26:39','2021-01-22 06:26:39','Jelyn E. Doctor'),
(440,'Added Project: Technology Infusion for Productivity Improvement for Cabreros Farm','2021-01-22 06:38:00','2021-01-22 06:38:00','Jelyn E. Doctor'),
(441,'Added Project: Upgrading and Improvement of Printing Services of Galetote T-Shirt Printing Shoppe in Puerto Princesa City, Palawan','2021-01-22 06:42:23','2021-01-22 06:42:23','Jelyn E. Doctor'),
(442,'Added Project: Upgrading of Printing Technology of Palgraphix Advertising Solution to Support the Local and National Brand Market in Puerto Princesa City Palawan','2021-01-22 06:44:03','2021-01-22 06:44:03','Jelyn E. Doctor'),
(443,'Added Project: Productivity and Quality Improvement of Pastry Products of Palawan Baker\'s Hill Corp','2021-01-22 06:46:56','2021-01-22 06:46:56','Jelyn E. Doctor'),
(444,'Added Project: Productivity and Quality Improvement for Mass Production of Bread and Pastry of Le Dessert in Puerto Princesa City, Palawan','2021-01-22 06:49:38','2021-01-22 06:49:38','Jelyn E. Doctor'),
(445,'Added Project: 20E00057 - CONSTRUCTION/REPAIR/REHABILITATION/IMPROVEMENT OF VIILP - CALAPAN NORTH ROAD (S00008MR) K0022+500 - K0022+700; K0022+820 - K0022+857.50, CALAPAN, MINDORO ORIENTAL','2021-01-22 07:10:04','2021-01-22 07:10:04','Engr. Marilou M. Lawas'),
(446,'Added Project: 20E00058 - CONSTRUCTION / REPAIR / REHABILITATION / IMPROVEMENT OF VIILP - CALAPAN NORTH ROAD (S00008MR) K0024+375.00 - K0024+556.10, CALAPAN, MINDORO ORIENTAL','2021-01-22 07:15:29','2021-01-22 07:15:29','Engr. Marilou M. Lawas'),
(447,'Added Project: Marinduque Coco Geonet Production and Trading (PRDP I-REAP Sub-project)','2021-01-22 07:19:51','2021-01-22 07:19:51','Jean E. Tirante'),
(448,'Edited Project: Construction of Maruyugon to Buenavista Farm to Market Road (PRDP I-BUILD Sub-project)','2021-01-22 07:20:48','2021-01-22 07:20:48','Jean E. Tirante'),
(449,'Edited Project: Construction and Upgrading of Junction Salban - Culasian - Magsaysay Farm to Market Road (PRDP-IBUILD-Sub-project)','2021-01-22 07:21:30','2021-01-22 07:21:30','Jean E. Tirante'),
(450,'Edited Project: Improvement/Upgrading of Pantayin-Jolo-Napo Farm to Market Road (PRDP-IBUILD Sub-project)','2021-01-22 07:22:30','2021-01-22 07:22:30','Jean E. Tirante'),
(451,'Edited Project: Upgrading/Concreting of Brgy. Poblacion Farm to Market Road (PRDP-IBUILD Sub-project)','2021-01-22 07:24:50','2021-01-22 07:24:50','Jean E. Tirante'),
(452,'Edited Project: Construction of Brgy. Pato-o Proper - Sitio Aurora, Odiongan Romblon Farm to Market Road with Two Bridges (PRDP-IBUILD Sub-project)','2021-01-22 07:25:30','2021-01-22 07:25:30','Jean E. Tirante'),
(453,'Edited Project: Construction and Upgrading of Nicanor Zabala - San Miguel - Jolo Farm to Market Road (PRDP-IBUILD Sub-project)','2021-01-22 07:26:23','2021-01-22 07:26:23','Jean E. Tirante'),
(454,'Added Project: 20E00059 - CONSTRUCTION / REPAIR / REHABILITATION / IMPROVEMENT OF VIILP - CALAPAN NORTH ROAD (S00008MR) K0036+180.00 - K0036+302.20, CALAPAN, MINDORO ORIENTAL','2021-01-22 07:37:02','2021-01-22 07:37:02','Engr. Marilou M. Lawas'),
(455,'Added Project: Malbog Arrowroot Production and Processing PRDP-IREAP Sub-project)','2021-01-22 07:37:08','2021-01-22 07:37:08','Jean E. Tirante'),
(456,'Added Project: 20E00060 - CONSTRUCTION / REPAIR / REHABILITATION / IMPROVEMENT OF VIILP - CALAPAN NORTH ROAD (S00008MR), K0037+300.00 - K0037+473.10','2021-01-22 07:40:49','2021-01-22 07:40:49','Engr. Marilou M. Lawas'),
(457,'Added Project: Arrowroot Production and Processing (PRDP-IREAP Sub-project)','2021-01-22 07:41:20','2021-01-22 07:41:20','Jean E. Tirante'),
(458,'Added Project: Improvement of Community Factory for Nipa Vinegar and Nipa Sugar Production in Calapan City (PRDP-IREAP Sub-project)','2021-01-22 07:49:24','2021-01-22 07:49:24','Jean E. Tirante'),
(459,'Added Project: Turmeric and Ginger Processing (PRDP IREAP Sub-project)','2021-01-22 08:03:37','2021-01-22 08:03:37','Jean E. Tirante'),
(460,'Added Project: Oriental Mindoro Nata de Coco Production and Marketing (PRDP-IREAP Sub-project)','2021-01-22 08:07:21','2021-01-22 08:07:21','Jean E. Tirante'),
(461,'Added Project: Veggie Canton Noodles and Veggie Snacks Production and Marketing (PRDP-IREAP Sub-project)','2021-01-22 08:17:30','2021-01-22 08:17:30','Jean E. Tirante'),
(462,'Added Project: BUSUANGA PORT DEVELOPMENT PROJECT','2021-01-22 08:29:50','2021-01-22 08:29:50','Juna M. Sanchez'),
(463,'Added Project: Oriental Mindoro Calamansi Processing and Marketing','2021-01-22 08:34:34','2021-01-22 08:34:34','Jean E. Tirante'),
(464,'Added Project: Seaweeds Production and Marketing (PRDP-IREAP Sub-project)','2021-01-22 08:38:58','2021-01-22 08:38:58','Jean E. Tirante'),
(465,'Edited Project: REPAIR OF DAMAGED CONCRETE PAVEMENT, DRAINAGE COVER, R.C. WHARF AND PLATFORM DECK/SLAB AND JACKETING OF DILAPIDATED PILE CAPS','2021-01-22 08:42:07','2021-01-22 08:42:07','Juna M. Sanchez'),
(466,'Added Project: Completion of Medical Building (Phase II)','2021-01-22 08:55:34','2021-01-22 08:55:34','Jose G. Buenconsejo'),
(467,'Added Project: Completion of Medical Building (Phase III)','2021-01-22 09:02:44','2021-01-22 09:02:44','Jose G. Buenconsejo'),
(468,'Added Project: Completion of Medical Building (Phase IV)','2021-01-22 09:11:09','2021-01-22 09:11:09','Jose G. Buenconsejo'),
(469,'Edited Project: Emergency Case for the Supply and Delivery of 36,029 bags Certified Palay Seeds','2021-01-24 23:51:14','2021-01-24 23:51:14','Rolibeth G. Morillo'),
(470,'Edited Project: 1,183 bags NSIC RC 350H, 465 Bags and 350 bags NSIC RC 236 H and 545 bags NSIC RC 260 Hybrid Palay Seeds','2021-01-24 23:54:35','2021-01-24 23:54:35','Rolibeth G. Morillo'),
(471,'Edited Project: Supply and Delivery of LOT 4: 1,034 bags NSIC RC 492 H and 1,007 bags NSIC RC 322 H Hybrid Palay Seeds','2021-01-24 23:56:22','2021-01-24 23:56:22','Rolibeth G. Morillo'),
(472,'Added Project: 20E00061 - CONSTRUCTION / REPAIR / REHABILITATION / IMPROVEMENT OF VIILP - CALAPAN NORTH ROAD (S00008MR), K0039+700.00 - K0039+868','2021-01-24 23:58:33','2021-01-24 23:58:33','Engr. Marilou M. Lawas'),
(473,'Added Project: 20E00062 - CONSTRUCTION / REPAIR / REHABILITATION / IMPROVEMENT OF VIILP - CALAPAN NORTH ROAD (S00008MR), K0043+625.00 - K0043+800.40','2021-01-25 00:03:23','2021-01-25 00:03:23','Engr. Marilou M. Lawas'),
(474,'Added Project: 20E00063 - CONSTRUCTION / REPAIR / REHABILITATION / IMPROVEMENT OF VIILP - CALAPAN NORTH ROAD (S00008MR), K0057+800.00 - K0057+941.80','2021-01-25 00:08:17','2021-01-25 00:08:17','Engr. Marilou M. Lawas'),
(475,'Edited Project: 000000','2021-01-25 00:13:56','2021-01-25 00:13:56','Rolibeth G. Morillo'),
(476,'Deleted Project: 000000','2021-01-25 00:14:19','2021-01-25 00:14:19','Rolibeth G. Morillo'),
(477,'Added Project: 20E00064 - LIP - CONSTRUCTION OF ROADS WITH SLIP/SLOPE COLLAPSE ALONG CALAPAN NORTH ROAD K0022+950 - K0023+600, CALAPAN, MINDORO ORIENTAL','2021-01-25 00:14:38','2021-01-25 00:14:38','Engr. Marilou M. Lawas'),
(478,'Deleted Project: Supply and Delivery of LOT 5: 2,109 bags NSIC RC 234 H and 125 bags NSIC RC 376 H Hybrid Palay Seeds','2021-01-25 00:15:20','2021-01-25 00:15:20','Rolibeth G. Morillo'),
(479,'Added Project: 20E00065 - LIP - CONSTRUCTION OF ROADS WITH SLIPS / SLOPE COLLAPSE ALONG CALAPAN NORTH ROAD, K0040+740 - K0040+974.20, CALAPAN, MINDORO ORIENTAL','2021-01-25 00:19:30','2021-01-25 00:19:30','Engr. Marilou M. Lawas'),
(480,'Added Project: 20E00066 - LIP - CONSTRUCTION OF ROADS WITH SLIP / SLOPE COLLAPSE ALONG CALAPAN NORTH ROAD K0042+000 - K0042+080; K0042+140.00 - K0042+240; K0042+360.00 - K0042+424.85, CALAPAN, MINDORO ORIENTAL','2021-01-25 00:23:04','2021-01-25 00:23:04','Engr. Marilou M. Lawas'),
(481,'Edited Project: Construction of Centro Diversion Dam','2021-01-25 00:24:48','2021-01-25 00:24:48','Rolibeth G. Morillo'),
(482,'Edited Project: Construction of Sabang Diversion Dam','2021-01-25 00:25:50','2021-01-25 00:25:50','Rolibeth G. Morillo'),
(483,'Edited Project: Rehabilitation of Malakibay Diversion Dam','2021-01-25 00:26:29','2021-01-25 00:26:29','Rolibeth G. Morillo'),
(484,'Edited Project: Rehabilitation of Rosacara Diversion Dam','2021-01-25 00:27:02','2021-01-25 00:27:02','Rolibeth G. Morillo'),
(485,'Edited Project: Extension of Paetan Irrigation Canal','2021-01-25 00:27:44','2021-01-25 00:27:44','Rolibeth G. Morillo'),
(486,'Edited Project: Concreting of San Vicente Irrigation Canal','2021-01-25 00:28:47','2021-01-25 00:28:47','Rolibeth G. Morillo'),
(487,'Added Project: 20E00068 - CONSTRUCTION/REPAIR/REHAB./IMPROVEMENT OF VIILP - CONSTRUCTION OF ACCESS ROAD, NEW QUEZON-CHEEY-SAN JOSE-DECALACHAO ROAD LEADING TO BUSUANGA AIRPORT, STA. 43+867.00-STA. 44+667.00, CORON, PALAWAN','2021-01-25 00:29:23','2021-01-25 00:29:23','Engr. Marilou M. Lawas'),
(488,'Edited Project: Construction od Masaquisi Irrigation Canal','2021-01-25 00:31:49','2021-01-25 00:31:49','Rolibeth G. Morillo'),
(489,'Edited Project: Construction od Masaquisi Irrigation Canal','2021-01-25 00:31:56','2021-01-25 00:31:56','Rolibeth G. Morillo'),
(490,'Edited Project: Constructioin of Labonan Diversion Dam','2021-01-25 00:33:06','2021-01-25 00:33:06','Rolibeth G. Morillo'),
(491,'Edited Project: Construction of Alimanguhan Concrete Canal Lining','2021-01-25 00:33:41','2021-01-25 00:33:41','Rolibeth G. Morillo'),
(492,'Edited Project: Extension of Valderama Irrigation Canal','2021-01-25 00:34:20','2021-01-25 00:34:20','Rolibeth G. Morillo'),
(493,'Edited Project: Construction and Installation of Dumarao SPIS','2021-01-25 00:35:10','2021-01-25 00:35:10','Rolibeth G. Morillo'),
(494,'Edited Project: Construction and Installation of Duongan SPIS','2021-01-25 00:36:50','2021-01-25 00:36:50','Rolibeth G. Morillo'),
(495,'Edited Project: Construction and Installation of Ransang SPIS','2021-01-25 00:37:34','2021-01-25 00:37:34','Rolibeth G. Morillo'),
(496,'Added Project: 20E00086 - CONSTRUCTION / REPAIR / REHABILITATION / IMPROVEMENT OF VIILP - REHABILITATION OF SLOPE PROTECTION STRUCTURE ALONG TABLAS CIRCUMFERENTIAL ROAD, K0044+427.15 - K0044+480.00','2021-01-25 00:40:57','2021-01-25 00:40:57','Engr. Marilou M. Lawas'),
(497,'Edited Project: Supply and Delivery of 11 units 35-44hp Four Wheel Drive Tractor with Implements','2021-01-25 00:44:14','2021-01-25 00:44:14','Rolibeth G. Morillo'),
(498,'Added Project: 20E00087 - CONSTRUCTION / REPAIR / REHABILITATION / IMPROVEMENT OF VIILP - REHABILITATION OF SLOPE PROTECTION STRUCTURE ALONG TABLAS CIRCUMFERENTIAL RAOD K0043+497.50 - K0043+550, TABLAS, ROMBLON','2021-01-25 00:46:14','2021-01-25 00:46:14','Engr. Marilou M. Lawas'),
(499,'Edited Project: Supply and Delivery of 12 units Hand Tractor (Riding Type)','2021-01-25 00:47:18','2021-01-25 00:47:18','Rolibeth G. Morillo'),
(500,'Edited Project: Supply and Delivery of 12units Rice Thresher','2021-01-25 00:48:51','2021-01-25 00:48:51','Rolibeth G. Morillo'),
(501,'Added Project: 20E00088 - CONSTRUCTION / REPAIR / REHABILITATION / IMPROVEMENT OF VIILP - REHABILITATION OF SLOPE PROTECTION STRUCTURE ALONG TABLAS CIRCUMFERENTIAL ROAD, K0042+980.00 - K0043+061, TABLAS, ROMBLON','2021-01-25 00:50:01','2021-01-25 00:50:01','Engr. Marilou M. Lawas'),
(502,'Edited Project: Emergency Case for the Supply nd Delivery of 4,352 bag NSIC, 1,149 Bags and 1,069 bags NSIC Hybrid Palay Seeds','2021-01-25 00:53:54','2021-01-25 00:53:54','Rolibeth G. Morillo'),
(503,'Added Project: 20E00089 - CONSTRUCTION / REPAIR / REHABILITATION / IMPROVEMENT OF VIILP - REHABILITATION OF SLOPE PROTECTION STRUCTURE ALONG TABLAS CIRCUMFERENTIAL ROAD K0044+574.80 - K0044+660.00, TABLAS ROMBLON','2021-01-25 00:54:46','2021-01-25 00:54:46','Engr. Marilou M. Lawas'),
(504,'Edited Project: Emergency Case for the Supply nd Delivery of 7,037 bags, 800 Bags and 2,260 bags SL-12 Hybrid Palay Seeds','2021-01-25 00:56:51','2021-01-25 00:56:51','Rolibeth G. Morillo'),
(505,'Edited Project: Emergency Case for the Supply nd Delivery of 4,352 bag NSIC, 1,149 Bags and 1,069 bags NSIC Hybrid Palay Seeds','2021-01-25 00:58:12','2021-01-25 00:58:12','Rolibeth G. Morillo'),
(506,'Edited Project: Emergency Case for the Supply nd Delivery of 2,210 bag, 4,353 Bags and 1,432 bags NSIC Hybrid Palay Seeds','2021-01-25 00:59:30','2021-01-25 00:59:30','Rolibeth G. Morillo'),
(507,'Edited Project: Emergency Case for the Supply nd Delivery of 3,815 bags, 2,060 Bags and 6,535 bags NSIC Hybrid Palay Seeds','2021-01-25 01:01:55','2021-01-25 01:01:55','Rolibeth G. Morillo'),
(508,'Edited Project: Emergency Case for the Supply nd Delivery of 2,000 bags, 3,440 Bags and 350 bags NSIC Hybrid Palay Seeds','2021-01-25 01:03:42','2021-01-25 01:03:42','Rolibeth G. Morillo'),
(509,'Added Project: 20E00095 - CLUSTER 2- PREVENTIVE MAINTENANCE OF ROAD: ASPHALT OVERLAY OF PPSR JCT. (ABO-ABO) - QUEZON, KO129+500.00 - KO130+607.00; KO138+550.00-KO139+568.00, PALAWAN','2021-01-25 01:08:01','2021-01-25 01:08:01','Engr. Marilou M. Lawas'),
(510,'Edited Project: 1,183 bags NSIC RC 350H, 465 Bags and 350 bags NSIC RC 236 H and 545 bags NSIC RC 260 Hybrid Palay Seeds','2021-01-25 01:09:16','2021-01-25 01:09:16','Rolibeth G. Morillo'),
(511,'Edited Project: Support and Services Program for Persons with Disability','2021-01-25 01:10:06','2021-01-25 01:10:06','Bernadette T. Salgado'),
(512,'Edited Project: 808 bags NSIC RC 412 A, 2,506 Bags NSIC RC 456 A and 1,690 bags NSIC RC 404 H Hybrid Palay Seeds','2021-01-25 01:11:09','2021-01-25 01:11:09','Rolibeth G. Morillo'),
(513,'Added Project: Adolescent Health & Development Program','2021-01-25 01:14:09','2021-01-25 01:14:09','Bernadette T. Salgado'),
(514,'Edited Project: 808 bags NSIC RC 412 A, 2,506 Bags NSIC RC 456 A and 1,690 bags NSIC RC 404 H Hybrid Palay Seeds','2021-01-25 01:14:09','2021-01-25 01:14:09','Rolibeth G. Morillo'),
(515,'Added Project: Back to School Program for Child Laborers','2021-01-25 01:16:02','2021-01-25 01:16:02','Bernadette T. Salgado'),
(516,'Edited Project: Lot 1: 4,270 bags NSIC RC 132 A, 545 bags NSIC RC 488 A and 210 bags NSIC RC 540 H Hybrid Palay Seeds','2021-01-25 01:18:40','2021-01-25 01:18:40','Rolibeth G. Morillo'),
(517,'Edited Project: Supply and Delivery of 14,000 bags Certified Palay Seeds','2021-01-25 01:23:31','2021-01-25 01:23:31','Rolibeth G. Morillo'),
(518,'Edited Project: Supply and Delivery of LOT 4: 1,034 bags NSIC RC 492 H and 1,007 bags NSIC RC 322 H Hybrid Palay Seeds','2021-01-25 01:25:02','2021-01-25 01:25:02','Rolibeth G. Morillo'),
(519,'Added Project: 20E00102 - CLUSTER 8- REHAB./RECONST. OF ROADS WITH SLIPS, SLOPE COLLAPSE & LANDSLIDE ALONG SAN JOSE-PORT BARTON ROAD SECTION, KO010+711.40-KO010+795; KO013+060-KO013+122.50; KO013+140-KO013+210; KO013+250-KO013+336.30, PALAWAN','2021-01-25 01:25:44','2021-01-25 01:25:44','Engr. Marilou M. Lawas'),
(520,'Edited Project: Supply and Delivery of LOT 5: 2,109 bags NSIC RC 234 H and 125 bags NSIC RC 376 H Hybrid Palay Seeds','2021-01-25 01:25:59','2021-01-25 01:25:59','Rolibeth G. Morillo'),
(521,'Edited Project: Supply and Delivery of  1,296 bags NSIC RC 548 H and 143 bags NSIC RC 548 H Hybrid Palay Seeds','2021-01-25 01:30:14','2021-01-25 01:30:14','Rolibeth G. Morillo'),
(522,'Edited Project: Emergency Case for the Supply and Delivery of 36,029 bags Certified Palay Seeds','2021-01-25 01:31:37','2021-01-25 01:31:37','Rolibeth G. Morillo'),
(523,'Edited Project: Emergency Case for the Supply and Delivery of 36,029 bags Certified Palay Seeds','2021-01-25 01:32:00','2021-01-25 01:32:00','Rolibeth G. Morillo'),
(524,'Edited Project: Emergency Case for the Supply and Delivery of 36,029 bags Certified Palay Seeds','2021-01-25 01:32:40','2021-01-25 01:32:40','Rolibeth G. Morillo'),
(525,'Added Project: Livelihood Program (PCPC)','2021-01-25 01:38:51','2021-01-25 01:38:51','Bernadette T. Salgado'),
(526,'Added Project: Child and Youth Welfare Program','2021-01-25 01:41:23','2021-01-25 01:41:23','Bernadette T. Salgado'),
(527,'Edited Project: Emergency Case for the Supply and Delivery of 36,092 bags Certified Palay Seeds','2021-01-25 01:42:06','2021-01-25 01:42:06','Rolibeth G. Morillo'),
(528,'Edited Project: Emergency Case for the Supply and Delivery of 36,092 bags Certified Palay Seeds','2021-01-25 01:44:41','2021-01-25 01:44:41','Rolibeth G. Morillo'),
(529,'Edited Project: Emergency Case for the Supply and Delivery of 36,092 bags Certified Palay Seeds','2021-01-25 01:46:04','2021-01-25 01:46:04','Rolibeth G. Morillo'),
(530,'Edited Project: Supply and Delivery of 33,000 kilos Garlic Planting Materials','2021-01-25 01:48:30','2021-01-25 01:48:30','Rolibeth G. Morillo'),
(531,'Edited Project: Emergency Case for the Supply and Delivery of 4,853 cans/packs (400g per can/pack) Red Onion Seeds','2021-01-25 01:50:21','2021-01-25 01:50:21','Rolibeth G. Morillo'),
(532,'Edited Project: Emergency Case for the Supply and Delivery of 4,853 cans/packs (400-GM per an/pack) Red Onion Seeds','2021-01-25 01:53:29','2021-01-25 01:53:29','Rolibeth G. Morillo'),
(533,'Edited Project: Emergency Case for the Supply and Delivery of 4,853 cans/packs (400g per can/pack) Red Onion Seeds','2021-01-25 01:54:36','2021-01-25 01:54:36','Rolibeth G. Morillo'),
(534,'Edited Project: Supply and Delivery of 1,020 kilos Red Onion Seeds','2021-01-25 01:56:21','2021-01-25 01:56:21','Rolibeth G. Morillo'),
(535,'Edited Project: Supply and Delivery 3,790 pcs. Plastic Crates','2021-01-25 01:59:41','2021-01-25 01:59:41','Rolibeth G. Morillo'),
(536,'Edited Project: Supply and Delivery of 1,020 kilos Red Onion Seeds','2021-01-25 02:00:24','2021-01-25 02:00:24','Rolibeth G. Morillo'),
(537,'Added Project: Livelihood Program for Solo Parents','2021-01-25 02:02:17','2021-01-25 02:02:17','Bernadette T. Salgado'),
(538,'Added Project: Livelihood Program for Senior Citizens','2021-01-25 02:04:32','2021-01-25 02:04:32','Bernadette T. Salgado'),
(539,'Edited Project: Supply and Delivery of LOT 2: 4 units Tiller Cultivator and 1 unit Thresher','2021-01-25 02:06:18','2021-01-25 02:06:18','Rolibeth G. Morillo'),
(540,'Added Project: Construction of New BHS with Birthing Facility','2021-01-25 02:12:52','2021-01-25 02:12:52','Engr. Stephanie S. Sioco'),
(541,'Edited Project: Supply and Delivery of 9,800 bags Urea Fertilizer','2021-01-25 02:13:04','2021-01-25 02:13:04','Rolibeth G. Morillo'),
(542,'Edited Project: Construction of New BHS with Birthing Facility','2021-01-25 02:13:35','2021-01-25 02:13:35','Engr. Stephanie S. Sioco'),
(543,'Added Project: Livelihood Program for PWDs','2021-01-25 02:14:10','2021-01-25 02:14:10','Bernadette T. Salgado'),
(544,'Edited Project: Supply and Delivery of 42,000 packs Organic Microbial Inoculant Fertilizer','2021-01-25 02:15:17','2021-01-25 02:15:17','Rolibeth G. Morillo'),
(545,'Edited Project: Supply and Delivery of  Assorted Vegetable Seeds','2021-01-25 02:16:29','2021-01-25 02:16:29','Rolibeth G. Morillo'),
(546,'Added Project: ECCD Program','2021-01-25 02:16:29','2021-01-25 02:16:29','Bernadette T. Salgado'),
(547,'Edited Project: Adolescent Health & Development Program','2021-01-25 02:20:25','2021-01-25 02:20:25','Bernadette T. Salgado'),
(548,'Added Project: Construction of New BHS with Birthing Facility','2021-01-25 02:22:06','2021-01-25 02:22:06','Engr. Stephanie S. Sioco'),
(549,'Added Project: Construction of New BHS with Birthing Facility','2021-01-25 02:24:21','2021-01-25 02:24:21','Engr. Stephanie S. Sioco'),
(550,'Edited Project: Construction of Multi-Purpose Hall (Phase II) (Mamburao)','2021-01-25 02:26:30','2021-01-25 02:26:30','Emelita G. Agpalo'),
(551,'Edited Project: Livelihood Program for PWDs','2021-01-25 02:26:38','2021-01-25 02:26:38','Bernadette T. Salgado'),
(552,'Edited Project: Livelihood Program (PCPC)','2021-01-25 02:28:01','2021-01-25 02:28:01','Bernadette T. Salgado'),
(553,'Edited Project: Back to School Program for Child Laborers','2021-01-25 02:28:39','2021-01-25 02:28:39','Bernadette T. Salgado'),
(554,'Edited Project: Construction of Multi-Purpose Hall (Paluan)','2021-01-25 02:29:11','2021-01-25 02:29:11','Emelita G. Agpalo'),
(555,'Edited Project: Supply and Delivery of 7,500 packets Micronutrient Foliar fertilizer','2021-01-25 02:29:23','2021-01-25 02:29:23','Rolibeth G. Morillo'),
(556,'Edited Project: Construction of Multi-Purpose Hall (Sta. Cruz)','2021-01-25 02:29:43','2021-01-25 02:29:43','Emelita G. Agpalo'),
(557,'Edited Project: Supply and Delivery of 5,368 bags Certified Palay Seeds','2021-01-25 02:30:09','2021-01-25 02:30:09','Rolibeth G. Morillo'),
(558,'Added Project: Construction of New BHS with Birthing Facility','2021-01-25 02:31:28','2021-01-25 02:31:28','Engr. Stephanie S. Sioco'),
(559,'Added Project: Provision of various medical equipment for the Province of Palawan','2021-01-25 02:31:45','2021-01-25 02:31:45','Engr. Stephanie S. Sioco'),
(560,'Edited Project: Supply and Delivery of 117,065 packets Organic Microbial Inoculant','2021-01-25 02:32:03','2021-01-25 02:32:03','Rolibeth G. Morillo'),
(561,'Edited Project: Supply and Delivery of Assorted Fruit Planting Materials','2021-01-25 02:33:07','2021-01-25 02:33:07','Rolibeth G. Morillo'),
(562,'Edited Project: Supply and Delivery of 100 heads of Cattle (Heifer)','2021-01-25 02:41:08','2021-01-25 02:41:08','Rolibeth G. Morillo'),
(563,'Edited Project: Supply and Delivery of 100 heads of Cattle (Heifer)','2021-01-25 02:42:26','2021-01-25 02:42:26','Rolibeth G. Morillo'),
(564,'Added Project: 20E00103 - CLUSTER 9- REHAB./RECONST. OF ROADS WITH SLIPS, SLOPE COLLAPSE & LANDSLIDE ALONG SAN JOSE-PORT BARTON ROAD SECTION, KO014+118.90- KO014+200; KO014+840- KO014+921.40; KO015+232- KO015+291.90; KO015+156.50- KO015+220.00, PALAWAN','2021-01-25 02:43:44','2021-01-25 02:43:44','Engr. Marilou M. Lawas'),
(565,'Edited Project: Supply and Delivery of 45 heads of Female Carabao (Heifer)','2021-01-25 02:44:43','2021-01-25 02:44:43','Rolibeth G. Morillo'),
(566,'Edited Project: Construction of New BHS with Birthing Facility in Mendez','2021-01-25 02:47:10','2021-01-25 02:47:10','Engr. Stephanie S. Sioco'),
(567,'Edited Project: Construction of New BHS with Birthing Facility in Poctoy','2021-01-25 02:47:36','2021-01-25 02:47:36','Engr. Stephanie S. Sioco'),
(568,'Edited Project: Construction of New BHS with Birthing Facility in Haguimit','2021-01-25 02:47:57','2021-01-25 02:47:57','Engr. Stephanie S. Sioco'),
(569,'Edited Project: Construction of New BHS with Birthing Facility in Libjo','2021-01-25 02:48:20','2021-01-25 02:48:20','Engr. Stephanie S. Sioco'),
(570,'Edited Project: Supply and Delivery of Various Garden Tools and Farm Implements (Plow & Harrow)','2021-01-25 02:48:32','2021-01-25 02:48:32','Rolibeth G. Morillo'),
(571,'Edited Project: Construction of New BHS with Birthing Facility in Masalukot','2021-01-25 02:48:41','2021-01-25 02:48:41','Engr. Stephanie S. Sioco'),
(572,'Edited Project: 20E00103 - CLUSTER 9- REHAB./RECONST. OF ROADS WITH SLIPS, SLOPE COLLAPSE & LANDSLIDE ALONG SAN JOSE-PORT BARTON ROAD SECTION, KO014+118.90- KO014+200; KO014+840- KO014+921.40; KO015+232- KO015+291.90; KO015+156.50- KO015+220.00, PALAWAN','2021-01-25 02:49:09','2021-01-25 02:49:09','Engr. Marilou M. Lawas'),
(573,'Edited Project: Supply and Delivery of  Lot 1: 33,280 Kilos Rice Certified Seeds & 11,500 kilos Upland Rice Seeds','2021-01-25 02:49:35','2021-01-25 02:49:35','Rolibeth G. Morillo'),
(574,'Edited Project: Supply and Delivery of 1,159 bags Inorganic Fertilizer','2021-01-25 02:50:28','2021-01-25 02:50:28','Rolibeth G. Morillo'),
(575,'Edited Project: Supply and Delivery of Collapsible Dryer and Hermatic Storage Cocoon','2021-01-25 02:51:35','2021-01-25 02:51:35','Rolibeth G. Morillo'),
(576,'Deleted Project in Form 2','2021-01-25 02:59:51','2021-01-25 02:59:51','Engr. Stephanie S. Sioco'),
(577,'Added Project: Supply and Delivery of 8 units Hand Tractor','2021-01-25 03:00:58','2021-01-25 03:00:58','Rolibeth G. Morillo'),
(578,'Edited Project: Supply and Delivery of 8 units Hand Tractor','2021-01-25 03:02:58','2021-01-25 03:02:58','Rolibeth G. Morillo'),
(579,'Edited Project: Supply and Delivery of 900,000 pcs. Cassava Planting Materials','2021-01-25 03:04:55','2021-01-25 03:04:55','Rolibeth G. Morillo'),
(580,'Edited Project: Supply and Delivery of 35 units Pump and Engine with complete Accessories','2021-01-25 03:06:10','2021-01-25 03:06:10','Rolibeth G. Morillo'),
(581,'Edited Project: Construction of New BHS with Birthing Facility','2021-01-25 03:08:21','2021-01-25 03:08:21','Engr. Stephanie S. Sioco'),
(582,'Deleted Project: Construction of New BHS with Birthing Facility in Poctoy','2021-01-25 03:08:34','2021-01-25 03:08:34','Engr. Stephanie S. Sioco'),
(583,'Deleted Project: Construction of New BHS with Birthing Facility in Haguimit','2021-01-25 03:08:42','2021-01-25 03:08:42','Engr. Stephanie S. Sioco'),
(584,'Edited Project: Supply and Delivery of  Assorted Vegetable Seeds','2021-01-25 03:08:49','2021-01-25 03:08:49','Rolibeth G. Morillo'),
(585,'Deleted Project: Construction of New BHS with Birthing Facility in Masalukot','2021-01-25 03:08:52','2021-01-25 03:08:52','Engr. Stephanie S. Sioco'),
(586,'Deleted Project: Construction of New BHS with Birthing Facility in Libjo','2021-01-25 03:08:58','2021-01-25 03:08:58','Engr. Stephanie S. Sioco'),
(587,'Deleted Project in Form 2','2021-01-25 03:09:20','2021-01-25 03:09:20','Engr. Stephanie S. Sioco'),
(588,'Edited Project: Supply and Delivery of 30 units Pump Irrigation System Open Source (PISOS)','2021-01-25 03:10:25','2021-01-25 03:10:25','Rolibeth G. Morillo'),
(589,'Edited Project: Supply and Delivery of 30 units Pump Irrigation System Open Source (PISOS)','2021-01-25 03:11:46','2021-01-25 03:11:46','Rolibeth G. Morillo'),
(590,'Edited Project: Supply and Delivery of 37,650 meters HOPE Pipe','2021-01-25 03:14:08','2021-01-25 03:14:08','Rolibeth G. Morillo'),
(591,'Edited Project: Supply and Delivery of 30 units Pump Irrigation System Open Source (PISOS)','2021-01-25 03:23:18','2021-01-25 03:23:18','Rolibeth G. Morillo'),
(592,'Edited Project: Construction of New BHS with Birthing Facility','2021-01-25 03:23:52','2021-01-25 03:23:52','Engr. Stephanie S. Sioco'),
(593,'Edited Project: Supply and Delivery of 37,650 meters HOPE Pipe','2021-01-25 03:25:08','2021-01-25 03:25:08','Rolibeth G. Morillo'),
(594,'Edited Project: Supply and Delivery of Various  Fertilizer','2021-01-25 03:26:36','2021-01-25 03:26:36','Rolibeth G. Morillo'),
(595,'Edited Project: Supply and Delivery of 25,000 pcs. Budded Calamansi','2021-01-25 03:28:20','2021-01-25 03:28:20','Rolibeth G. Morillo'),
(596,'Edited Project: Procurement of 25,000 Packets of Assorted Vegetable Seeds','2021-01-25 03:29:35','2021-01-25 03:29:35','Rolibeth G. Morillo'),
(597,'Edited Project: Supply and Delivery of of 42,050 pcs. Grafted Cacao Seedlings','2021-01-25 03:31:17','2021-01-25 03:31:17','Rolibeth G. Morillo'),
(598,'Edited Project: Supply and Delivery of 496 units of Battery Operated Knapsack Sprayer','2021-01-25 03:33:17','2021-01-25 03:33:17','Rolibeth G. Morillo'),
(599,'Edited Project: Supply and Delivery of 530 bags Conventional Hybrid Corn Seeds','2021-01-25 03:35:21','2021-01-25 03:35:21','Rolibeth G. Morillo'),
(600,'Edited Project: Supply and Delivery of 530 bags Conventional Hybrid Corn Seeds','2021-01-25 03:36:22','2021-01-25 03:36:22','Rolibeth G. Morillo'),
(601,'Edited Project: Supply and Delivery of  2 units  Mobile Recirculating Dryer 8T and 6T','2021-01-25 03:39:16','2021-01-25 03:39:16','Rolibeth G. Morillo'),
(602,'Edited Project: Supply and Delivery of 3 units Four-Wheel Drive Tractor 50-55Hp with Implements','2021-01-25 03:42:40','2021-01-25 03:42:40','Rolibeth G. Morillo'),
(603,'Edited Project: Supply and Delivery of LOT 2: 1 unit Pneumatic 4-Row Corn Planter','2021-01-25 03:45:53','2021-01-25 03:45:53','Rolibeth G. Morillo'),
(604,'Edited Project: Supply and Delivery of LOT 3: 3 units Combine Harvester with Transport Trailer','2021-01-25 03:47:03','2021-01-25 03:47:03','Rolibeth G. Morillo'),
(605,'Added Project: 20E00104 - CLUSTER 10- REHAB./RECONST. OF ROADS WITH SLIPS, SLOPE COLLAPSE & LANDSLIDE ALONG SAN JOSE-PORT BARTON ROAD SECTION, KO015+415.00- KO015+456.80; KO015+723- KO015+770.00; KO016+315- KO016+380.10; KO016+770.00- KO016+830.00, PALAWAN','2021-01-25 03:47:10','2021-01-25 03:47:10','Engr. Marilou M. Lawas'),
(606,'Edited Project: Supply and Delivery of 2,500 bags GM Hybrid Corn Seed','2021-01-25 03:49:11','2021-01-25 03:49:11','Rolibeth G. Morillo'),
(607,'Edited Project: Supply and Delivery of LOT 1: 3 units Four-Wheel Drive Tractor with Implements','2021-01-25 03:50:24','2021-01-25 03:50:24','Rolibeth G. Morillo'),
(608,'Edited Project: Seed Reserve (GM Hybrid)','2021-01-25 03:51:19','2021-01-25 03:51:19','Rolibeth G. Morillo'),
(609,'Added Project: Supply and Delivery of 1 unit  Hauling Truck for DA-RIAC','2021-01-25 04:01:37','2021-01-25 04:01:37','Rolibeth G. Morillo'),
(610,'Added Project: Supply and Delivery of 30 heads Cattle Brahman (Heifer)','2021-01-25 04:07:12','2021-01-25 04:07:12','Rolibeth G. Morillo'),
(611,'Added Project: Supply and Delivery of Assorted Animal Feeds','2021-01-25 04:13:10','2021-01-25 04:13:10','Rolibeth G. Morillo'),
(612,'Added Project: Supply and Delivery of Livestock Drugs and Medicines','2021-01-25 05:20:30','2021-01-25 05:20:30','Rolibeth G. Morillo'),
(613,'Added Project: Supply and Delivery of 92 heads Cattle Brahman (heifer)','2021-01-25 05:29:39','2021-01-25 05:29:39','Rolibeth G. Morillo'),
(614,'Added Project: Completion of Sta. Cruz RHU II Phase 2','2021-01-25 05:36:00','2021-01-25 05:36:00','Engr. Stephanie S. Sioco'),
(615,'Edited Project: Seaweeds Production and Marketing (PRDP-IREAP Sub-project)','2021-01-25 05:38:19','2021-01-25 05:38:19','Rolibeth G. Morillo'),
(616,'Added Project: 20E00105 - CLUSTER 11- REHAB./RECONST. OF ROADS WITH SLIPS, SLOPE COLLAPSE & LANDSLIDE ALONG SAN JOSE-PORT BARTON ROAD SECTION, KO017+000-KO017+071; KO017+100-KO017+161.80; KO018+307.90-KO018+427.00, PALAWAN','2021-01-25 05:39:01','2021-01-25 05:39:01','Engr. Marilou M. Lawas'),
(617,'Added Project: 20E00106 - CLUSTER 12- REHAB./RECONST. OF ROADS WITH SLIPS, SLOPE COLLAPSE & LANDSLIDE ALONG LANGOGAN-ROXAS ROAD SECTION, KO098+160-KO098+330.00; KO099+480-KO099+570; KO099+730-KO099+830.30, PALAWAN','2021-01-25 05:46:29','2021-01-25 05:46:29','Engr. Marilou M. Lawas'),
(618,'Added Project: 20E00107 - CLUSTER 13- REHAB./RECONST. OF ROADS WITH SLIPS, SLOPE COLLAPSE & LANDSLIDE ALONG LANGOGAN-ROXAS ROAD SECTION, KO100+310-KO100+440.00; KO101+120-KO101+202.90; KO104+060-KO104+160; KO104+560-KO104+704.10, PALAWAN','2021-01-25 05:51:38','2021-01-25 05:51:38','Engr. Marilou M. Lawas'),
(619,'Edited Project: Supply and Delivery of 1 unit  Hauling Truck for DA-RIARC','2021-01-25 05:54:03','2021-01-25 05:54:03','Rolibeth G. Morillo'),
(620,'Deleted Project in Form 1','2021-01-25 05:57:05','2021-01-25 05:57:05','Rolibeth G. Morillo'),
(621,'Deleted Project in Form 1','2021-01-25 05:57:24','2021-01-25 05:57:24','Rolibeth G. Morillo'),
(622,'Deleted Project in Form 1','2021-01-25 05:57:36','2021-01-25 05:57:36','Rolibeth G. Morillo'),
(623,'Deleted Project in Form 1','2021-01-25 05:57:56','2021-01-25 05:57:56','Rolibeth G. Morillo'),
(624,'Added Project: 20E00108 - CLUSTER 14- REHAB./RECONST. OF ROADS WITH SLIPS, SLOPE COLLAPSE & LANDSLIDE ALONG LANGOGAN-ROXAS ROAD SECTION, KO104+780-KO104+860; KO105+180-KO105+282; KO105+500-KO105+560.00, PALAWAN','2021-01-25 06:16:16','2021-01-25 06:16:16','Engr. Marilou M. Lawas'),
(625,'Added Project: Concreting of Employees Village Phase III','2021-01-25 06:32:43','2021-01-25 06:32:43','Michael Rio L. Daquer'),
(626,'Added Project: Concreting of Santan Road at City Employees Village','2021-01-25 06:34:31','2021-01-25 06:34:31','Michael Rio L. Daquer'),
(627,'Added Project: Rehabilitation of Purok Masunurin Road to Purok Kakkbayan','2021-01-25 06:36:16','2021-01-25 06:36:16','Michael Rio L. Daquer'),
(628,'Added Project: Construction of Double Barrel RC Box Culvert with Approach Pavement, Bgy. Sta. Lourdes','2021-01-25 06:40:33','2021-01-25 06:40:33','Michael Rio L. Daquer'),
(629,'Added Project: Construction of City Health Medical Complex Phase II','2021-01-25 06:43:13','2021-01-25 06:43:13','Michael Rio L. Daquer'),
(630,'Added Project: Construction of Isolation Facility / DRRMO Facility','2021-01-25 06:44:47','2021-01-25 06:44:47','Michael Rio L. Daquer'),
(631,'Edited Project: Emergency Case for the Supply and Delivery of 36,092 bags Certified Palay Seeds','2021-01-25 06:49:40','2021-01-25 06:49:40','Rolibeth G. Morillo'),
(632,'Added Project: Concreting of Road from Church to Highway','2021-01-25 06:52:15','2021-01-25 06:52:15','Michael Rio L. Daquer'),
(633,'Added Project: Concreting of San Carlos Road Phase III','2021-01-25 06:54:34','2021-01-25 06:54:34','Michael Rio L. Daquer'),
(634,'Edited Project: Formulation/development/dissemination of new policies, plans to be issued to stakeholders and partners','2021-01-25 06:57:29','2021-01-25 06:57:29','TESDA MIMAROPA'),
(635,'Edited Project: Formulation/development/dissemination of new policies, plans to be issued to stakeholders and partners','2021-01-25 07:00:26','2021-01-25 07:00:26','TESDA MIMAROPA'),
(636,'Deleted Project: NEDA SAMPLE PROJECT','2021-01-25 07:57:42','2021-01-25 07:57:42','NEDASAMPLE'),
(637,'Added Project: Construction of Various BHS in the Province of Palawan','2021-01-25 08:33:20','2021-01-25 08:33:20','Engr. Stephanie S. Sioco'),
(638,'Edited Project: Tulong Panghanapbuhay sa Ating Disadvantaged/Displaced Workers (TUPAD)','2021-01-26 00:28:59','2021-01-26 00:28:59','Kim Neko C. Bana'),
(639,'Deleted Project in Form 2','2021-01-26 00:40:42','2021-01-26 00:40:42','Engr. Marilou M. Lawas'),
(640,'Deleted Project in Form 2','2021-01-26 00:41:10','2021-01-26 00:41:10','Engr. Marilou M. Lawas'),
(641,'Deleted Project in Form 2','2021-01-26 00:42:24','2021-01-26 00:42:24','Engr. Marilou M. Lawas'),
(642,'Deleted Project in Form 2','2021-01-26 00:43:05','2021-01-26 00:43:05','Engr. Anacorita R. Mercader'),
(643,'Deleted Project in Form 2','2021-01-26 00:43:52','2021-01-26 00:43:52','Engr. Marilou M. Lawas'),
(644,'Deleted Project in Form 2','2021-01-26 00:51:22','2021-01-26 00:51:22','Bernadette T. Salgado'),
(645,'Added Project: Completion of Four (4) Storey Archtecture Building (Phase II)','2021-01-26 00:52:17','2021-01-26 00:52:17','Jose G. Buenconsejo'),
(646,'Added Project: Completion of Four (4) Storey Archtecture Building (Phase III)','2021-01-26 00:56:32','2021-01-26 00:56:32','Jose G. Buenconsejo'),
(647,'Added Project: Construction of Three (3) Storey Student Center (Phase III)','2021-01-26 00:59:37','2021-01-26 00:59:37','Jose G. Buenconsejo'),
(648,'Deleted Project in Form 2','2021-01-26 01:10:06','2021-01-26 01:10:06','Bernadette T. Salgado'),
(649,'Added Project: Construction of School Building','2021-01-26 01:30:40','2021-01-26 01:30:40','Michael Casto A. Ras'),
(650,'Added Project: Improvement of Sanitary Landfill (Construction of Materials Recovery Facility and Installation of Power Lines)','2021-01-26 01:37:17','2021-01-26 01:37:17','Michael Casto A. Ras'),
(651,'Added Project: Acquisition of Emergency Transport Vehicle','2021-01-26 01:41:58','2021-01-26 01:41:58','Michael Casto A. Ras'),
(652,'Added Project: Concreting of Local Access Road/ Farm to Market Road','2021-01-26 01:45:29','2021-01-26 01:45:29','Michael Casto A. Ras'),
(653,'Deleted Project in Form 2','2021-01-26 01:46:29','2021-01-26 01:46:29','Bernadette T. Salgado'),
(654,'Edited Project: Improvement of Sanitary Landfill (Construction of Materials Recovery Facility and Installation of Power Lines)','2021-01-26 01:46:34','2021-01-26 01:46:34','Michael Casto A. Ras'),
(655,'Edited Project: Acquisition of Emergency Transport Vehicle','2021-01-26 01:47:02','2021-01-26 01:47:02','Michael Casto A. Ras'),
(656,'Added Project: Riprapping of Central Library, CEAT Laboratory and Amphitheatre Building','2021-01-26 01:48:13','2021-01-26 01:48:13','Jose G. Buenconsejo'),
(657,'Added Project: Construction of 22 LM Line Canal with Cover, Box Culvert Transition and Manhole','2021-01-26 01:49:50','2021-01-26 01:49:50','Michael Casto A. Ras'),
(658,'Added Project: Construction of New San Agustin Dry Market Phase 2 (2nd Floor)','2021-01-26 01:52:47','2021-01-26 01:52:47','Michael Casto A. Ras'),
(659,'Added Project: Construction of Cistern Tank with Fire Pumps on Various Buildings (20 Classroom, Amphitheater, CHMT Annex, 3-Storey Dormitory)','2021-01-26 01:53:38','2021-01-26 01:53:38','Jose G. Buenconsejo'),
(660,'Deleted Project in Form 1','2021-01-26 01:56:48','2021-01-26 01:56:48','Rolibeth G. Morillo'),
(661,'Added Project: Construction of Fishport/ Boat Landing','2021-01-26 02:02:14','2021-01-26 02:02:14','Michael Casto A. Ras'),
(662,'Added Project: Design and Build for the Completion of Various Health Facilities in the Province of Oriental Mindoro','2021-01-26 02:13:59','2021-01-26 02:13:59','Engr. Stephanie S. Sioco'),
(663,'Deleted Project in Form 2','2021-01-26 02:14:23','2021-01-26 02:14:23','Jean E. Tirante'),
(664,'Deleted Project in Form 2','2021-01-26 02:15:19','2021-01-26 02:15:19','Engr. Stephanie S. Sioco'),
(665,'Edited Project: Formulation/development/dissemination of new policies, plans to be issued to stakeholders and partners','2021-01-26 02:23:00','2021-01-26 02:23:00','TESDA MIMAROPA'),
(666,'Edited Project: Updating of Regional and Provincial TESD Plans','2021-01-26 02:29:37','2021-01-26 02:29:37','TESDA MIMAROPA'),
(667,'Edited Project: Strengthening of Regional/Provincial/City TESD Committees','2021-01-26 02:32:12','2021-01-26 02:32:12','TESDA MIMAROPA'),
(668,'Edited Project: Conduct  of Industry  Forum, TVET Forum, CTEC Congress/DTS Forum','2021-01-26 02:34:32','2021-01-26 02:34:32','TESDA MIMAROPA'),
(669,'Edited Project: Dissemination of Labor Market Information Report','2021-01-26 02:36:15','2021-01-26 02:36:15','TESDA MIMAROPA'),
(670,'Edited Project: Conduct Study on the Employability of TVET Graduates','2021-01-26 02:38:43','2021-01-26 02:38:43','TESDA MIMAROPA'),
(671,'Deleted Project in Form 2','2021-01-26 02:41:17','2021-01-26 02:41:17','Engr. Marilou M. Lawas'),
(672,'Deleted Project in Form 2','2021-01-26 02:42:43','2021-01-26 02:42:43','Engr. Marilou M. Lawas'),
(673,'Deleted Project in Form 1','2021-01-26 02:43:01','2021-01-26 02:43:01','Rolibeth G. Morillo'),
(674,'Deleted Project in Form 2','2021-01-26 02:43:17','2021-01-26 02:43:17','Engr. Marilou M. Lawas'),
(675,'Endorsed Project for Form 1: 1,183 bags NSIC RC 350H, 465 Bags and 350 bags NSIC RC 236 H and 545 bags NSIC RC 260 Hybrid Palay Seeds','2021-01-26 02:44:30','2021-01-26 02:44:30','Rolibeth G. Morillo'),
(676,'Edited Project: Conduct/Provision of Training Programs under the TESDA Technology Institutions (TTIs) - Buyabod School of Arts and Trades','2021-01-26 02:48:51','2021-01-26 02:48:51','TESDA MIMAROPA'),
(677,'Added Project: Completion of Calatrava RHU- Phase 2','2021-01-26 02:50:15','2021-01-26 02:50:15','Engr. Stephanie S. Sioco'),
(678,'Endorsed Project for Form 2: Arrowroot Production and Processing (PRDP-IREAP Sub-project)','2021-01-26 02:55:55','2021-01-26 02:55:55','Jean E. Tirante'),
(679,'Deleted Project in Form 2','2021-01-26 02:56:06','2021-01-26 02:56:06','Engr. Stephanie S. Sioco'),
(680,'Endorsed Project for Form 2: Construction and Upgrading of Junction Salban - Culasian - Magsaysay Farm to Market Road (PRDP-IBUILD-Sub-project)','2021-01-26 02:58:32','2021-01-26 02:58:32','Jean E. Tirante'),
(681,'Endorsed Project for Form 2: Construction and Upgrading of Nicanor Zabala - San Miguel - Jolo Farm to Market Road (PRDP-IBUILD Sub-project)','2021-01-26 03:00:24','2021-01-26 03:00:24','Jean E. Tirante'),
(682,'Endorsed Project for Form 2: Construction of Brgy. Pato-o Proper - Sitio Aurora, Odiongan Romblon Farm to Market Road with Two Bridges (PRDP-IBUILD Sub-project)','2021-01-26 03:01:43','2021-01-26 03:01:43','Jean E. Tirante'),
(683,'Added Project: Repair/Rehabilitation of Main Building and Completion of Wards','2021-01-26 03:02:28','2021-01-26 03:02:28','Engr. Stephanie S. Sioco'),
(684,'Edited Project: Completion of Calatrava RHU- Phase 2','2021-01-26 03:03:34','2021-01-26 03:03:34','Engr. Stephanie S. Sioco'),
(685,'Edited Project: Completion of Calatrava RHU- Phase 2','2021-01-26 03:05:09','2021-01-26 03:05:09','Engr. Stephanie S. Sioco'),
(686,'Endorsed Project for Form 2: Construction of Maruyugon to Buenavista Farm to Market Road (PRDP I-BUILD Sub-project)','2021-01-26 03:05:22','2021-01-26 03:05:22','Jean E. Tirante'),
(687,'Endorsed Project for Form 2: Arrowroot Production and Processing (PRDP-IREAP Sub-project)','2021-01-26 03:10:38','2021-01-26 03:10:38','Jean E. Tirante'),
(688,'Endorsed Project for Form 2: Improvement of Community Factory for Nipa Vinegar and Nipa Sugar Production in Calapan City (PRDP-IREAP Sub-project)','2021-01-26 03:11:14','2021-01-26 03:11:14','Jean E. Tirante'),
(689,'Endorsed Project for Form 2: Improvement/Upgrading of Pantayin-Jolo-Napo Farm to Market Road (PRDP-IBUILD Sub-project)','2021-01-26 03:14:49','2021-01-26 03:14:49','Jean E. Tirante'),
(690,'Endorsed Project for Form 2: Malbog Arrowroot Production and Processing PRDP-IREAP Sub-project)','2021-01-26 03:26:43','2021-01-26 03:26:43','Jean E. Tirante'),
(691,'Endorsed Project for Form 2: Marinduque Coco Geonet Production and Trading (PRDP I-REAP Sub-project)','2021-01-26 03:29:23','2021-01-26 03:29:23','Jean E. Tirante'),
(692,'Endorsed Project for Form 2: Oriental Mindoro Calamansi Processing and Marketing','2021-01-26 03:32:42','2021-01-26 03:32:42','Jean E. Tirante'),
(693,'Endorsed Project for Form 2: Oriental Mindoro Nata de Coco Production and Marketing (PRDP-IREAP Sub-project)','2021-01-26 03:35:11','2021-01-26 03:35:11','Jean E. Tirante'),
(694,'Endorsed Project for Form 2: Seaweeds Production and Marketing (PRDP-IREAP Sub-project)','2021-01-26 03:37:56','2021-01-26 03:37:56','Jean E. Tirante'),
(695,'Deleted Project in Form 1','2021-01-26 03:39:51','2021-01-26 03:39:51','Rolibeth G. Morillo'),
(696,'Endorsed Project for Form 2: Turmeric and Ginger Processing (PRDP IREAP Sub-project)','2021-01-26 03:40:35','2021-01-26 03:40:35','Jean E. Tirante'),
(697,'Deleted Project in Form 1','2021-01-26 03:41:03','2021-01-26 03:41:03','Rolibeth G. Morillo'),
(698,'Endorsed Project for Form 2: Upgrading/Concreting of Brgy. Poblacion Farm to Market Road (PRDP-IBUILD Sub-project)','2021-01-26 03:43:53','2021-01-26 03:43:53','Jean E. Tirante'),
(699,'Endorsed Project for Form 2: Veggie Canton Noodles and Veggie Snacks Production and Marketing (PRDP-IREAP Sub-project)','2021-01-26 03:47:31','2021-01-26 03:47:31','Jean E. Tirante'),
(700,'Endorsed Project for Form 1: Construction and Upgrading of Junction Salban - Culasian - Magsaysay Farm to Market Road (PRDP-IBUILD-Sub-project)','2021-01-26 03:48:03','2021-01-26 03:48:03','Jean E. Tirante'),
(701,'Endorsed Project for Form 1: Construction and Upgrading of Junction Salban - Culasian - Magsaysay Farm to Market Road (PRDP-IBUILD-Sub-project)','2021-01-26 03:48:05','2021-01-26 03:48:05','Jean E. Tirante'),
(702,'Endorsed Project for Form 1: Construction and Upgrading of Junction Salban - Culasian - Magsaysay Farm to Market Road (PRDP-IBUILD-Sub-project)','2021-01-26 03:49:11','2021-01-26 03:49:11','Jean E. Tirante'),
(703,'Endorsed Project for Form 1: Arrowroot Production and Processing (PRDP-IREAP Sub-project)','2021-01-26 03:49:47','2021-01-26 03:49:47','Jean E. Tirante'),
(704,'Endorsed Project for Form 1: Construction and Upgrading of Nicanor Zabala - San Miguel - Jolo Farm to Market Road (PRDP-IBUILD Sub-project)','2021-01-26 03:50:37','2021-01-26 03:50:37','Jean E. Tirante'),
(705,'Deleted Project in Form 1','2021-01-26 04:40:35','2021-01-26 04:40:35','Rolibeth G. Morillo'),
(706,'Endorsed Project for Form 2: Construction of Centro Diversion Dam','2021-01-26 05:06:14','2021-01-26 05:06:14','Jean E. Tirante'),
(707,'Endorsed Project for Form 2: Construction of Sabang Diversion Dam','2021-01-26 05:10:25','2021-01-26 05:10:25','Jean E. Tirante'),
(708,'Endorsed Project for Form 2: Rehabilitation of Malakibay Diversion Dam','2021-01-26 05:16:40','2021-01-26 05:16:40','Jean E. Tirante'),
(709,'Endorsed Project for Form 2: Rehabilitation of Rosacara Diversion Dam','2021-01-26 05:19:05','2021-01-26 05:19:05','Jean E. Tirante'),
(710,'Endorsed Project for Form 2: Extension of Paetan Irrigation Canal','2021-01-26 05:26:38','2021-01-26 05:26:38','Jean E. Tirante'),
(711,'Deleted Project: Riprapping of Central Library, CEAT Laboratory and Amphitheatre Building','2021-01-26 05:29:08','2021-01-26 05:29:08','Jose G. Buenconsejo'),
(712,'Deleted Project: Construction of Cistern Tank with Fire Pumps on Various Buildings (20 Classroom, Amphitheater, CHMT Annex, 3-Storey Dormitory)','2021-01-26 05:29:16','2021-01-26 05:29:16','Jose G. Buenconsejo'),
(713,'Endorsed Project for Form 2: Concreting of San Vicente Irrigation Canal','2021-01-26 05:30:51','2021-01-26 05:30:51','Jean E. Tirante'),
(714,'Added Project: Riprapping of Central Library, CEAT Laboratory and Amphitheatre Building','2021-01-26 05:34:57','2021-01-26 05:34:57','Jose G. Buenconsejo'),
(715,'Added Project: Construction of Cistern Tank with Fire on Various Buildings (20 Classroom, Amphitheater, CHMT Annex, 3-Storey Dormitory)','2021-01-26 05:37:07','2021-01-26 05:37:07','Jose G. Buenconsejo'),
(716,'Endorsed Project for Form 2: Construction od Masaquisi Irrigation Canal','2021-01-26 05:46:44','2021-01-26 05:46:44','Jean E. Tirante'),
(717,'Edited Project: Concreting of  Bgy. Road Galoc','2021-01-26 05:48:35','2021-01-26 05:48:35','Mr. Mathew Micah Lamitar'),
(718,'Added Project: Concreting of BarangayRoad of Sitio Sader, Bgy. Bantulan','2021-01-26 05:52:32','2021-01-26 05:52:32','Mr. Mathew Micah Lamitar'),
(719,'Edited Project: Concreting of BarangayRoad of Sitio Sader, Bgy. Bantulan','2021-01-26 05:54:43','2021-01-26 05:54:43','Mr. Mathew Micah Lamitar'),
(720,'Deleted Project in Form 1','2021-01-26 05:55:18','2021-01-26 05:55:18','Rolibeth G. Morillo'),
(721,'Added Project: Rehabilitation of Hanging Bridge at Brgy. Bucana, El Nido','2021-01-26 06:03:26','2021-01-26 06:03:26','Mr. Mathew Micah Lamitar'),
(722,'Deleted Project in Form 1','2021-01-26 06:08:14','2021-01-26 06:08:14','Jose G. Buenconsejo'),
(723,'Deleted Project in Form 1','2021-01-26 06:11:02','2021-01-26 06:11:02','Jose G. Buenconsejo'),
(724,'Deleted Project in Form 2','2021-01-26 06:11:22','2021-01-26 06:11:22','Jose G. Buenconsejo'),
(725,'Deleted Project: Distribution of 12,000 certified palay seeds from DA-RFO I for rehab for typhoon Quinta','2021-01-26 06:13:28','2021-01-26 06:13:28','Bernadette T. Salgado'),
(726,'Deleted Project: Distribution of 12,000 certified palay seeds from DA-RFO I for rehab for typhoon Quinta','2021-01-26 06:14:28','2021-01-26 06:14:28','Bernadette T. Salgado'),
(727,'Edited Project: Conduct/Provision of Training Programs under the TESDA Technology Institutions (TTIs) - Simeon Suan Vocational and Technical College','2021-01-26 06:14:54','2021-01-26 06:14:54','TESDA MIMAROPA'),
(728,'Added Project: Rehabilitation/Renovation/Upgrading of Old Science Laboratory Building','2021-01-26 06:25:18','2021-01-26 06:25:18','Engr. Jennie T. Fernando'),
(729,'Added Project: Rehabilitation/Renovation/Upgrading of Education Building','2021-01-26 06:28:41','2021-01-26 06:28:41','Engr. Jennie T. Fernando'),
(730,'Added Project: Provincial Anti-Drug Abuse Program','2021-01-26 06:29:36','2021-01-26 06:29:36','Sherry Rose M. Peralta'),
(731,'Added Project: Muslim Communities for Peace & Progress/Social Infrastructure Program','2021-01-26 06:30:47','2021-01-26 06:30:47','Sherry Rose M. Peralta'),
(732,'Added Project: Palawan Rescue 165','2021-01-26 06:34:22','2021-01-26 06:34:22','Sherry Rose M. Peralta'),
(733,'Added Project: Renovation/Rehabilitation/Upgrading of Library Building','2021-01-26 06:34:38','2021-01-26 06:34:38','Engr. Jennie T. Fernando'),
(734,'Added Project: PAG-ASA Program (Burial Assistance)','2021-01-26 06:36:19','2021-01-26 06:36:19','Sherry Rose M. Peralta'),
(735,'Added Project: Palawan Culture & Arts Program','2021-01-26 06:37:51','2021-01-26 06:37:51','Sherry Rose M. Peralta'),
(736,'Added Project: Renovation/Improvement/Upgrading of Academic Buildings and Provision of Facilities for Persons with Disabilities','2021-01-26 06:38:21','2021-01-26 06:38:21','Engr. Jennie T. Fernando'),
(737,'Added Project: I-Help Education','2021-01-26 06:38:55','2021-01-26 06:38:55','Sherry Rose M. Peralta'),
(738,'Added Project: Kalinga sa Palaweño','2021-01-26 06:41:20','2021-01-26 06:41:20','Sherry Rose M. Peralta'),
(739,'Added Project: Renovation/Improvement/Upgrading of Multi-purpose Gymnasium and Student Activity Center including Ventilation','2021-01-26 06:41:42','2021-01-26 06:41:42','Engr. Jennie T. Fernando'),
(740,'Added Project: Rehabilitation/Renovation/Upgrading of General Education Building','2021-01-26 06:44:46','2021-01-26 06:44:46','Engr. Jennie T. Fernando'),
(741,'Edited Project: Conduct/Provision of Training Programs under the TESDA Technology Institutions (TTIs)  - Torrijos Poblacion School of Arts and    Trades','2021-01-26 06:46:21','2021-01-26 06:46:21','TESDA MIMAROPA'),
(742,'Added Project: Rehabilitation/Renovation/Upgrading of Hotel and Restaurant Management/Hotel and Tourism Management (HRM/HTM) Laboratory Building','2021-01-26 07:04:33','2021-01-26 07:04:33','Engr. Jennie T. Fernando'),
(743,'Added Project: Renovation/Rehabilitation/Upgrading of Fishery Laboratory Building','2021-01-26 07:10:37','2021-01-26 07:10:37','Engr. Jennie T. Fernando'),
(744,'Added Project: Renovation/Improvement/Upgrading of Science Laboratories','2021-01-26 07:13:08','2021-01-26 07:13:08','Engr. Jennie T. Fernando'),
(745,'Added Project: Renovation/Improvement/Upgrading of Academic Building, Fabrication and Installation of Grills at the Technology Building','2021-01-26 07:26:42','2021-01-26 07:26:42','Engr. Jennie T. Fernando'),
(746,'Added Project: Upgrading of Academic Building, Fabrication and Installation of Grills at the Agriculture Ecology Laboratory Building','2021-01-26 07:30:02','2021-01-26 07:30:02','Engr. Jennie T. Fernando'),
(747,'Endorsed Project for Form 2: Constructioin of Labonan Diversion Dam','2021-01-26 07:32:49','2021-01-26 07:32:49','Jean E. Tirante'),
(748,'Edited Project: Renovation/Rehabilitation/Upgrading of Library Building','2021-01-26 07:33:35','2021-01-26 07:33:35','Engr. Jennie T. Fernando'),
(749,'Added Project: Hospital Development and Management Program','2021-01-26 07:34:35','2021-01-26 07:34:35','Sherry Rose M. Peralta'),
(750,'Endorsed Project for Form 2: Construction of Alimanguhan Concrete Canal Lining','2021-01-26 07:42:10','2021-01-26 07:42:10','Jean E. Tirante'),
(751,'Endorsed Project for Form 2: Extension of Valderama Irrigation Canal','2021-01-26 07:45:55','2021-01-26 07:45:55','Jean E. Tirante'),
(752,'Endorsed Project for Form 2: Construction and Installation of Dumarao SPIS','2021-01-26 07:49:18','2021-01-26 07:49:18','Jean E. Tirante'),
(753,'Edited Project: Renovation/Rehabilitation/Upgrading of Library Building','2021-01-26 07:50:46','2021-01-26 07:50:46','Engr. Jennie T. Fernando'),
(754,'Endorsed Project for Form 2: Construction and Installation of Duongan SPIS','2021-01-26 07:51:27','2021-01-26 07:51:27','Jean E. Tirante'),
(755,'Endorsed Project for Form 2: Construction and Installation of Ransang SPIS','2021-01-26 07:53:16','2021-01-26 07:53:16','Jean E. Tirante'),
(756,'Endorsed Project for Form 2: Supply and Delivery of 11 units 35-44hp Four Wheel Drive Tractor with Implements','2021-01-26 07:58:55','2021-01-26 07:58:55','Jean E. Tirante'),
(757,'Added Project: Provincial Nutrition Program','2021-01-26 08:01:17','2021-01-26 08:01:17','Sherry Rose M. Peralta'),
(758,'Added Project: Greater  Access To Medicine On Time (GAMOT) Project','2021-01-26 08:03:18','2021-01-26 08:03:18','Sherry Rose M. Peralta'),
(759,'Added Project: Social Health Insurance Program/PhilHealth Premium','2021-01-26 08:05:01','2021-01-26 08:05:01','Sherry Rose M. Peralta'),
(760,'Deleted Project in Form 1','2021-01-26 08:05:01','2021-01-26 08:05:01','Emelita G. Agpalo'),
(761,'Deleted Project in Form 1','2021-01-26 08:05:12','2021-01-26 08:05:12','Emelita G. Agpalo'),
(762,'Deleted Project in Form 1','2021-01-26 08:05:20','2021-01-26 08:05:20','Emelita G. Agpalo'),
(763,'Added Project: Construction of Dormitory','2021-01-26 08:21:53','2021-01-26 08:21:53','Engr. Jennie T. Fernando'),
(764,'Added Project: Public Welfare Program','2021-01-26 08:26:57','2021-01-26 08:26:57','Sherry Rose M. Peralta'),
(765,'Edited Project: Conduct/Provision of Training Programs under the TESDA Technology Institutions (TTIs)  - Torrijos Poblacion School of Arts and    Trades','2021-01-26 08:31:15','2021-01-26 08:31:15','TESDA MIMAROPA'),
(766,'Added Project: Program for Youth','2021-01-26 08:32:51','2021-01-26 08:32:51','Sherry Rose M. Peralta'),
(767,'Edited Project: Conduct/Provision of Training Programs under the TESDA Technology Institutions (TTIs)  - Torrijos Poblacion School of Arts and Trades','2021-01-26 08:33:19','2021-01-26 08:33:19','TESDA MIMAROPA'),
(768,'Edited Project: Conduct/Provision of Training Programs under the TESDA Technology Institutions (TTIs) -  Puerto Princesa School of Arts and Trades','2021-01-26 08:34:15','2021-01-26 08:34:15','TESDA MIMAROPA'),
(769,'Edited Project: Conduct/Provision of Training Programs under the TESDA Technology Institutions (TTIs) - Romblon National Institute of Technology','2021-01-26 08:35:09','2021-01-26 08:35:09','TESDA MIMAROPA'),
(770,'Edited Project: Conduct/Provision of Training Programs under the TESDA Technology Institutions (TTIs) - Rizal Occidental Mindoro TESDA Training and Accreditation Center','2021-01-26 08:36:07','2021-01-26 08:36:07','TESDA MIMAROPA'),
(771,'Added Project: Comprehensive Local Juvenile Intervention','2021-01-26 08:43:22','2021-01-26 08:43:22','Sherry Rose M. Peralta'),
(772,'Added Project: Rehabilitation/Upgrading/Expansion of Athletic Field','2021-01-26 08:45:29','2021-01-26 08:45:29','Engr. Jennie T. Fernando'),
(773,'Added Project: Fencing of Research Area including Demo-Farm and Field Laboratory Farm for Agriculture, Technology and Fishery','2021-01-26 08:50:48','2021-01-26 08:50:48','Engr. Jennie T. Fernando'),
(774,'Added Project: Extension of Perimeter Fence','2021-01-26 08:55:44','2021-01-26 08:55:44','Engr. Jennie T. Fernando'),
(775,'Added Project: Bahay PAG-ASA Youth Center','2021-01-26 08:58:44','2021-01-26 08:58:44','Sherry Rose M. Peralta');

/*Table structure for table `migrations` */

DROP TABLE IF EXISTS `migrations`;

CREATE TABLE `migrations` (
  `id` int(10) unsigned NOT NULL AUTO_INCREMENT,
  `migration` varchar(255) COLLATE utf8mb4_unicode_ci NOT NULL,
  `batch` int(11) NOT NULL,
  PRIMARY KEY (`id`) USING BTREE
) ENGINE=InnoDB AUTO_INCREMENT=11 DEFAULT CHARSET=utf8mb4 COLLATE=utf8mb4_unicode_ci ROW_FORMAT=DYNAMIC;

/*Data for the table `migrations` */

insert  into `migrations`(`id`,`migration`,`batch`) values 
(1,'2014_10_12_100000_create_password_resets_table',1),
(2,'2019_01_15_100000_create_roles_table',1),
(3,'2019_01_15_110000_create_users_table',1),
(4,'2019_01_17_121504_create_categories_table',1),
(5,'2019_01_21_130422_create_tags_table',1),
(6,'2019_01_21_163402_create_items_table',1),
(7,'2019_01_21_163414_create_item_tag_table',1),
(8,'2019_03_06_132557_add_photo_column_to_users_table',1),
(9,'2019_03_06_143255_add_fields_to_items_table',1),
(10,'2019_03_20_090438_add_color_tags_table',1);

/*Table structure for table `password_resets` */

DROP TABLE IF EXISTS `password_resets`;

CREATE TABLE `password_resets` (
  `email` varchar(255) COLLATE utf8mb4_unicode_ci NOT NULL,
  `token` varchar(255) COLLATE utf8mb4_unicode_ci NOT NULL,
  `created_at` timestamp NULL DEFAULT NULL,
  KEY `password_resets_email_index` (`email`) USING BTREE
) ENGINE=InnoDB DEFAULT CHARSET=utf8mb4 COLLATE=utf8mb4_unicode_ci ROW_FORMAT=DYNAMIC;

/*Data for the table `password_resets` */

insert  into `password_resets`(`email`,`token`,`created_at`) values 
('bnlayon@neda.gov.ph','$2y$10$WUp4C7xUrQOe9M/IldHV3OhDkvjrJHAoiHbvIfgFu74qN52jaO3Cy','2020-11-09 06:00:27');

/*Table structure for table `projects` */

DROP TABLE IF EXISTS `projects`;

CREATE TABLE `projects` (
  `id` int(11) NOT NULL AUTO_INCREMENT,
  `title` varchar(500) NOT NULL,
  `implementingagency` int(11) NOT NULL,
  `sector` int(11) NOT NULL,
  `fundingsource` int(11) NOT NULL,
  `mode` varchar(500) NOT NULL,
  `start` date NOT NULL,
  `end` date NOT NULL,
  `created_at` date NOT NULL,
  `updated_at` date NOT NULL,
  `category` int(11) NOT NULL,
  `status` varchar(15) NOT NULL,
  `cost` decimal(50,2) NOT NULL,
  `odatype` varchar(10) DEFAULT NULL,
  `others` varchar(200) DEFAULT NULL,
  `gaayear` varchar(10) DEFAULT NULL,
  `lfptype` varchar(50) DEFAULT NULL,
  `otherslfp` varchar(100) DEFAULT NULL,
  `rrp` varchar(100) DEFAULT NULL,
  `catothers` varchar(100) DEFAULT NULL,
  `contractor` varchar(250) DEFAULT NULL,
  `modeothers` varchar(250) DEFAULT NULL,
  `subsector` int(1) DEFAULT NULL,
  PRIMARY KEY (`id`) USING BTREE
) ENGINE=InnoDB AUTO_INCREMENT=413 DEFAULT CHARSET=utf8mb4 ROW_FORMAT=DYNAMIC;

/*Data for the table `projects` */

insert  into `projects`(`id`,`title`,`implementingagency`,`sector`,`fundingsource`,`mode`,`start`,`end`,`created_at`,`updated_at`,`category`,`status`,`cost`,`odatype`,`others`,`gaayear`,`lfptype`,`otherslfp`,`rrp`,`catothers`,`contractor`,`modeothers`,`subsector`) values 
(2,'NEDA Mimaropa Building Edited',276,2,2,'By admin','2021-01-01','2021-12-31','2021-01-18','2021-01-19',1,'Ongoing',12000000.00,'Grant',NULL,NULL,'Corporate',NULL,NULL,NULL,NULL,NULL,NULL),
(3,'MONGPONG RIS',27,2,2,'By contract','2020-01-01','2020-03-12','2021-01-18','2021-01-19',7,'Completed',7500000.00,'Grant',NULL,'2020-01-01','GAA',NULL,NULL,NULL,'KEJAMARENIK CONSTRUCTION & CONST. SUPPLIES',NULL,NULL),
(4,'Concreting of Access Road CGC Complex (COA Bldg to Motorpool)',52,2,2,'By contract','2020-11-03','2020-12-27','2021-01-18','2021-01-18',7,'Completed',1689910.00,NULL,NULL,NULL,'Others','General Fund',NULL,NULL,'876 Construction & Supply',NULL,NULL),
(5,'Rehabilitation of Multi-Purpose Building - RSU Main Campus',45,3,2,'By contract','2019-09-20','2020-06-20','2021-01-18','2021-01-18',7,'Completed',24995000.00,'Grant',NULL,'2019-01-01','GAA',NULL,NULL,NULL,'Orientech Construction and Development Corporation',NULL,NULL),
(6,'Construction of MSC Gymnasium',41,2,2,'By contract','2017-03-16','2020-08-24','2021-01-18','2021-01-18',7,'Completed',10000000.00,NULL,NULL,'2016-01-01','GAA',NULL,NULL,NULL,'EXAATTO BUILDERS INC.',NULL,NULL),
(7,'Inspection and Monitoring of PNP Offices/Units/Stations',29,5,2,'By admin','2020-02-03','2020-09-30','2021-01-18','2021-01-19',7,'Ongoing',540000.00,'Grant',NULL,NULL,'GAA',NULL,NULL,NULL,NULL,NULL,NULL),
(8,'Construction of Multi-Purpose Hall (Phase II) (Mamburao)',48,2,2,'By contract','2020-07-31','2021-09-18','2021-01-18','2021-01-25',7,'Completed',3500000.00,'Grant',NULL,NULL,'20% Development Fund',NULL,NULL,NULL,'Capitol Builders & Construction Supplies',NULL,NULL),
(9,'Enhancing the Post Harvest Facility through Infrared Grain Dryer Technology of Kooperatiba ng Pamayanang Kristiyano ng Mapaya (KPKM)',16,1,1,'By contract','2020-08-25','2023-08-25','2021-01-18','2021-01-18',6,'Ongoing',1658730.40,'Grant',NULL,NULL,NULL,NULL,NULL,NULL,'Kooperatiba ng Pamayanang Kristiyano ng Mapaya (KPKM)',NULL,NULL),
(12,'Establishment of Small Water Impounding System Oriental Mindoro 54 cu. m.',11,2,4,'By contract','2020-01-01','2020-12-31','2021-01-18','2021-01-18',7,'Ongoing',3206000.00,NULL,'GAA',NULL,NULL,NULL,NULL,NULL,NULL,NULL,NULL),
(13,'Establishment of Small Water Impounding System Oriental Mindoro 50 cu. m.',11,1,4,'By contract','2020-01-01','2020-12-31','2021-01-18','2021-01-18',7,'Ongoing',3000000.00,NULL,'GAA',NULL,NULL,NULL,NULL,NULL,NULL,NULL,NULL),
(14,'Establishment of Small Water Impounding System Oriental Mindoro 50 cu. m. Bulalacao',11,1,4,'By contract','2020-01-01','2020-12-31','2021-01-18','2021-01-18',7,'Completed',3662500.00,NULL,'GAA',NULL,NULL,NULL,NULL,NULL,NULL,NULL,NULL),
(15,'Construction/Installation of Solar Street Lights for the Provincial Government of Occidental Mindoro',48,2,4,'By contract','2020-07-31','2021-03-17','2021-01-18','2021-01-18',7,'Completed',24975000.00,'Grant','LGSF',NULL,'Others','LGSF',NULL,NULL,'Equator Energy Corporation',NULL,NULL),
(19,'Balik Sigla sa Agrikultura , Cattle Dispersal Program',48,1,2,'By admin','2020-12-01','2021-02-28','2021-01-18','2021-01-18',3,'Ongoing',6968680.00,'Grant',NULL,NULL,'20% Development Fund',NULL,NULL,NULL,NULL,NULL,NULL),
(20,'Concreting of Road with slope protection (phase II)',52,2,2,'By contract','2020-11-03','2021-01-01','2021-01-18','2021-01-18',7,'Ongoing',3899774.88,NULL,NULL,NULL,'20% Development Fund',NULL,NULL,NULL,'B5 BUilders and supplies',NULL,NULL),
(21,'Construction of College of Business Management Academic Building',46,2,2,'By contract','2019-10-17','2020-04-14','2021-01-18','2021-01-19',7,'Completed',10.00,'Grant',NULL,'2019-04-29','GAA',NULL,NULL,NULL,'Kayano Trading and Construction',NULL,NULL),
(22,'Concreting of  Bgy. Road Galoc',50,2,4,'Others','2018-01-10','2018-03-26','2021-01-18','2021-01-26',7,'Ongoing',0.00,'Loan','20% Development Fund (2015)',NULL,NULL,NULL,NULL,NULL,NULL,'Bidding',NULL),
(23,'Malico CIS (Extension)',27,2,2,'By contract','2020-05-06','2020-10-03','2021-01-18','2021-01-18',7,'Completed',5028000.00,NULL,NULL,'2020-01-01','GAA',NULL,NULL,NULL,'Yurich Builders & Construction Supply',NULL,NULL),
(24,'Balik Sigla sa Agrikultura - Broiler Dispersal Program',48,1,2,'By admin','2020-12-01','2021-02-28','2021-01-18','2021-01-18',3,'Ongoing',3940700.00,'Grant',NULL,NULL,'20% Development Fund',NULL,NULL,NULL,NULL,NULL,NULL),
(25,'Rehabilitation of Multi-Purpose Building - San Fernando Campus',45,3,2,'By contract','2019-12-27','2019-06-07','2021-01-18','2021-01-18',7,'Ongoing',13702000.00,'Grant',NULL,'2019-01-01','GAA',NULL,NULL,NULL,'JoJean Construction and Development Corporation',NULL,NULL),
(26,'Construction of President\'s Housing',41,2,2,'By admin','2018-06-06','2019-02-08','2021-01-18','2021-01-18',7,'Ongoing',6000000.00,'Grant',NULL,'2018-01-01','GAA',NULL,NULL,NULL,NULL,NULL,NULL),
(27,'Free Wi-Fi for All | Free Public Internet Access Program - Managed Internet Service in Marinduque',13,2,2,'By contract','2020-02-26','2020-07-31','2021-01-18','2021-01-18',8,'Ongoing',4300000.00,'Grant',NULL,NULL,'Fund 164',NULL,NULL,'Public Places','BC Net, Inc.',NULL,NULL),
(28,'Balik Sigla sa Agrikultura - Layer Chicken Module',48,1,2,'By admin','2020-12-01','2021-02-28','2021-01-18','2021-01-18',3,'Ongoing',6718600.00,'Grant',NULL,NULL,'20% Development Fund',NULL,NULL,NULL,NULL,NULL,NULL),
(29,'Special Maintenance Along Mamburao-Paluan Provincial Road (A)',48,2,2,'By contract','2020-09-28','2020-10-27','2021-01-18','2021-01-18',7,'Completed',2000000.00,NULL,NULL,NULL,'Others','PEO-MOOE',NULL,NULL,'Asianstar Construction and Supply Corporation',NULL,NULL),
(30,'Improvement and expansion of existing water supply system of Sablayan WD',22,2,4,'By admin','2020-10-12','2022-10-02','2021-01-18','2021-01-22',7,'Ongoing',25.00,'Grant','GAA-2017',NULL,NULL,NULL,NULL,NULL,NULL,NULL,NULL),
(31,'Construction of Centro Diversion Dam',8,2,4,'By contract','2020-04-22','2020-10-19','2021-01-18','2021-01-25',8,'Completed',4472168.32,'Grant','GAA- Rice Program(Reguar)',NULL,NULL,NULL,NULL,NULL,'MP Cabrera Construction',NULL,NULL),
(32,'Construction of Sabang Diversion Dam',8,2,4,'By contract','2020-04-22','2020-10-19','2021-01-18','2021-01-25',7,'Completed',5368869.26,'Grant','GAA- Rice Program(Regular)',NULL,NULL,NULL,NULL,NULL,'MP Cabrera Construction',NULL,NULL),
(33,'Rehabilitation of CENRO San Jose Office Building',11,2,4,'By contract','2020-01-01','2020-12-31','2021-01-18','2021-01-18',7,'Ongoing',500000.00,NULL,'GAA',NULL,NULL,NULL,NULL,NULL,NULL,NULL,NULL),
(34,'Construction of Dapi Elementary School Multi-Purpose Hall',48,2,2,'By contract','2020-12-11','2021-05-04','2021-01-18','2021-01-18',7,'Ongoing',3500000.00,NULL,NULL,NULL,'Others','SEF',NULL,NULL,'Johnsev Enterprises',NULL,NULL),
(35,'Construction of School Dormitory for the College of Agriculture, Fishery and Forestry',45,2,2,'By contract','2020-02-12','2021-07-26','2021-01-18','2021-01-18',7,'Ongoing',17582500.00,'Grant',NULL,'2020-01-01','GAA',NULL,NULL,NULL,NULL,NULL,NULL),
(36,'Rehabilitation of Malakibay Diversion Dam',8,2,4,'By contract','2020-05-01','2020-10-28','2021-01-18','2021-01-25',3,'Completed',4897262.41,'Grant','GAA- Rice Program(Regular)',NULL,NULL,NULL,NULL,NULL,'JB and  Son Construction',NULL,NULL),
(37,'Completion of Sta. Cruz RHU, Occidental Mindoro',12,2,2,'By contract','2020-06-17','2020-10-14','2021-01-18','2021-01-19',8,'Completed',2821441.80,'Grant',NULL,'2019-01-01','GAA',NULL,NULL,'Completion of Facility','AMM Construction',NULL,NULL),
(38,'Rehabilitation of the College of Arts and Sciences Building',45,3,2,'By contract','2020-12-29','2021-07-26','2021-01-18','2021-01-18',7,'Ongoing',12812500.00,NULL,NULL,'2020-01-01','GAA',NULL,NULL,NULL,NULL,NULL,NULL),
(39,'Construction of Crisis Center for Women and Children (Phase-I)',48,2,2,'By contract','2020-12-11','2021-05-14','2021-01-18','2021-01-18',7,'Ongoing',3500000.00,NULL,NULL,NULL,'Others','GAD-1011',NULL,NULL,'P-Square Contracting & Services',NULL,NULL),
(40,'Rehabilitation of Rosacara Diversion Dam',8,2,4,'By contract','2020-04-22','2020-07-21','2021-01-18','2021-01-25',7,'Completed',1342134.67,'Grant','GAA- Rice Program(Reguar)',NULL,NULL,NULL,NULL,NULL,'MP Cabrera Construction',NULL,NULL),
(41,'Distribution of mungbean seeds for crop diversification',48,1,2,'By admin','2020-10-01','2020-12-31','2021-01-18','2021-01-18',3,'Completed',50000.00,NULL,NULL,NULL,'Others','OPA General Fund','Quinta',NULL,NULL,NULL,NULL),
(42,'Construction/Rehabilitation and Expansion of Rizal Rural Health Unit',12,2,2,'By contract','2020-06-17','2021-02-11','2021-01-18','2021-01-19',8,'Ongoing',10628928.00,'Grant',NULL,'2018-01-01','GAA',NULL,NULL,'Construction/Rehab/Expansion','AMM Construction',NULL,NULL),
(43,'Extension of Paetan Irrigation Canal',8,2,4,'By contract','2020-04-22','2020-11-13','2021-01-18','2021-01-25',7,'Completed',5479892.75,'Grant','GAA- Rice Program(Regular)',NULL,NULL,NULL,NULL,NULL,'MP Cabrera Construction',NULL,NULL),
(44,'Construction of Learning Resource Center and Museum',41,2,2,'By contract','2018-11-20','2020-06-05','2021-01-18','2021-01-18',7,'Completed',26123000.00,'Grant',NULL,'2018-01-01','GAA',NULL,NULL,NULL,'Performance Builders and Development Corporation',NULL,NULL),
(45,'Construction of Concrete Bridge (Paluan)',48,2,2,'By contract','2019-12-19','2020-07-08','2021-01-18','2021-01-19',7,'Completed',25000000.00,'Grant',NULL,NULL,'20% Development Fund',NULL,NULL,NULL,'Asianstar Construction and Supply Corporation',NULL,NULL),
(46,'Concreting of San Vicente Irrigation Canal',8,2,4,'By contract','2020-04-22','2020-11-13','2021-01-18','2021-01-25',7,'Completed',7119895.52,'Grant','GAA- Rice Program(Regular)',NULL,NULL,NULL,NULL,NULL,'MP Cabrera Construction',NULL,NULL),
(47,'Construction of Multi-Purpose Hall (Paluan)',48,2,2,'By contract','2020-02-21','2020-09-08','2021-01-18','2021-01-25',7,'Ongoing',3000000.00,'Grant',NULL,NULL,'20% Development Fund',NULL,NULL,NULL,'Capitol Builders & Construction Supplies',NULL,NULL),
(48,'Construction od Masaquisi Irrigation Canal',8,2,4,'By contract','2020-04-22','2020-07-21','2021-01-18','2021-01-25',7,'Completed',2884213.43,'Grant','GAA- Rice Program(Regular)',NULL,NULL,NULL,NULL,NULL,'MP Cabrera Construction',NULL,NULL),
(49,'Enhancing the S&T Ecosystem in Public Senior High School Through Versatile Instrumentation System for Science Education and Research (VISSER) Technology',16,3,1,'By contract','2020-02-18','2023-02-18','2021-01-18','2021-01-19',6,'Ongoing',1195730.40,'Grant',NULL,NULL,NULL,NULL,NULL,NULL,'Department of Education Occidental Mindoro Division Office',NULL,NULL),
(50,'NEDA sample - Jojo',276,3,2,'By contract','2020-07-06','2021-02-04','2021-01-18','2021-01-18',7,'Ongoing',6519654.00,'Grant',NULL,NULL,NULL,NULL,NULL,NULL,'Jojo Enterprises',NULL,NULL),
(51,'UPGRADING/IMPROVEMENT/REHABILITATION OF ROMBLON-CAJIMOS-SABANG ROAD',51,2,1,'By contract','2018-03-05','2020-09-23','2021-01-18','2021-01-18',6,'Completed',70556120.00,'Grant',NULL,NULL,NULL,NULL,NULL,NULL,'CS RAYOS CONSTRUCTION',NULL,NULL),
(52,'REHAB OF MINOLO (PUERTO-GALERA)-MAMBURAO 69KV TL PROJECT',30,2,2,'By contract','2019-08-23','2020-12-31','2021-01-18','2021-01-18',7,'Ongoing',318254504.95,NULL,'SA',NULL,'GAA',NULL,NULL,NULL,'HANSEI CORPORATION',NULL,NULL),
(53,'Construction of Multi-Purpose Hall (Sta. Cruz)',48,2,2,'By contract','2020-02-21','2020-06-07','2021-01-18','2021-01-25',7,'Completed',3200000.00,'Grant',NULL,NULL,'20% Development Fund',NULL,NULL,NULL,'Juan Antonio Construction',NULL,NULL),
(54,'Tulong Panghanapbuhay sa Ating Disadvantaged/Displaced Workers (TUPAD)',14,1,4,'Others','2020-01-01','2020-12-31','2021-01-18','2021-01-26',7,'Completed',17898000.00,'Grant','GAA',NULL,NULL,NULL,NULL,'Special Fund',NULL,'Accredited Co-partner and Direct Administration',NULL),
(55,'Repair of Roofing of Multi-Purpose Hall and Construction of Stage',48,2,2,'By contract','2020-02-21','2020-05-21','2021-01-18','2021-01-18',7,'Ongoing',2500000.00,NULL,NULL,NULL,'20% Development Fund',NULL,NULL,NULL,'Juan Antonio Construction',NULL,NULL),
(56,'Constructioin of Labonan Diversion Dam',8,2,4,'By contract','2020-04-22','2021-01-07','2021-01-18','2021-01-25',7,'Ongoing',3579197.70,'Grant','GAA- Rice Program(Regular)',NULL,NULL,NULL,NULL,NULL,'MP Cabrera Construction',NULL,NULL),
(57,'Construction of Alimanguhan Concrete Canal Lining',8,2,4,'By contract','2020-05-04','2020-11-13','2021-01-18','2021-01-25',7,'Completed',4985058.48,'Grant','GAA- Rice Program(Regular)',NULL,NULL,NULL,NULL,NULL,'West Blue Builders',NULL,NULL),
(58,'Improving the Spider Lily-Based Handicraft Production of Marabong Community Resources Management Association',16,1,1,'By contract','2020-02-18','2023-02-18','2021-01-18','2021-01-18',6,'Ongoing',1102281.60,'Grant',NULL,NULL,NULL,NULL,NULL,NULL,'LGU-Sablayan',NULL,NULL),
(59,'Extension of Valderama Irrigation Canal',8,2,4,'By contract','2020-05-28','2020-11-21','2021-01-18','2021-01-25',7,'Completed',4992669.50,'Grant','GAA- Rice Program(Regular)',NULL,NULL,NULL,NULL,NULL,'Jas Trading an Construction',NULL,NULL),
(60,'Rice-Based Product Innovation and Enterprise Development Center',16,1,1,'By contract','2020-08-27','2023-08-27','2021-01-18','2021-01-18',6,'Ongoing',2040000.00,'Grant',NULL,NULL,NULL,NULL,NULL,NULL,'Provincial Government of Oriental Mindoro',NULL,NULL),
(61,'Construction and Installation of Dumarao SPIS',8,2,4,'By contract','2020-04-08','2021-03-02','2021-01-18','2021-01-25',7,'Ongoing',6992869.88,'Grant','GAA- Rice Program(Regular)',NULL,NULL,NULL,NULL,NULL,'JB and  Son Construction',NULL,NULL),
(62,'Construction and Installation of Duongan SPIS',8,2,4,'By contract','2020-10-04','2021-02-21','2021-01-18','2021-01-25',7,'Ongoing',6997750.81,'Grant','GAA- Rice Program(Regular)',NULL,NULL,NULL,NULL,NULL,'HG Agri Industrial Macheneries',NULL,NULL),
(63,'Upgrading/Improvement of JCT Ibud-Victoria Provincial Road (Phase II)',48,2,4,'By contract','2020-09-21','2021-01-10','2021-01-18','2021-01-19',8,'Ongoing',24753700.00,'Grant','CMGP-2020',NULL,NULL,NULL,NULL,'CMGP','Capitol Builders & Construction Supplies',NULL,NULL),
(64,'Establishment of Tilapia Intensive Aquaculture Facility in Mangangan I, Baco (CEST Project)',16,1,1,'By contract','2020-01-07','2021-01-07','2021-01-18','2021-01-21',6,'Ongoing',1200000.00,'Grant',NULL,NULL,NULL,NULL,NULL,NULL,'Baco Association of Backyard Hograiser',NULL,NULL),
(65,'Supply and Erection/Installation of Roxas-Taytay 69kV T/L Project, Schedule 1',30,2,2,'By contract','2019-10-09','2020-10-02','2021-01-18','2021-01-18',7,'Ongoing',330071689.70,NULL,NULL,'2019-06-15','GAA',NULL,NULL,NULL,'S. L. Development Construction Corporation',NULL,NULL),
(66,'Construction and Installation of Ransang SPIS',8,2,4,'By contract','2020-06-04','2021-01-30','2021-01-18','2021-01-25',7,'Ongoing',6989978.81,'Grant','GAA- Rice Program(Regular)',NULL,NULL,NULL,NULL,NULL,'JB and  Son Construction',NULL,NULL),
(68,'Upgrading/Improvement of Ligaya Provincial Road (Completion)',48,2,4,'By contract','2020-11-04','2021-02-13','2021-01-18','2021-01-19',8,'Ongoing',18620500.00,'Grant','CMGP-2020',NULL,NULL,NULL,NULL,'CMGP','STX Enterprises',NULL,NULL),
(69,'Distribution of onion seeds',48,1,2,'By admin','2020-12-01','2020-12-31','2021-01-18','2021-01-19',3,'Completed',500000.00,'Grant',NULL,NULL,'Others','OPA General Fund','Quinta',NULL,NULL,NULL,NULL),
(70,'20E00002 - CONSTRUCTION OF BY-PASS AND DIVERSION ROADS, BOAC-MOGPOG BYPASS ROAD MARINDUQUE',15,2,2,'By contract','2020-02-24','2020-12-19','2021-01-18','2021-01-19',7,'Ongoing',102735393.71,'Grant','GAA','2020-10-01','GAA',NULL,NULL,NULL,'PERSAN CONSTRUCTION, INC.',NULL,NULL),
(71,'Productivity Improvement  of Cacao Processing Enterprise',16,1,1,'By contract','2020-02-19','2021-04-01','2021-01-18','2021-01-18',6,'Ongoing',1062495.00,'Grant',NULL,NULL,NULL,NULL,NULL,NULL,'Samahan ng Magtatanim ng Kakaw/Kape ng Isla ng Mindoro (SAMAKAKIM)',NULL,NULL),
(72,'Free Wi-Fi for All | Free Public Internet Access Program - Managed Internet Service in Romblon',13,2,2,'By contract','2020-02-26','2020-07-31','2021-01-18','2021-01-18',8,'Ongoing',7400000.00,NULL,NULL,NULL,'Fund 164',NULL,NULL,'Public Places','BC Net, Inc.',NULL,NULL),
(73,'Supply and Delivery of 11 units 35-44hp Four Wheel Drive Tractor with Implements',8,5,4,'Others','2020-07-07','2020-08-08','2021-01-18','2021-01-25',7,'Completed',3285000.00,'Grant','GAA- Rice Program(Regular)',NULL,NULL,NULL,NULL,NULL,NULL,'NCB Fort Tractor Philippines',NULL),
(75,'Repair/Improvement of Roadside Structure Along JCT Ibud-Tagumpay Provincial Road',48,2,4,'By contract','2020-11-04','2021-02-13','2021-01-18','2021-01-18',7,'Ongoing',2500000.00,NULL,'CMGP-2020',NULL,NULL,NULL,NULL,NULL,'Bernardo Builders',NULL,NULL),
(76,'Supply and Delivery of 12 units Hand Tractor (Riding Type)',8,5,4,'Others','2020-05-27','2020-06-30','2021-01-18','2021-01-25',7,'Completed',1798800.00,'Grant','GAA- Rice Program(Regular)',NULL,NULL,NULL,NULL,NULL,NULL,'NCB Fort Tractor Philippines and 3RMetal Craft',NULL),
(77,'Upgrading/Concreting of Red Hills Barangay Road',48,2,4,'By contract','2020-09-15','2020-12-26','2021-01-18','2021-01-18',7,'Ongoing',14000000.00,NULL,'CMGP-2020',NULL,NULL,NULL,NULL,NULL,'M. C. Martinez Construction',NULL,NULL),
(78,'Supply and Erection/Installation of Roxas-Taytay 69kV T/L Project, Schedule 2',30,2,2,'By contract','2019-08-15','2020-08-08','2021-01-18','2021-01-18',7,'Ongoing',321789033.50,NULL,NULL,'2019-06-15','GAA',NULL,NULL,NULL,'D. M. Consunji, Inc.',NULL,NULL),
(79,'Upgrading/Improvement of JNR Malpalon Provincial Road (Phase-II)',48,2,4,'By contract','2020-09-21','2021-01-12','2021-01-18','2021-01-19',8,'Ongoing',24961300.00,'Grant','CMGP-2020',NULL,NULL,NULL,NULL,'CMGP','F. A. Torres Construction',NULL,NULL),
(80,'Distribution of tilapia fingerlings',48,1,4,'By admin','2020-11-01','2020-12-31','2021-01-18','2021-01-18',3,'Completed',349999.00,'Grant','OPA General Fund',NULL,NULL,NULL,NULL,NULL,NULL,NULL,NULL),
(81,'Construction of Concrete Bridge (Rizal)',48,2,2,'By contract','2019-12-19','2020-05-28','2021-01-18','2021-01-19',7,'Ongoing',20000000.00,'Grant',NULL,NULL,'20% Development Fund',NULL,NULL,NULL,'F. A. Torres Construction',NULL,NULL),
(82,'Upgrading/Improvement of JNR Sto. Niño-Pitogo-Aguas-Limlim Provincial Road (Phase-III)',48,2,4,'By contract','2020-09-21','2021-01-12','2021-01-18','2021-01-19',8,'Ongoing',16710200.00,'Grant','CMGP-2020',NULL,NULL,NULL,NULL,'CMGP','Bernardo Builders',NULL,NULL),
(83,'Distribution of 12,000 certified palay seeds from DA-RFO I for rehab for typhoon Quinta',48,1,4,'By admin','2020-12-01','2021-05-31','2021-01-18','2021-01-18',3,'Ongoing',18240000.00,'Grant','DA-RFO',NULL,NULL,NULL,'Quinta',NULL,NULL,NULL,NULL),
(84,'Distribution of 12,000 certified palay seeds from DA-RFO I for rehab for typhoon Quinta',48,1,4,'By admin','2020-12-01','2021-05-31','2021-01-18','2021-01-18',3,'Ongoing',18240000.00,'Grant','DA-RFO',NULL,NULL,NULL,'Quinta',NULL,NULL,NULL,NULL),
(85,'Repair/Improvement of San Jose District Hospital Building',48,2,4,'By contract','2019-04-02','2020-12-11','2021-01-18','2021-01-18',7,'Ongoing',20000000.00,NULL,'Tobacco Excise Tax',NULL,NULL,NULL,NULL,NULL,'EJD Swertres Tinsmith & Builders',NULL,NULL),
(88,'Rehab and Transfer of Existing 10MVA Power Transformer at BOAC Substation Including Supply, Delivery, Construction/Installation, Test and Commissioning of NEw 10MVA Mogpog Substation',30,2,2,'By contract','2019-10-30','2020-08-24','2021-01-18','2021-01-18',7,'Ongoing',188468282.53,NULL,NULL,'2019-06-15','GAA',NULL,NULL,NULL,'Power Dimension, Inc.',NULL,NULL),
(89,'Construction of Multi-Purpose Hall (Phase II)',48,2,4,'By contract','2020-09-21','2021-01-12','2021-01-18','2021-01-18',7,'Completed',1120000.00,NULL,'CMGP-2020',NULL,NULL,NULL,NULL,NULL,'AMM Const. & Const. Supplies',NULL,NULL),
(90,'Upgrading/Concreting of Barangay Poblacion Farm to Market Road (So. Olima - So. Genaro)',48,2,4,'By contract','2020-05-22','2021-06-05','2021-01-18','2021-01-19',8,'Ongoing',97988000.00,'Grant','PRDP',NULL,NULL,NULL,NULL,'PRDP','F. A. Torres Construction',NULL,NULL),
(91,'Distribution of assorted fruit tree seedlings for rehabilitation of typhoon Quinta',48,1,4,'By admin','2020-11-01','2021-06-30','2021-01-18','2021-01-18',3,'Ongoing',752600.00,NULL,'DA RFO MIMAROPA',NULL,NULL,NULL,'Quinta',NULL,NULL,NULL,NULL),
(92,'Distribution of 15,000 bags hybrid seeds from DA RFO 1 for rehabilitation of TY Quinta',48,1,4,'By admin','2020-12-01','2021-05-31','2021-01-18','2021-01-18',3,'Ongoing',67500000.00,NULL,'DA RFO MIMAROPA',NULL,NULL,NULL,'Quinta',NULL,NULL,NULL,NULL),
(93,'Free Wi-Fi for All | Free Public Internet Access Program - Managed Internet Service in Palawan',13,2,2,'By contract','2020-02-26','2020-07-31','2021-01-18','2021-01-18',8,'Ongoing',19710000.00,'Grant',NULL,NULL,'Fund 164',NULL,NULL,'Public Places','BC Net, Inc.',NULL,NULL),
(94,'Establishment of Mushroom Spawn Production Facility in Baco (CEST)',16,1,1,'By contract','2020-04-29','2021-07-01','2021-01-18','2021-01-18',6,'Ongoing',890000.00,'Grant',NULL,NULL,NULL,NULL,NULL,NULL,'LGU-Baco',NULL,NULL),
(95,'20E00003 - CONST. OF MISSING LINKS/NEW ROADS, MINDORO ISLAND CIRCUM. ROAD (PTO. GALERA-ABRA DE ILOG), KO454+893-KO455+601.72; KO455+753.52-KO456+419.11), OCCIDENTAL MINDORO',15,2,2,'By contract','2020-02-24','2021-02-12','2021-01-19','2021-01-19',7,'Ongoing',113482042.76,'Grant','GAA','2020-10-01','GAA',NULL,NULL,NULL,'MARCBILT CONSTRUCTION, INC.',NULL,NULL),
(96,'Supply and Delivery of 12units Rice Thresher',8,5,4,'Others','2020-06-06','2020-07-03','2021-01-19','2021-01-25',7,'Completed',1794000.00,'Grant','GAA- Rice Program(Regular)',NULL,NULL,NULL,NULL,NULL,NULL,'NCB Fort Tractor Philippines and All Certified Equipment Trading Corporation',NULL),
(97,'Distribution of tilapia fingerlings',48,1,4,'By admin','2020-11-01','2020-11-30','2021-01-19','2021-01-19',3,'Completed',258000.00,NULL,'BFAR',NULL,NULL,NULL,'Quinta',NULL,NULL,NULL,NULL),
(98,'Distribution of tilapia fingerlings',48,1,4,'By admin','2020-11-01','2020-11-30','2021-01-19','2021-01-19',3,'Completed',258000.00,NULL,'BFAR',NULL,NULL,NULL,'Quinta',NULL,NULL,NULL,NULL),
(99,'20E00004 - CONSTRUCTION OF MISSING LINK / NEW ROADS VICTORIA - SABLAYAN (MINDORO CROSS ISLAND ROAD) PHASE VI STA.5+441 - STA.6+220, SABLAYAN, OCCIDENTAL MINDORO',15,2,2,'By contract','2020-02-24','2021-02-14','2021-01-19','2021-01-19',7,'Ongoing',118150831.76,'Grant','GAA','2020-10-01','GAA',NULL,NULL,NULL,'STX ENTERPRISES',NULL,NULL),
(100,'Lumintao RIS (Repair of NIS)',27,2,2,'By contract','2020-01-01','2020-12-31','2021-01-19','2021-01-19',7,'Completed',2000000.00,NULL,NULL,'2020-01-01','GAA',NULL,NULL,NULL,'F.A. TORRES CONSTRUCTION',NULL,NULL),
(101,'Completion of a 2 Storey School of Information and Computing Sciences Building',41,2,2,'By contract','2018-01-03','2020-06-04','2021-01-19','2021-01-19',7,'Completed',10000000.00,'Grant',NULL,'2017-01-01','GAA',NULL,NULL,NULL,'TRI-LINK BUILDERS & MARKETING, INC.',NULL,NULL),
(102,'20E00005 - ROAD WIDENING OF CALAPAN SOUTH, KO032+124-KO033+053; KO043+592-KO043+846; KO043+880-KO043+1000; KO044+456-KO044+1156; KO045+462-KO047+986; KO061+121-KO061+860, ORIENTAL MINDORO',15,2,2,'By contract','2020-06-11','2021-03-25','2021-01-19','2021-01-19',7,'Ongoing',104005130.15,'Grant','GAA','2020-10-01','GAA',NULL,NULL,NULL,'STX ENTERPRISES',NULL,NULL),
(103,'Monteclaro CIS (Repair of CIS)',27,2,2,'By contract','2020-01-01','2020-12-31','2021-01-19','2021-01-19',7,'Completed',2406000.00,NULL,NULL,'2020-01-01','GAA',NULL,NULL,NULL,'N. SALES CONSTRUCTION',NULL,NULL),
(104,'Anahawin CIS (Repair of CIS)',27,2,2,'By contract','2020-01-01','2020-12-31','2021-01-19','2021-01-19',7,'Ongoing',10000000.00,NULL,NULL,'2020-12-31','GAA',NULL,NULL,NULL,'F.A. TORRES CONSTRUCTION',NULL,NULL),
(105,'Construction of New BHS with Birthing Facility',12,2,2,'By contract','2020-03-05','2020-10-30','2021-01-19','2021-01-25',8,'Ongoing',2470416.40,'Grant',NULL,'2018','GAA',NULL,NULL,'New Construction','FEAJ Construction and General Services',NULL,18),
(106,'Construction of SBM Matalaba Building',41,2,2,'By contract','2017-08-20','2020-09-30','2021-01-19','2021-01-19',7,'Completed',10000000.00,NULL,NULL,'2016-01-01','GAA',NULL,NULL,NULL,'EXAATTO BUILDERS INC.',NULL,NULL),
(107,'Amnay RIS (Restoration of NIS)',27,2,2,'By contract','2020-12-05','2020-08-28','2021-01-19','2021-01-19',7,'Completed',1375000.00,NULL,NULL,'2020-12-31','GAA',NULL,NULL,NULL,'KEJAMARENIK CONSTRUCTION & CONST. SUPPLIES',NULL,NULL),
(108,'Construction of ICTSC Building Phase II',41,2,2,'By admin','2017-02-16','2017-12-31','2021-01-19','2021-01-19',7,'Ongoing',1500000.00,NULL,NULL,'2016-01-01','GAA',NULL,NULL,NULL,NULL,NULL,NULL),
(109,'Completion of MSC Multi-Purpose Gymnasium',41,2,2,'By contract','2018-11-26','2020-05-20','2021-01-19','2021-01-19',7,'Completed',40000000.00,NULL,NULL,'2017-01-01','GAA',NULL,NULL,NULL,'PERFORMANCE BUILDERS AND DEVELOPMENT CORPORATION',NULL,NULL),
(110,'Construction of School of Liberal Arts Building',41,2,2,'By admin','2019-04-10','2020-02-20','2021-01-19','2021-01-19',7,'Completed',10000000.00,NULL,NULL,NULL,'Fund 164',NULL,NULL,NULL,NULL,NULL,NULL),
(111,'Construction of  2-Storey ICTSC Building',41,2,2,'By contract','2020-02-10','2020-09-05','2021-01-19','2021-01-19',7,'Completed',7669764.21,NULL,NULL,NULL,'Fund 164',NULL,NULL,NULL,'P.R.N CONSTRUCTION',NULL,NULL),
(112,'Construction of Two-Storey Technology and Livelihood Education Building, Main Campus',41,2,2,'By contract','2020-02-20','2020-12-31','2021-01-19','2021-01-19',7,'Ongoing',13444545.73,NULL,NULL,'2020-01-01','GAA',NULL,NULL,NULL,'PERFORMANCE BUILDERS AND DEVELOPMENT CORPORATION',NULL,NULL),
(113,'Emergency Case for the Supply nd Delivery of 4,352 bag NSIC, 1,149 Bags and 1,069 bags NSIC Hybrid Palay Seeds',8,1,4,'Others','2020-05-26','2020-10-01','2021-01-19','2021-01-25',8,'Completed',32850000.00,'Grant','GAA- Rice Program(Regular)',NULL,NULL,NULL,'COVID 19','Agricultural Production Support',NULL,'Seedworks Philippines Inc.',NULL),
(114,'Repair of Two-Storey 12-Classroom Building (Diego Silang Building)',43,2,2,'By contract','2020-07-09','2021-01-29','2021-01-19','2021-01-19',3,'Completed',3538193.40,'Grant','GAA',NULL,'Fund 164',NULL,'Ursula',NULL,'AMM Construction and Construction Supplies',NULL,NULL),
(115,'Completion of SBM Building',41,2,2,'By contract','2020-06-01','2021-04-25','2021-01-19','2021-01-19',7,'Ongoing',15998281.02,NULL,NULL,'2019-01-01','GAA',NULL,NULL,NULL,'R.R. ENCABO CONTRUCTORS, INC.',NULL,NULL),
(116,'Emergency Case for the Supply nd Delivery of 7,037 bags, 800 Bags and 2,260 bags SL-12 Hybrid Palay Seeds',8,1,4,'Others','2020-05-26','2020-06-26','2021-01-19','2021-01-25',8,'Completed',50485000.00,'Grant','GAA- Rice Program(Regular)',NULL,NULL,NULL,'COVID 19','Agricultural Production Support',NULL,'SL Agritech Corporation',NULL),
(117,'Construction of SHS Laboratory School Building',41,2,2,'By contract','2020-12-01','2021-12-31','2021-01-19','2021-01-19',7,'Ongoing',12000000.00,NULL,NULL,NULL,'Fund 164',NULL,NULL,NULL,'STO. CRISTO CONSTRUCTION AND TRAIDING INC.',NULL,NULL),
(118,'Emergency Case for the Supply nd Delivery of 2,210 bag, 4,353 Bags and 1,432 bags NSIC Hybrid Palay Seeds',8,1,4,'Others','2020-05-26','2020-06-26','2021-01-19','2021-01-25',8,'Completed',39975000.00,'Grant','GAA- Rice Program(Regular)',NULL,NULL,NULL,'COVID 19','Agricultural Production Support',NULL,'St. Joseph AgriMarketing Corporation',NULL),
(119,'Distribution of OPV VAR 6 Corn Seeds',48,1,4,'By admin','2020-12-01','2020-12-31','2021-01-19','2021-01-19',3,'Ongoing',360000.00,NULL,'BPI',NULL,NULL,NULL,'Quinta',NULL,NULL,NULL,NULL),
(120,'Emergency Case for the Supply nd Delivery of 3,815 bags, 2,060 Bags and 6,535 bags NSIC Hybrid Palay Seeds',8,1,4,'Others','2020-05-28','2020-06-26','2021-01-19','2021-01-25',8,'Completed',62050000.00,'Grant','GAA- Rice Program(Regular)',NULL,NULL,NULL,'COVID 19','Agricultural Production Support',NULL,'Long Ping Tropical Rice Development, Inc.',NULL),
(121,'Emergency Case for the Supply nd Delivery of 2,000 bags, 3,440 Bags and 350 bags NSIC Hybrid Palay Seeds',8,1,4,'Others','2020-05-26','2020-06-26','2021-01-19','2021-01-25',8,'Completed',28938420.00,'Grant','GAA- Rice Program(Regular)',NULL,NULL,NULL,'COVID 19','Agricultural Production Support',NULL,'JEDECO Trading Corporation',NULL),
(122,'1,183 bags NSIC RC 350H, 465 Bags and 350 bags NSIC RC 236 H and 545 bags NSIC RC 260 Hybrid Palay Seeds',8,1,4,'By contract','2020-02-01','2020-10-01','2021-01-19','2021-01-25',8,'Completed',10965000.00,'Grant','GAA- Rice Program(Regular)',NULL,NULL,NULL,'COVID 19','Agricultural Production Support','Seedworks Philippines, Inc.',NULL,NULL),
(123,'20E00006 - CONSTRUCTION OF MISSING LINKS/NEW ROADS, VICTORIASABLAYAN (MINDORO CROSS ISLAND ROAD), PACKAGE I, ORIENTAL MINDORO',15,2,2,'By contract','2018-06-17','2021-03-22','2021-01-19','2021-01-19',7,'Ongoing',103914574.58,NULL,NULL,'2020-10-05','GAA',NULL,NULL,NULL,'STX ENTERPRISES / EQUI-PARCO CONSTRUCTION COMPANY (JV)',NULL,NULL),
(124,'20E00007-  CONSTRUCTION/IMPV\'T. OF VARIOUS INFRASTRUCTURE IN SUPPORT OF NATIONAL SECURITY, CONST. OF FIRING RANGE, CAMP EFIGENIO C. NAVARRO, BRGY. SUQUI, CALAPAN CITY',15,2,2,'By contract','2020-02-24','2020-09-24','2021-01-19','2021-01-19',7,'Ongoing',12419499.52,NULL,NULL,'2020-10-01','GAA',NULL,NULL,NULL,'PTK GROUP INC.',NULL,NULL),
(125,'20E00008 - CONST./IMPROVEMENT OF VARIOUS INFRASTRUCTURE IN SUPPORT OF NATIONAL SECURITY, CONST. OF POLICE COMMISSIONED OFFICER\'S QUARTERING FACILITY, CAMP EFIGENIO C. NAVARRO, BRGY. SUGUI, CALAPAN CITY, OR. MINDORO',15,2,2,'By contract','2020-02-24','2021-02-06','2021-01-19','2021-01-19',7,'Ongoing',45949183.77,NULL,NULL,'2020-10-01','GAA',NULL,NULL,NULL,'R.R. ENCABO CONSTRUCTORS INCORPORATED',NULL,NULL),
(126,'Repair/Renovation of Perimeter Fence',43,2,2,'By contract','2020-07-29','2021-01-24','2021-01-19','2021-01-19',7,'Completed',2379897.52,'Grant',NULL,NULL,'Fund 164',NULL,NULL,NULL,'AMM Construction and Construction Supplies',NULL,NULL),
(127,'Repair of Two-Storey 12-Classroom Building (Gregorio del Pilar Building)',43,2,2,'By contract','2020-07-24','2020-12-20','2021-01-19','2021-01-19',3,'Completed',2086750.31,'Grant',NULL,NULL,'Fund 164',NULL,'Ursula',NULL,'RJ Construction and Design',NULL,NULL),
(128,'Improvement of San Roque-Bangkal-San Juan-Tafarma-Sinarayan Road (Phase 1)',49,2,2,'By contract','2019-12-23','2020-07-08','2021-01-19','2021-01-19',8,'Ongoing',5044254.21,NULL,NULL,NULL,'Others','LGSF',NULL,'KALSADA','Marchphil Construction',NULL,NULL),
(129,'Repair of Gymnasium',43,2,2,'By contract','2020-07-24','2020-10-31','2021-01-19','2021-01-19',3,'Completed',1063768.13,'Grant',NULL,NULL,'Fund 164',NULL,'Ursula',NULL,'RJ Construction and Design',NULL,NULL),
(130,'Repair of the Information Technology (Felipe Agoncillo) Building',43,2,2,'By contract','2020-08-10','2020-10-14','2021-01-19','2021-01-20',3,'Completed',552242.30,'Grant',NULL,'2020-01-06','GAA',NULL,'Ursula',NULL,'M.C. Martinez Construction',NULL,NULL),
(131,'Concreting of Irawan Agricultural Center Road Network',53,1,2,'By contract','2020-08-25','2021-04-20','2021-01-19','2021-01-19',7,'Ongoing',57792451.69,'Grant',NULL,NULL,'20% Development Fund',NULL,NULL,NULL,'Goldrock Construction',NULL,NULL),
(132,'Public Market at Irawan Agricultural Center',53,1,2,'By contract','2020-08-20','2021-08-20','2021-01-19','2021-01-19',7,'Ongoing',149771569.87,'Grant',NULL,NULL,'Others',NULL,NULL,NULL,'Goldrock Construction',NULL,NULL),
(133,'Philippine National Police Staton at Irawan Agricultural Center',53,3,2,'By contract','2020-08-25','2021-03-30','2021-01-19','2021-01-19',7,'Ongoing',19951831.06,'Grant',NULL,NULL,'Others',NULL,NULL,NULL,'Goldrock Construction',NULL,NULL),
(134,'20E00009 - CONST./IMPV\'T. OF VARIOUS INFRASTRUCTURE IN SUPPORT OF NATIONAL SECURITY, CONST. OF POLICE NONCOMMISSIONED OFFICER\'S QUARTERING FACILITY, CAMP. EFIGENIO C. NAVARRO, BRGY. SUGUI, CALAPAN CITY, ORIENTAL MINDORO',15,2,2,'By contract','2020-02-24','2021-02-11','2021-01-19','2021-01-19',7,'Ongoing',47765762.37,NULL,NULL,'2020-10-01','GAA',NULL,NULL,NULL,'R.R. ENCABO CONSTRUCTORS INCORPORATED',NULL,NULL),
(135,'808 bags NSIC RC 412 A, 2,506 Bags NSIC RC 456 A and 1,690 bags NSIC RC 404 H Hybrid Palay Seeds',8,1,4,'By contract','2020-02-01','2020-10-01','2021-01-19','2021-01-25',8,'Completed',10155000.00,'Grant','GAA- Rice Program(Regular)',NULL,NULL,NULL,'COVID 19','Agricultural Production Support','LongPing Tropical Rice Development, Inc.',NULL,NULL),
(136,'Construction of Smart Lighting (Procurement & Installation of Urban Streetlightning Facilities South 2',53,2,2,'By contract','2020-05-11','2023-02-28','2021-01-19','2021-01-19',7,'Ongoing',236997303.56,NULL,NULL,NULL,'Others',NULL,NULL,NULL,'GSMAXX CONSTRUCTION',NULL,NULL),
(137,'20E00010 - CONST./IMPV\'T. OF VARIOUS INFRASTRUCTURE IN SUPPORT OF NATIONAL SECURITY, CONST. OF REGIONAL POLICE SECURITY & PROTECTION UNITS (RPSPU) & PRESIDENTIAL PROTECTION DIVISION (PPD) BUILDING UNDER THE POLICE SECURITY & PROTECTION GROUP (PSPG)- PNP-RPSPU, CALAPAN CITY, ORIENTAL MINDORO',15,2,2,'By contract','2020-02-24','2020-09-09','2021-01-19','2021-01-19',7,'Ongoing',8700593.61,NULL,NULL,'2020-10-01','GAA',NULL,NULL,NULL,'PTK GROUP INC.',NULL,NULL),
(138,'Lot 1: 4,270 bags NSIC RC 132 A, 545 bags NSIC RC 488 A and 210 bags NSIC RC 540 H Hybrid Palay Seeds',8,1,4,'By contract','2020-05-26','2020-10-01','2021-01-19','2021-01-25',8,'Completed',25125000.00,'Grant','GAA- Rice Program(Regular)',NULL,NULL,NULL,'COVID 19','Agricultural Production Support','SL Agritech Corporation',NULL,NULL),
(139,'Completion of PSU to Rafols Road Phase III, Barangay Sta. Monica',53,2,2,'By contract','2020-05-25','2020-12-20','2021-01-19','2021-01-19',7,'Ongoing',59323876.56,NULL,NULL,NULL,'20% Development Fund',NULL,NULL,NULL,'Goldrock Construction',NULL,NULL),
(140,'20E00011 - CONSTRUCTION/MAINT. OF FLOOD MITIGATION STRUCTURES & DRAINAGE SYSTEM, CONST. OF GENERAL ESCO-SAN LUIS-MAHABANG PARANG GABION ARMOURING IN NAUJAN, STA. 0+030.00-STA. 0+560.00, NAUJAN, OR. MINDORO',15,2,2,'By contract','2020-02-24','2020-11-22','2021-01-19','2021-01-19',7,'Completed',46801480.88,NULL,NULL,'2020-10-01','GAA',NULL,NULL,NULL,'SIXTEEN ENTERPRISESCALAPAN BRANCH/  ESL BUILDERS & PARTS SUPPLY. (JV)',NULL,NULL),
(141,'Construction of City Slaughter House & Facilities',53,1,2,'By contract','2020-09-24','2021-07-21','2021-01-19','2021-01-19',7,'Ongoing',99971814.95,NULL,NULL,NULL,'Others',NULL,NULL,NULL,'CEBU 7H T4echnochem Industries INC',NULL,NULL),
(142,'Supply and Delivery of 14,000 bags Certified Palay Seeds',8,1,4,'Others','2020-03-01','2020-10-01','2021-01-19','2021-01-25',8,'Completed',21280000.00,'Grant','GAA- Rice Program(Regular)',NULL,NULL,NULL,'COVID 19','Agricultural Production Support',NULL,'NCB Seed Producers Cooperative of Occidental Mindoro District II',NULL),
(143,'20E00036 - CONST. OF BYPASS AND DIVERSION ROADS, ODIONGAN BYPASS ROAD, STA. 0+000.00- STA. 2+200; STA. 2+540-STA. 4+457.28, TABLAS SILAND, ROMBLON',15,2,2,'By contract','2020-02-24','2021-02-01','2021-01-19','2021-01-19',7,'Ongoing',104036765.26,NULL,NULL,'2020-11-12','GAA',NULL,NULL,NULL,'LEGACY CONSTRUCTION CORPORATION',NULL,NULL),
(144,'20E00037 - CONSTRUCTION OF MISSING LINK / NEW ROADS, ODIONGAN EAST - WEST ROAD STA.11+839 - STA.15+860, TABLAS ISLAND, ROMBLON',15,2,2,'By contract','2020-02-24','2021-02-05','2021-01-19','2021-01-19',7,'Ongoing',107808940.54,NULL,NULL,'2020-11-12','GAA',NULL,NULL,NULL,'LEGACY CONSTRUCTION CORPORATION',NULL,NULL),
(145,'Supply and Delivery of LOT 4: 1,034 bags NSIC RC 492 H and 1,007 bags NSIC RC 322 H Hybrid Palay Seeds',8,1,4,'Others','2020-05-01','2020-10-01','2021-01-19','2021-01-25',8,'Completed',10184590.00,'Grant','GAA- Rice Program(Regular)',NULL,NULL,NULL,'COVID 19','Agricultural Production Support',NULL,'NCB, St. Joseph AgriMarketing Corporation',NULL),
(146,'20E00038 - CONST./IMPROVEMENT OF ACCESS ROADS LEADING TO DECLARED TOURISM DESTINATIONS, SAN JOSE CIRCUM. ROAD LEADING TO VARIOUS BEACHES, PACKAGE I, STA. 2+940-STA. 4+955, SAN JOSE, ROMBLON',15,2,2,'By contract','2020-02-24','2021-01-19','2021-01-19','2021-01-19',7,'Ongoing',104033784.96,NULL,NULL,'2020-10-01','GAA',NULL,NULL,NULL,'ALPHA & OMEGA GEN. CONTRACTOR & DEVELOPMENT CORP.',NULL,NULL),
(147,'Repair of Organic Center (MRF Bldg.)',43,2,2,'By contract','2020-08-10','2020-09-29','2021-01-19','2021-01-20',3,'Completed',407093.90,'Grant',NULL,'2020-01-06','GAA',NULL,'Ursula',NULL,'M.C. Martinez Construction',NULL,NULL),
(148,'Distribution of Hybrid Corn Seeds',48,1,4,'By admin','2020-12-01','2021-06-30','2021-01-19','2021-01-19',3,'Ongoing',3000000.00,NULL,'DA RFO MIMAROPA',NULL,NULL,NULL,'Quinta',NULL,NULL,NULL,NULL),
(149,'Supply and Delivery of LOT 5: 2,109 bags NSIC RC 234 H and 125 bags NSIC RC 376 H Hybrid Palay Seeds',8,1,4,'Others','2020-05-01','2020-10-01','2021-01-19','2021-01-25',8,'Completed',11058300.00,'Grant','GAA- Rice Program(Regular)',NULL,NULL,NULL,'COVID 19','Agricultural Production Support',NULL,'NCB,St. Joseph AgriMarketing Corporation',NULL),
(151,'20E00039 - CONST./IMPROVEMENT OF ACCESS ROADS LEADING TO DECLARED TOURISM DESTINATIONS, SAN JOSE CIRCUM. ROAD LEADING TO VARIOUS BEACHES, PACKAGE II, STA. 4+955-STA. 6+800, SAN JOSE, ROMBLON',15,2,2,'By contract','2020-02-24','2020-01-19','2021-01-19','2021-01-19',7,'Ongoing',104027355.77,NULL,NULL,'2020-10-01','GAA',NULL,NULL,NULL,'ALPHA & OMEGA GEN. CONTRACTOR & DEVELOPMENT CORP.',NULL,NULL),
(152,'Distribution of Complete Fertilizer (14-14-14)',48,1,4,'By admin','2020-12-01','2021-04-30','2021-01-19','2021-01-19',3,'Ongoing',360000.00,NULL,'DA RFO MIMAROPA',NULL,NULL,NULL,'Quinta',NULL,NULL,NULL,NULL),
(153,'20E00040 - VIILP-LOCAL ROADS & BRIDGESLOCAL ROADS, CONST. OF SUGOD-CAWAYAN ROAD LEADING TO BLUE HOLES, SAN AGUSTIN, ROMBLON (PACKAGE III), STA. 0+000-STA. 1+180; STA. 1+700-STA. 3+020, SAN AGUSTIN, ROMBLON',15,2,2,'By contract','2020-02-24','2020-10-18','2021-01-19','2021-01-19',7,'Ongoing',94569174.86,NULL,NULL,'2020-10-01','GAA',NULL,NULL,NULL,'LEGACY CONSTRUCTION CORPORATION /  EMQ DESIGN & CONSTRUCTION (JV)',NULL,NULL),
(154,'Repair of 2-Storey Laboratory (Pedro Paterno) Bldg.',43,2,2,'By contract','2020-08-20','2020-10-24','2021-01-19','2021-01-19',3,'Completed',642770.90,NULL,NULL,NULL,'Fund 164',NULL,'Ursula',NULL,'M.C. Martinez Construction',NULL,NULL),
(156,'Supply and Delivery of  1,296 bags NSIC RC 548 H and 143 bags NSIC RC 548 H Hybrid Palay Seeds',8,1,4,'Others','2020-05-01','2020-08-01','2021-01-19','2021-01-25',8,'Completed',7392040.00,'Grant','GAA- Rice Program(Regular)',NULL,NULL,NULL,'COVID 19','Agricultural Production Support',NULL,'NCB, JEDECO Trading Corporation',NULL),
(157,'20E00041 - VIILP - LOCAL ROADS AND BRIDGES - LOCAL ROADS CONST. OF COASTAL ROAD NEEDING BOULEVARD FOR TOURISM ALONG BRGY. BACHAWAN, STA. 0+000-STA. 0+156, BRGY. BACHAWAN, SAN AGUSTIN, ROMBLON',15,2,2,'By contract','2020-02-24','2020-10-12','2021-01-19','2021-01-19',7,'Ongoing',93425050.86,NULL,NULL,'2020-10-01','GAA',NULL,NULL,NULL,'SUNWEST CONSTRUCTION & DEVELOPMENT CORPORATION',NULL,NULL),
(158,'Distribution of OPV mustard seeds Distribution of cauliflower seeds',48,1,4,'By admin','2020-12-01','2020-12-31','2021-01-19','2021-01-19',3,'Ongoing',57500.00,NULL,'BPI',NULL,NULL,NULL,NULL,NULL,NULL,NULL,NULL),
(159,'Emergency Case for the Supply and Delivery of 36,029 bags Certified Palay Seeds',8,1,4,'Others','2020-05-26','2020-08-26','2021-01-19','2021-01-25',8,'Completed',27913280.00,'Grant','GAA- Rice Program(Regular)',NULL,NULL,NULL,'COVID 19','Agricultural Production Support',NULL,'Emergency case: Seed Producers Cooperative of Occidental Mindoro District II',NULL),
(160,'20E00042 - VIILP - LOCAL ROADS AND BRIDGES - LOCAL ROADS CONST. OF COASTAL ROAD NEEDING BOULEVARD FOR TOURISM ALONG BRGY. TANAGAN, STA. 0+000-STA. 0+162, BRGY. TAN-AGAN, SAN ANDRES, ROMBLON',15,2,2,'By contract','2020-02-24','2020-10-12','2021-01-19','2021-01-19',7,'Ongoing',93424409.90,NULL,NULL,'2020-10-01','GAA',NULL,NULL,NULL,'SUNWEST CONSTRUCTION & DEVELOPMENT CORPORATION',NULL,NULL),
(161,'20E00043 - VIILP - LOCAL ROADS AND BRIDGES - LOCAL ROADS CONST. OF COASTAL ROAD NEEDING BOULEVARD FOR TOURISM ALONG ESPANA, STA. 0+000-STA. 0+210, SAN FERNANDO, ROMBLON',15,2,2,'By contract','2020-02-24','2020-10-12','2021-01-19','2021-01-19',7,'Ongoing',93708676.35,NULL,NULL,'2020-10-01','GAA',NULL,NULL,NULL,'SUNWEST CONSTRUCTION & DEVELOPMENT CORPORATION',NULL,NULL),
(162,'Distribution of red onion seeds',48,1,4,'By admin','2020-12-01','2020-12-31','2021-01-19','2021-01-19',3,'Completed',312000.00,NULL,'BPI',NULL,NULL,NULL,NULL,NULL,NULL,NULL,NULL),
(163,'Emergency Case for the Supply and Delivery of 36,092 bags Certified Palay Seeds',8,1,4,'Others','2020-05-26','2020-06-26','2021-01-19','2021-01-25',8,'Completed',1216000.00,'Grant','GAA- Rice Program(Regular)',NULL,NULL,NULL,'COVID 19','Agricultural Production Support',NULL,'emergency case: Mina de Oro Seeds Growers Multi-Purpose Corporation',NULL),
(164,'Emergency Case for the Supply and Delivery of 36,092 bags Certified Palay Seeds',8,1,4,'Others','2020-05-26','2020-06-26','2021-01-19','2021-01-25',8,'Completed',5338000.00,'Grant','GAA- Rice Program(Regular)',NULL,NULL,NULL,'COVID 19','Agricultural Production Support',NULL,'emergency case: Isabela Seed Growers Multi- Purpose Corporation',NULL),
(165,'Emergency Case for the Supply and Delivery of 36,092 bags Certified Palay Seeds',8,1,4,'Others','2020-05-26','2020-10-19','2021-01-19','2021-01-25',8,'Completed',9516535.00,'Grant','GAA- Rice Program(Regular)',NULL,NULL,NULL,'COVID 19','Agricultural Production Support',NULL,'emergency case: Oriental Mindoro Seed Growers Multi-Purpose Corporation',NULL),
(166,'Repair of Old Piggery 1',43,2,2,'By contract','2020-09-16','2020-12-14','2021-01-19','2021-01-19',3,'Completed',619912.15,'Grant',NULL,'2020-01-06','GAA',NULL,'Ursula',NULL,'M.C. Martinez Construction',NULL,NULL),
(167,'Repairs of Old Piggery 2',43,2,2,'By contract','2020-09-16','2020-11-29','2021-01-19','2021-01-19',3,'Completed',456702.80,NULL,NULL,'2020-01-06','GAA',NULL,'Ursula',NULL,'M.C. Martinez Construction',NULL,NULL),
(168,'20E00013  - WIDENING OF CORON BUSUANGA ROAD, KO021+000.00-KO023+800.00; KO024+191.00-KO025+000.00, CORON, PALAWAN',15,2,2,'By contract','2020-02-24','2021-01-01','2021-01-19','2021-01-19',7,'Ongoing',117192747.13,NULL,NULL,'2020-11-03','GAA',NULL,NULL,NULL,'ONE HUNDRED PERCENT CONSTRUCTION AND DEVELOPMENT CORPORATION',NULL,NULL),
(169,'Supply and Delivery of 33,000 kilos Garlic Planting Materials',8,1,4,'Others','2020-04-01','2020-09-29','2021-01-19','2021-01-25',8,'Completed',6600000.00,'Grant','GAA- HVCDP (Regular)',NULL,NULL,NULL,NULL,'Agricultural Production Support',NULL,'NCB: Aurelio BV. Escala Plant Nursery',NULL),
(170,'Improvement of Junction National-Adrialuna-Bagong Buhay-Pagkakaisa Road',49,2,2,'By contract','2019-11-27','2020-08-19','2021-01-19','2021-01-19',8,'Ongoing',46996641.13,NULL,NULL,'2019-09-20','GAA',NULL,NULL,'LGSF-CMGP','Marchphil Construction',NULL,NULL),
(171,'20E00014 - CONSTRUCTION/IMPROVEMENT OF ACCESS ROAD LEADING TO AIRPORTS, ACCESS ROAD LEADING TO FRANCISCO B. REYES AIRPORT (BRGY. SAN NICOLAS - BRGY. DECALACHAO), ROAD 1: STA.23+670 - STA27+008; BRIDGE: STA. 27+008 - STA.27+039; ROAD 2: STA. 27+039 - STA.28+947.57, CORON, PALAWAN',15,2,2,'By contract','2020-02-24','2021-02-17','2021-01-19','2021-01-20',7,'Ongoing',141854099.35,'Grant',NULL,'2020-11-03','GAA',NULL,NULL,NULL,'ONE HUNDRED PERCENT CONSTRUCTION AND DEVELOPMENT CORPORATION',NULL,NULL),
(172,'Emergency Case for the Supply and Delivery of 4,853 cans/packs (400-GM per an/pack) Red Onion Seeds',8,1,4,'Others','2020-05-25','2020-06-25','2021-01-19','2021-01-25',8,'Completed',6115377.75,'Grant','GAA- HVCDP (Regular)',NULL,NULL,NULL,NULL,'Agricultural Production Support','Ramgo Internati','RAMGO International Corporation',NULL),
(173,'Improvement of Junction National-Sta. Cruz-Sigange Road',49,2,2,'By contract','2020-02-06','2021-01-01','2021-01-19','2021-01-19',8,'Ongoing',23416831.54,NULL,NULL,'2019-08-07','GAA',NULL,NULL,'LGSF-CMGP','B.C. Cuerpo Construction Corporation',NULL,NULL),
(174,'Improvement of Junction Road National  Sta Cruz-Carmundo-Sigange-Malitbog Road Phase III',49,2,2,'By contract','2019-12-27','2020-08-25','2021-01-19','2021-01-19',8,'Ongoing',22756441.20,NULL,NULL,'2019-08-07','GAA',NULL,NULL,'LGSF-CMGP','Sanlahi Group of Builders Incorporated',NULL,NULL),
(175,'Support and Services Program for Persons with Disability',48,3,2,'By admin','2020-10-01','2020-12-31','2021-01-19','2021-01-25',7,'Ongoing',496500.00,'Grant',NULL,NULL,'Others','1% SC/PWD',NULL,NULL,NULL,NULL,NULL),
(176,'Cabagan SIP',27,2,2,'By contract','2020-01-01','2020-12-31','2021-01-19','2021-01-19',7,'Ongoing',30250000.00,NULL,NULL,'2020-01-01','GAA',NULL,NULL,NULL,'HERVELYN INTERTRADING & BUILDERS CORP.',NULL,NULL),
(177,'Santa Fe (Extension of CIS)',27,2,2,'By contract','2020-01-01','2020-12-31','2021-01-19','2021-01-19',7,'Ongoing',15000000.00,NULL,NULL,NULL,'GAA',NULL,NULL,NULL,'CB TAMPENGCO CONSTRUCTION & SUPPLY',NULL,NULL),
(178,'Water Testing Facility to Ensure Health and Safety of Marinduqueños',16,2,1,'By contract','2020-01-31','2021-12-01','2021-01-19','2021-01-19',6,'Ongoing',2520000.00,'Grant',NULL,NULL,NULL,NULL,NULL,NULL,'Provincial Health Office, Province of Marinduque (PGM-PHO)',NULL,NULL),
(179,'Coral Restoration Project for Marinduque',16,1,1,'By contract','2020-01-31','2020-12-31','2021-01-19','2021-01-21',6,'Completed',1234831.60,'Grant',NULL,NULL,NULL,NULL,NULL,NULL,'Provincial Government of Marinduque (PGM)',NULL,NULL),
(180,'20E00015 - CONSTRUCTION/IMPROVEMENT OF ACCESS ROADS LEADING TO DECLARED TOURISM DESTINATION ACCESS ROAD LEADING TO ROXAS DIVING SPOTS STA.133+396 - STA.135+023; STA.135+142 - STA.135+516, ROXAS, PALAWAN',15,2,2,'By contract','2020-02-24','2021-02-01','2021-01-19','2021-01-19',7,'Ongoing',122940053.81,NULL,NULL,'2020-11-01','GAA',NULL,NULL,NULL,'YURICH BUILDERS AND CONSTRUCTION SUPPLY',NULL,NULL),
(181,'20E00016-CONSTRUCTION / IMPROVEMENT OF ACCESS ROADS LEADING TO AIRPORTS, NEW QUEZON-CHEEY-SAN JOSE-DECALACHAO ROAD LEADING TO BUSUANGA AIRPORT, BUSUANGA, PALAWAN',15,2,2,'By contract','2020-02-24','2020-02-19','2021-01-20','2021-01-20',7,'Completed',32307858.18,NULL,NULL,'2020-03-11','GAA',NULL,NULL,NULL,'ONE HUNDRED PERCENT CONSTRUCTION AND DEVELOPMENT CORPORATION',NULL,NULL),
(182,'20E00019-ROAD WIDENING OF F.B. REYES (BUSUANGA-CORON) ROAD, KO020+815.00-KO021+060.00; KO021+245.00-KO022+683.00, BUSUANGA, PALAWAN',15,2,2,'By contract','2020-05-21','2020-12-24','2021-01-20','2021-01-20',7,'Ongoing',47283761.18,'Grant',NULL,'2020-11-03','GAA',NULL,NULL,NULL,'ONE HUNDRED PERCENT CONSTRUCTION AND DEVELOPMENT CORPORATION',NULL,NULL),
(183,'20E00022 - CONST. OF MISSING LINKS/NEW ROADS, PALAWAN CIRCUM. ROAD (LATUD-CANIPAAN SECTION), PACKAGE C, STA. 313+166-STA. 324+670.93, PALAWAN',15,2,2,'By contract','2020-04-24','2021-02-22','2021-01-20','2021-01-20',7,'Ongoing',140408693.24,NULL,NULL,'2020-11-03','GAA',NULL,NULL,NULL,'ST. TIMOTHY CONSTRUCTION CORPORATION',NULL,NULL),
(184,'Emergency Case for the Supply and Delivery of 4,853 cans/packs (400g per can/pack) Red Onion Seeds',8,1,4,'Others','2020-06-24','2020-09-20','2021-01-20','2021-01-25',8,'Completed',5418990.00,'Grant','GAA- HVCDP (Regular)',NULL,NULL,NULL,NULL,'Agricultural Production Support',NULL,'NCB East-West Seed Company',NULL),
(185,'20E00023 - CONST. OF MISSING LINKS/NEW ROADS, PALAWAN CIRCUMFERENTIAL ROAD (LATUD-CANIPAAN SECTION), PACKAGE D, STA. 304+565.00- STA. 313+166.00, PALAWAN',15,2,2,'By contract','2020-02-24','2021-02-10','2021-01-20','2021-01-20',7,'Ongoing',142577937.24,'Grant',NULL,'2020-11-03','GAA',NULL,NULL,NULL,'YURICH BUILDERS AND CONSTRUCTION SUPPLY',NULL,NULL),
(186,'20E00020- REHAB/RECONST OF NATIONAL ROADS WITH SLIPS, SLOPE COLLAPSE & LANDSLIDE F.B. REYES (BUSUANGA-CORON) ROAD, PALAWAN',15,2,2,'By contract','2020-05-21','2021-04-25','2021-01-20','2021-01-20',7,'Ongoing',75654200.04,NULL,NULL,'2020-03-11','GAA',NULL,NULL,NULL,'KATHA BUILDERS & SUPPLIES/  ONE HUNDRED PERCENT CONSTRUCTION AND DEVELOPMENT CORPORATION  (JV)',NULL,NULL),
(187,'20E00024 - CONST. OF MISSING LINKS/NEW ROADS, PALAWAN CIRCUMFERENTIAL ROAD (LATUD-CANIPAAN SECTION), PACKAGE E, ROAD 1: STA. 294+850-STA. 295+776; ROAD 2: STA. 294+864-STA. 303+246 & ROAD 3: STA. 303+334-STA. 304+565; BRIDGE 1: STA. 295+776-STA. 295+864 & BRIDGE 2:',15,2,2,'By contract','2020-02-24','2021-04-04','2021-01-20','2021-01-20',7,'Ongoing',142572402.39,NULL,NULL,'2020-11-03','GAA',NULL,NULL,NULL,'YURICH BUILDERS AND CONSTRUCTION SUPPLY',NULL,NULL),
(188,'Improvement/Upgrading of Pantayin-Jolo-Napo Farm to Market Road (PRDP-IBUILD Sub-project)',8,2,4,'By contract','2020-01-22','2020-10-14','2021-01-20','2021-01-22',8,'Completed',47717265.58,'Loan','World Bank/LGU',NULL,NULL,NULL,NULL,'Special Project (World Bank Funded)/Foreign Assisted Project','DQT Builders Corporation',NULL,NULL),
(189,'Supply and Delivery of 1,020 kilos Red Onion Seeds',8,1,4,'Others','2020-09-20','2020-12-20','2021-01-20','2021-01-25',8,'Completed',5094000.00,'Grant','GAA- HVCDP (Regular)',NULL,NULL,NULL,NULL,'Agricultural Production Support',NULL,'NCB:  RAMGO International, Inc.',1),
(190,'20E00025 - WIDENING OF PERMANENT BRIDGE - MARANGAS BRIDGE (PARALLEL BRIDGE) ALONG PPSR, STA. 218+405.74-STA. 218+825.95, PALAWAN',15,2,2,'By contract','2020-02-21','2021-04-04','2021-01-20','2021-01-20',7,'Ongoing',114280916.79,NULL,NULL,'2020-11-03','GAA',NULL,NULL,NULL,'KATHA BUILDERS & SUPPLIES',NULL,NULL),
(191,'20E00026 - CONST./IMPROVEMENT OF VARIOUS INFRASTRUCTURE IN SUPPORT OF NATIONAL SECURITY, CONSTRUCTION OF BALABAC MILITARY RUNWAY, BALABAC, PALAWAN',15,2,2,'By contract','2020-02-24','2021-04-04','2021-01-20','2021-01-20',7,'Ongoing',189136645.11,NULL,NULL,'2020-11-03','GAA',NULL,NULL,NULL,'ONE HUNDRED PERCENT CONSTRUCTION AND DEVELOPMENT CORPORATION',NULL,NULL),
(192,'20E00035 CONSTRUCTION OF IRAAN RIVER FLOOD CONTROL STRUCTURE, STA. 00+142.00- STA. 00+389.20, ABORLAN, PALAWAN',15,2,2,'By contract','2020-02-24','2020-11-09','2021-01-20','2021-01-20',7,'Ongoing',52288414.53,NULL,NULL,'2020-03-11','GAA',NULL,NULL,NULL,'C.T. LEONCIO CONSTRUCTION & TRADING',NULL,NULL),
(193,'Construction and Upgrading of Junction Salban - Culasian - Magsaysay Farm to Market Road (PRDP-IBUILD-Sub-project)',8,2,4,'By contract','2020-03-08','2021-03-11','2021-01-20','2021-01-22',8,'Ongoing',197209134.68,'Grant','World Bank/LGU',NULL,NULL,NULL,NULL,'Special Project (World Bank Funded)/Foreign Assisted Project','IVY Michelle Trading and Construction',NULL,NULL),
(194,'Supply and Delivery 3,790 pcs. Plastic Crates',8,1,4,'Others','2020-12-01','2020-12-20','2021-01-20','2021-01-25',8,'Completed',3782420.00,'Grant','GAA- HVCDP (Regular)',NULL,NULL,NULL,NULL,'Agricultural Production Support',NULL,'NCB: Sentinel Plastic Manufacturing Corp.',1),
(195,'Construction of Maruyugon to Buenavista Farm to Market Road (PRDP I-BUILD Sub-project)',8,2,4,'By contract','2020-01-16','2020-09-11','2021-01-20','2021-01-22',8,'Completed',117995208.59,'Grant','World Bank/LGU',NULL,NULL,NULL,NULL,'Special Project (World Bank Funded)/Foreign Assisted Project','BCT Trading and Construction',NULL,NULL),
(196,'Supply and Delivery of LOT 2: 4 units Tiller Cultivator and 1 unit Thresher',8,1,4,'Others','2020-06-25','2020-06-30','2021-01-20','2021-01-25',8,'Completed',1109500.00,'Grant','Organic Agriculture Fund',NULL,NULL,NULL,NULL,'PAEF-Production',NULL,'PB: GRJC Agri Industrial Machineries',1),
(197,'Supply and Delivery of 9,800 bags Urea Fertilizer',8,1,4,'Others','2020-07-01','2020-08-30','2021-01-20','2021-01-25',3,'Completed',14275200.00,'Grant','Quick Response Fund (Rehabilitation)',NULL,NULL,NULL,'Typhoon Usman',NULL,NULL,'NCB: Romarc Enterprises',1),
(198,'Supply and Delivery of 42,000 packs Organic Microbial Inoculant Fertilizer',8,1,4,'Others','2020-06-01','2020-08-30','2021-01-20','2021-01-25',3,'Completed',3738000.00,'Grant','Quick Response Fund (Rehabilitation)',NULL,NULL,NULL,'Typhoon Usman',NULL,NULL,'NCB Romarc Enterprises',1),
(199,'Supply and Delivery of  Assorted Vegetable Seeds',8,1,4,'Others','2020-08-01','2020-11-30','2021-01-20','2021-01-25',3,'Completed',4092360.00,'Grant','Quick Response Fund (Rehabilitation)',NULL,NULL,NULL,'Typhoon Tisuy-Ursula',NULL,NULL,'NCB  Allied Botanical Corp.',1),
(200,'Formulation/development/dissemination of new policies, plans to be issued to stakeholders and partners',39,3,2,'By admin','2020-01-01','2020-12-31','2021-01-20','2021-01-25',7,'Completed',500.00,'Grant',NULL,'2020','GAA',NULL,NULL,NULL,NULL,NULL,NULL),
(201,'Updating of Regional and Provincial TESD Plans',39,3,2,'By admin','2020-01-01','2020-12-31','2021-01-20','2021-01-26',7,'Completed',500.00,'Grant',NULL,'2020','GAA',NULL,NULL,NULL,NULL,NULL,NULL),
(202,'Strengthening of Regional/Provincial/City TESD Committees',39,3,2,'By admin','2020-01-01','2020-12-31','2021-01-20','2021-01-26',7,'Completed',500.00,'Grant',NULL,'2020','GAA',NULL,NULL,NULL,NULL,NULL,NULL),
(203,'Conduct  of Industry  Forum, TVET Forum, CTEC Congress/DTS Forum',39,3,2,'By admin','2020-01-01','2020-12-31','2021-01-20','2021-01-26',7,'Completed',500.00,'Grant',NULL,'2020','GAA',NULL,NULL,NULL,NULL,NULL,NULL),
(204,'Dissemination of Labor Market Information Report',39,3,2,'By admin','2020-01-01','2020-12-31','2021-01-20','2021-01-26',7,'Completed',500.00,'Grant',NULL,'2020','GAA',NULL,NULL,NULL,NULL,NULL,NULL),
(205,'Conduct Study on the Employability of TVET Graduates',39,3,2,'By admin','2020-01-01','2020-12-31','2021-01-20','2021-01-26',7,'Completed',500.00,'Grant',NULL,'2020','GAA',NULL,NULL,NULL,NULL,NULL,NULL),
(206,'Conduct/Provision of Training Programs under the TESDA Technology Institutions (TTIs) - Buyabod School of Arts and Trades',39,3,2,'By admin','2020-01-01','2020-12-31','2021-01-20','2021-01-26',7,'Completed',10000.00,'Grant',NULL,'2020','GAA',NULL,NULL,NULL,NULL,NULL,NULL),
(207,'Conduct/Provision of Training Programs under the TESDA Technology Institutions (TTIs)  - Torrijos Poblacion School of Arts and Trades',39,3,2,'By admin','2020-01-01','2020-12-31','2021-01-20','2021-01-26',7,'Completed',8000.00,'Grant',NULL,'2020','GAA',NULL,NULL,NULL,NULL,NULL,NULL),
(208,'Conduct/Provision of Training Programs under the TESDA Technology Institutions (TTIs) - Simeon Suan Vocational and Technical College',39,3,2,'By admin','2020-01-01','2020-12-31','2021-01-20','2021-01-26',7,'Completed',15000.00,'Grant',NULL,'2020','GAA',NULL,NULL,NULL,NULL,NULL,NULL),
(209,'Conduct/Provision of Training Programs under the TESDA Technology Institutions (TTIs) -  Puerto Princesa School of Arts and Trades',39,3,2,'By admin','2020-01-01','2020-12-31','2021-01-20','2021-01-26',7,'Completed',5324.00,'Grant',NULL,'2020','GAA',NULL,NULL,NULL,NULL,NULL,NULL),
(210,'Conduct/Provision of Training Programs under the TESDA Technology Institutions (TTIs) - Romblon National Institute of Technology',39,3,2,'By admin','2020-01-01','2020-12-31','2021-01-20','2021-01-26',7,'Completed',12590.00,'Grant',NULL,'2020','GAA',NULL,NULL,NULL,NULL,NULL,NULL),
(211,'Conduct/Provision of Training Programs under the TESDA Technology Institutions (TTIs) - Rizal Occidental Mindoro TESDA Training and Accreditation Center',39,3,2,'By admin','2020-01-01','2020-12-31','2021-01-20','2021-01-26',7,'Completed',7000.00,'Grant',NULL,'2020','GAA',NULL,NULL,NULL,NULL,NULL,NULL),
(212,'Supply and Delivery of 7,500 packets Micronutrient Foliar fertilizer',8,1,4,'Others','2020-08-01','2020-09-30','2021-01-20','2021-01-25',3,'Completed',5250000.00,'Grant','Quick Response Fund (Rehabilitation)',NULL,NULL,NULL,'Typhoon Tisuy-Ursula',NULL,NULL,'NCB: Jr. Jiro Erica Acuna Agriventures Company',1),
(213,'Supply and Delivery of 5,368 bags Certified Palay Seeds',8,1,1,'Others','2020-08-01','2020-10-30','2021-01-20','2021-01-20',3,'Completed',8159360.00,'Grant',NULL,NULL,NULL,NULL,'Typhoon Tisuy-Ursula',NULL,NULL,'NCB: Seed  Producers  Cooperative of Occidental',NULL),
(214,'Supply and Delivery of 5,368 bags Certified Palay Seeds',8,1,4,'Others','2020-08-01','2020-10-30','2021-01-20','2021-01-25',3,'Completed',8159360.00,'Grant','Quick Response Fund (Rehabilitation)',NULL,NULL,NULL,'Typhoon Tisuy-Ursula',NULL,NULL,'NCB: Seed  Producers  Cooperative of Occidental',1),
(215,'Supply and Delivery of 117,065 packets Organic Microbial Inoculant',8,1,4,'Others','2020-09-02','2020-12-14','2021-01-20','2021-01-25',3,'Completed',10301720.00,'Grant','Quick Response Fund (Rehabilitation)',NULL,NULL,NULL,'Typhoon Tisuy-Ursula',NULL,NULL,'NCB: Romarc Enterprises',1),
(216,'Supply and Delivery of Assorted Fruit Planting Materials',8,1,4,'Others','2020-09-03','2020-12-31','2021-01-20','2021-01-25',3,'Ongoing',18912000.00,'Grant','Quick Response Fund (Rehabilitation)',NULL,NULL,NULL,'Typhoon Tisuy-Ursula',NULL,NULL,'NCB: Corrine\'s Garden and Aurelio Escala',1),
(217,'Supply and Delivery of 100 heads of Cattle (Heifer)',8,1,4,'Others','2020-12-01','2020-12-31','2021-01-20','2021-01-25',3,'Completed',4499900.00,'Grant','Quick Response Fund (Rehabilitation)',NULL,NULL,NULL,'Typhoon Tisuy-Ursula',NULL,NULL,'NCB: ED Ranch',1),
(218,'Supply and Delivery of 45 heads of Female Carabao (Heifer)',8,1,4,'Others','2020-03-04','2020-10-20','2021-01-20','2021-01-25',8,'Completed',1507500.00,'Grant','GAA-Foreign Assisted Projects -SAAD',NULL,NULL,NULL,NULL,'Agricultural Production Support',NULL,'NCB: Jadeco Farm',1),
(219,'18E00052 - ROAD WIDENING OF CALAPAN SOUTH ROAD, PINALAMALAYAN ORIENTAL MINDORO K0064+(-780)',15,2,2,'By contract','2018-04-10','2019-05-29','2021-01-20','2021-01-20',7,'Completed',198317245.54,NULL,NULL,'2018-03-11','GAA',NULL,NULL,NULL,'Monolithic Construction and Concrete Products, Inc. / Sixteen Enterprises - (J.V.)',NULL,NULL),
(220,'18E00062 - ROAD WIDENING OF CALAPAN SOUTH ROAD, ORIENTAL MINDORO K0074+640',15,2,2,'By contract','2018-06-06','2019-04-19','2021-01-20','2021-01-20',7,'Completed',154176257.03,NULL,NULL,'2018-03-11','GAA',NULL,NULL,NULL,'Monolithic Construction and Concrete Products, Inc.',NULL,NULL),
(221,'Supply and Delivery of Various Garden Tools and Farm Implements (Plow & Harrow)',8,1,4,'Others','2020-06-03','2020-07-31','2021-01-20','2021-01-25',8,'Completed',1523250.00,'Grant','GAA-Foreign Assisted Projects -SAAD',NULL,NULL,NULL,NULL,'Agricultural Production Support',NULL,'NCB: Green Option Agricultural and Environmental Business Center',1),
(222,'18E00063- Construction/Improvement of Mansalay Public Market, Barangay Poblacion Mansalay, Oriental Mindoro',15,2,2,'By contract','2018-08-19','2020-02-14','2021-01-20','2021-01-20',7,'Completed',128632748.23,NULL,NULL,'2018-03-11','GAA',NULL,NULL,NULL,'C.B. Garay Philwide Builders/D.M. Maliwanag Builders and Enterprises',NULL,NULL),
(223,'Supply and Delivery of  Lot 1: 33,280 Kilos Rice Certified Seeds & 11,500 kilos Upland Rice Seeds',8,1,4,'Others','2020-06-03','2020-07-31','2021-01-20','2021-01-25',8,'Completed',1382370.00,'Grant','GAA-Foreign Assisted Projects -SAAD',NULL,NULL,NULL,NULL,'Agricultural Production Support',NULL,'NCB: Seed  Producers  Cooperative of Occidental Mindoro District II',1),
(224,'Supply and Delivery of 1,159 bags Inorganic Fertilizer',8,1,4,'Others','2020-06-07','2020-06-20','2021-01-20','2021-01-25',8,'Completed',1382370.00,'Grant','GAA-Foreign Assisted Projects -SAAD',NULL,NULL,NULL,NULL,'Agricultural Production Support',NULL,'NCB,St. Joseph AgriMarketing Corporation',1),
(225,'Supply and Delivery of Collapsible Dryer and Hermatic Storage Cocoon',8,1,4,'Others','2020-08-02','2020-09-20','2021-01-20','2021-01-25',8,'Completed',1412400.00,'Grant','GAA-Foreign Assisted Projects -SAAD',NULL,NULL,NULL,NULL,'Agricultural Production Support',NULL,'NCB: AJJ Trading',1),
(226,'REPAIR OF DAMAGED CONCRETE PAVEMENT, DRAINAGE COVER, R.C. WHARF AND PLATFORM DECK/SLAB AND JACKETING OF DILAPIDATED PILE CAPS',280,2,2,'By contract','2019-10-15','2020-07-28','2021-01-20','2021-01-22',7,'Completed',24288507.44,'Grant',NULL,NULL,'Corporate',NULL,NULL,NULL,'JC PIÑON CONSTRUCTION INC.',NULL,NULL),
(227,'Solar Energy System as an Alternative Source of Electricity for DOST-MIMAROPA’s Provincial Science and Technology Centers and Marinduque State College',16,2,1,'By contract','2020-10-13','2021-10-13','2021-01-20','2021-01-20',6,'Ongoing',2500000.00,'Grant',NULL,NULL,'GAA',NULL,NULL,NULL,'Marinduque State College',NULL,NULL),
(228,'Supply and Delivery of 900,000 pcs. Cassava Planting Materials',8,1,4,'Others','2020-09-01','2020-09-30','2021-01-20','2021-01-25',8,'Completed',3123000.00,'Grant','GAA-Foreign Assisted Projects -SAAD',NULL,NULL,NULL,NULL,'Agricultural Production Support',NULL,'NCB: Torno Agro and Enterprise',1),
(229,'Supply and Delivery of 35 units Pump and Engine with complete Accessories',8,1,4,'Others','2020-09-02','2020-09-30','2021-01-20','2021-01-25',8,'Completed',3482500.00,'Grant','GAA-Foreign Assisted Projects -SAAD',NULL,NULL,NULL,NULL,'Agricultural Production Support',NULL,'NCB: All Certified Equipment Trading Corp',1),
(230,'Supply and Delivery of  Assorted Vegetable Seeds',8,1,4,'Others','2020-03-27','2020-04-27','2021-01-20','2021-01-25',8,'Completed',2855000.00,'Grant','GAA- HVCDP (Regular)',NULL,NULL,NULL,NULL,'Agricultural Production Support',NULL,'NCB:  RAMGO International, Inc.',1),
(231,'Establishment of RBDO Processing Facility in Romblon Year 2',16,1,1,'By contract','2020-01-21','2021-01-21','2021-01-20','2021-01-20',6,'Ongoing',9488013.20,'Grant',NULL,NULL,NULL,NULL,NULL,NULL,'Sta. Maria Coconut Farmers and Processing Association',NULL,NULL),
(232,'Supply and Delivery of 30 units Pump Irrigation System Open Source (PISOS)',8,2,4,'Others','2019-11-22','0001-01-01','2021-01-21','2021-01-25',8,'Completed',2043840.00,'Grant','GAA- HVCDP (Regular)',NULL,NULL,NULL,NULL,'Irrigation  Support',NULL,'NCB: 3R Metal Craft',15),
(233,'Supply and Delivery of 37,650 meters HOPE Pipe',8,2,4,'Others','2020-05-18','2020-09-16','2021-01-21','2021-01-25',8,'Completed',1598619.00,'Grant','GAA- HVCDP (Regular)',NULL,NULL,NULL,NULL,'Crop production',NULL,'NCB: HDR Plastic Manufacturing Coro.',15),
(234,'Supply and Delivery of Various  Fertilizer',8,1,4,'Others','2020-04-20','2020-09-30','2021-01-21','2021-01-25',8,'Completed',1550340.00,'Grant','GAA- HVCDP (Regular)',NULL,NULL,NULL,NULL,'Crop production',NULL,'NCB: First Planters Agri Solution, Inc.',1),
(235,'Construction and Upgrading of Nicanor Zabala - San Miguel - Jolo Farm to Market Road (PRDP-IBUILD Sub-project)',8,2,4,'By contract','2017-12-02','2019-12-12','2021-01-21','2021-01-22',8,'Ongoing',117437984.57,'Grant','World Bank/LGU',NULL,NULL,NULL,NULL,'Special Project (World Bank Funded)/Foreign Assisted Project','BCT Trading and Construction and Tagusan Construction and Trading (JV)',NULL,NULL),
(236,'Junk Compactor Technology for Waste Management in Concepcion (CEST)',16,1,1,'By contract','2020-01-21','2021-01-21','2021-01-21','2021-01-21',6,'Completed',1404310.80,'Grant',NULL,NULL,NULL,NULL,NULL,NULL,'Samahan ng mga Mamamayang Makakalikasan ng Concepcion (SAMMACO)',NULL,NULL),
(237,'CEST-Banton Phase I: Rainwater Collection System with Treatment Facility for Banton Island',16,1,1,'By contract','2020-10-15','2021-10-15','2021-01-21','2021-01-21',6,'Ongoing',2500000.00,'Grant',NULL,NULL,NULL,NULL,NULL,NULL,'LGU-Banton',NULL,NULL),
(238,'Establishment of Solar Salt Farms & Iodized Salt Processing Center, Province of Palawan',16,1,1,'By contract','2020-01-21','2022-12-01','2021-01-21','2021-01-21',6,'Ongoing',1120000.00,'Grant',NULL,NULL,NULL,NULL,NULL,NULL,'Provincial Government of Palawan (PGP)',NULL,NULL),
(239,'Supply and Delivery of 25,000 pcs. Budded Calamansi',8,1,4,'Others','2020-06-11','2020-06-11','2021-01-21','2021-01-25',8,'Completed',1000050.00,'Grant','GAA- HVCDP (Regular)',NULL,NULL,NULL,NULL,'Crop production',NULL,'NCB: EURES Plant Nursery and Agri Trading',1),
(240,'Strengthening the Physico-Chemical Laboratory to Sustain Water and Wastewater Testing Services',16,1,1,'By admin','2020-01-21','2021-01-21','2021-01-21','2021-01-21',6,'Completed',1790000.00,'Grant',NULL,NULL,NULL,NULL,NULL,NULL,NULL,NULL,NULL),
(241,'Procurement of 25,000 Packets of Assorted Vegetable Seeds',8,1,4,'Others','2020-04-30','2020-04-30','2021-01-21','2021-01-25',8,'Completed',1000000.00,'Grant','GAA- HVCDP (Regular)',NULL,NULL,NULL,NULL,'Crop production',NULL,'NCB: Institute of Plant Breeding',1),
(242,'Supply and Delivery of of 42,050 pcs. Grafted Cacao Seedlings',8,1,4,'Others','2020-01-17','2020-01-17','2021-01-21','2021-01-25',8,'Completed',1883840.00,'Grant','GAA- HVCDP (Regular)',NULL,NULL,NULL,NULL,'Crop production',NULL,'NCB: Corrine\'s Garden',1),
(243,'Supply and Delivery of 496 units of Battery Operated Knapsack Sprayer',8,1,4,'Others','2020-03-12','2020-03-12','2021-01-21','2021-01-25',8,'Completed',2380800.00,'Grant','GAA- HVCDP (Regular)',NULL,NULL,NULL,NULL,'Crop production',NULL,'NCB: 3R Metal Craft',1),
(244,'Construction of Brgy. Pato-o Proper - Sitio Aurora, Odiongan Romblon Farm to Market Road with Two Bridges (PRDP-IBUILD Sub-project)',8,2,4,'By contract','2018-09-09','2020-11-16','2021-01-21','2021-01-22',8,'Ongoing',168112839.51,'Grant','World Bank/LGU',NULL,NULL,NULL,NULL,'Special Project (World Bank Funded)/Foreign Assisted Project','RCDG Construction Corporation',NULL,NULL),
(245,'Implementation, Development and Enhancement of Systems and ICT Resources (iDESIRe)',16,2,1,'By admin','2020-01-01','2020-12-01','2021-01-21','2021-01-21',3,'Completed',1047715.20,'Grant',NULL,NULL,NULL,NULL,'COVID19',NULL,NULL,NULL,NULL),
(246,'Upgrading/Concreting of Brgy. Poblacion Farm to Market Road (PRDP-IBUILD Sub-project)',8,2,4,'By contract','2020-05-22','2021-06-04','2021-01-21','2021-01-22',8,'Ongoing',95630527.37,'Grant','World Bank/LGU',NULL,NULL,NULL,NULL,'Special Project (World Bank Funded)/Foreign Assisted Project','F. A. Torres Construction',NULL,NULL),
(247,'Supply and Delivery of 530 bags Conventional Hybrid Corn Seeds',8,1,4,'Others','2020-06-28','2020-07-12','2021-01-21','2021-01-25',8,'Completed',1266032.20,'Grant','GAA- CORN Program',NULL,NULL,NULL,NULL,'Crop production',NULL,'NCB: ARNICHEM CORP.',1),
(248,'Supply and Delivery of  2 units  Mobile Recirculating Dryer 8T and 6T',8,1,4,'Others','2020-06-09','2020-07-09','2021-01-21','2021-01-25',8,'Completed',6499000.00,'Grant','GAA- CORN Program',NULL,NULL,NULL,NULL,'Post Harvest Facilities',NULL,'NCB: All Certified Equipment Trading Corp',1),
(249,'Supply and Delivery of 3 units Four-Wheel Drive Tractor 50-55Hp with Implements',8,1,4,'Others','2020-04-07','2020-08-09','2021-01-21','2021-01-25',8,'Completed',5100000.00,'Grant','GAA- CORN Program',NULL,NULL,NULL,NULL,'Crop production',NULL,'NCB: All Certified Equipment Trading Corp',1),
(250,'Supply and Delivery of LOT 2: 1 unit Pneumatic 4-Row Corn Planter',8,1,4,'Others','2020-04-30','2020-07-07','2021-01-21','2021-01-25',8,'Completed',1649500.00,'Grant','GAA- CORN Program',NULL,NULL,NULL,NULL,'Agricultural Production Support',NULL,'NCB: All Certified Equipment Trading Corp',1),
(251,'Supply and Delivery of LOT 3: 3 units Combine Harvester with Transport Trailer',8,1,4,'Others','2020-04-30','2020-07-07','2021-01-21','2021-01-25',8,'Completed',5708100.00,'Grant','GAA- CORN Program',NULL,NULL,NULL,NULL,'Agricultural Production Support',NULL,'NCB: GO Traktora Trading',1),
(252,'Supply and Delivery of 2,500 bags GM Hybrid Corn Seed',8,1,4,'Others','2020-05-26','2020-07-03','2021-01-21','2021-01-25',8,'Completed',11875000.00,'Grant','GAA- CORN Program',NULL,NULL,NULL,NULL,'Crop production',NULL,'NCB: Asian Hybrid Seed Technologies, Inc.',1),
(253,'Supply and Delivery of LOT 1: 3 units Four-Wheel Drive Tractor with Implements',8,1,4,'Others','2020-06-15','2020-07-15','2021-01-21','2021-01-25',8,'Completed',6240000.00,'Grant','GAA- CORN Program',NULL,NULL,NULL,NULL,'Agricultural Production Support',NULL,'NCB : Fort Trading Philippines',1),
(254,'Seed Reserve (GM Hybrid)',8,1,4,'Others','2020-08-16','2020-08-31','2021-01-21','2021-01-25',8,'Completed',7488000.00,'Grant','GAA- CORN Program',NULL,NULL,NULL,NULL,'Agricultural Production Support',NULL,'SVP: Asian Hybrid Seed Technologies Inc.',1),
(255,'Improvement of Quadrangle (Phase I)',43,2,2,'By contract','2020-10-07','2021-04-04','2021-01-21','2021-01-21',7,'Ongoing',4989812.63,NULL,NULL,NULL,'Fund 164',NULL,NULL,NULL,'PJMJ Trading and Construction',NULL,NULL),
(256,'Repair/Improvement of Perimeter Fence, Lot 1',43,2,2,'By contract','2020-10-07','2021-01-14','2021-01-21','2021-01-21',7,'Completed',597144.15,NULL,NULL,NULL,'Fund 164',NULL,NULL,NULL,'M.C. Martinez Construction',NULL,NULL),
(257,'Repair and Maintenance: Completion of Front Perimeter Fence, Lot 2',43,2,2,'By contract','2020-10-07','2020-12-05','2021-01-21','2021-01-21',7,'Completed',248947.55,NULL,NULL,'2020-01-06','GAA',NULL,NULL,NULL,'M.C. Martinez Construction',NULL,NULL),
(258,'20E00001 - CONSTRUCTION OF BY-PASS & DIVERSION ROADS, BOAC BYPASS ROAD, MARINDUQUE',15,2,2,'By contract','2020-11-26','2021-11-10','2021-01-21','2021-01-21',7,'Ongoing',187097477.04,NULL,NULL,'2020-12-07','GAA',NULL,NULL,NULL,'MONOLITHIC CONSTRUCTION & CONCRETE PRODUCTS, INC.',NULL,NULL),
(259,'20E00012 - ROAD WIDENING OF PUERTO PRINCESA NORTH ROAD, KO149+308-KO152+765',15,2,2,'By contract','2020-11-26','2021-09-21','2021-01-21','2021-01-21',7,'Ongoing',118211942.75,NULL,NULL,'2020-12-07','GAA',NULL,NULL,NULL,'ONE HUNDRED PERCENT CONSTRUCTION AND DEVELOPMENT CORPORATION',NULL,NULL),
(260,'20E00017 - CONVERGE AND SPECIAL SUPPORT PROGRAM - CONST/IMPRVT OF ACCESS ROADS LEADING TO DECLARED TOURISM DESTINATIONS ACCESS ROAD FROM CORON TOWN PROPER TO BORAC RORO PORT STA. 0+000 - STA. 2+167, CORON, PALAWAN',15,2,2,'By contract','2020-11-26','2021-10-05','2021-01-21','2021-01-21',7,'Ongoing',71720613.74,NULL,NULL,'2020-12-07','GAA',NULL,NULL,NULL,'ONE HUNDRED PERCENT CONSTRUCTION AND DEVELOPMENT CORPORATION',NULL,NULL),
(261,'20E00021 - ROAD WIDENING OF CORON-BUSUANGA ROAD, KO005+124 - KO007+919; KO008+489 - KO009+577.50, CORON, PALAWAN',15,2,2,'By contract','2020-11-26','2021-09-21','2021-01-21','2021-01-21',7,'Ongoing',101640510.88,NULL,NULL,'2020-12-07','GAA',NULL,NULL,NULL,'ONE HUNDRED PERCENT CONSTRUCTION AND DEVELOPMENT CORPORATION',NULL,NULL),
(262,'20E00027 - ROAD WIDENING OF PUERTO PRINCESA SOUTH ROAD K0122+815 - K0126+342; K0126+542 - K0127+893, NARRA, PALAWAN',15,2,2,'By contract','2020-11-26','2021-09-22','2021-01-21','2021-01-21',7,'Ongoing',139182608.50,NULL,NULL,'2020-12-07','GAA',NULL,NULL,NULL,'HARDROCK PLATINUM DEVELOPMENT CORPORATION',NULL,NULL),
(263,'Construction of Coastal Access Road',279,2,4,'By contract','2019-04-08','2020-06-30','2021-01-21','2021-01-21',7,'Completed',140810163.43,NULL,'PPA Corporate Funds',NULL,NULL,NULL,NULL,NULL,NULL,NULL,NULL),
(264,'Disaster Resilience, Awareness and Mitigation for MIMAROPA (DReAM-MIMAROPA)',16,4,1,'By admin','2020-01-01','2021-12-01','2021-01-21','2021-01-21',3,'Completed',772857.60,'Grant',NULL,NULL,NULL,NULL,'COVID19',NULL,NULL,NULL,NULL),
(265,'Construction of Port Operations Building',279,2,4,'By contract','2019-01-16','2020-03-10','2021-01-21','2021-01-21',7,'Completed',79829538.96,'Grant','PPA Corporate Funds',NULL,NULL,NULL,NULL,NULL,NULL,NULL,NULL),
(266,'Construction of Back-Up Area',279,2,4,'By contract','2019-05-16','2020-02-29','2021-01-21','2021-01-21',7,'Completed',36031225.36,NULL,'PPA Corporate Funds',NULL,NULL,NULL,NULL,NULL,NULL,NULL,NULL),
(267,'Construction of R.C. Pier, Platform and Roro Ramp',279,2,4,'By contract','2019-09-02','2020-05-28','2021-01-21','2021-01-21',7,'Completed',36298057.72,NULL,'PPA Corporate Funds',NULL,NULL,NULL,NULL,NULL,NULL,NULL,NULL),
(268,'20E00028 - Road Widening - Secondary Roads - Puerto Princesa South Rd K0 86+331.00 - K0 86+900.00; K0 87+060.00 - K0 90+016.00; K0 94+048.00 - K0 94+564.00, Puerto Princesa, Palawan',15,2,2,'By contract','2020-11-26','2021-09-13','2021-01-22','2021-01-22',7,'Ongoing',115459259.01,'Grant',NULL,'2020-12-07','GAA',NULL,NULL,NULL,'IVY MICHELLE CONSTRUCTION AND TRADING INC./RDF TRADING & CONSTRUCTION (JV)',NULL,NULL),
(269,'20E00029 - Widening of Permanent Bridges, Iwahig Br. (Parallel Bridge) along Puerto Princesa South Rd ; K0019+751.83 - K0020+029.72',15,2,2,'By contract','2020-11-26','2021-11-08','2021-01-22','2021-01-22',7,'Ongoing',141848631.88,NULL,NULL,'2020-12-07','GAA',NULL,NULL,NULL,'KATHA BUILDERS AND SUPPLIES',NULL,NULL),
(270,'20E00033 - Road Widening - Secondary Roads Puerto Princesa North Road - K0020+433 - K0021+307, K0031+950 - K0033+453, Palawan',15,2,2,'By contract','2020-11-26','2021-11-12','2021-01-22','2021-01-22',7,'Ongoing',191610876.24,'Grant',NULL,NULL,'GAA',NULL,NULL,NULL,'A.R. LUSTRE CONSTRUCTION CORPORATION',NULL,NULL),
(271,'20E00030 - Construction of Cruise Port and Facilities,  Package C Palawan',15,2,2,'By contract','2020-11-26','2021-09-21','2021-01-22','2021-01-22',7,'Ongoing',187158127.83,NULL,NULL,'2020-10-26','GAA',NULL,NULL,NULL,'EQUI-PARCO CONSTRUCTION COMPANY',NULL,NULL),
(272,'20E00031 - Construction of Cruise Port and Facilities, Package D',15,2,2,'By contract','2020-11-26','2021-09-21','2021-01-22','2021-01-22',7,'Ongoing',187158342.11,NULL,NULL,NULL,'GAA',NULL,NULL,NULL,'EQUI-PARCO CONSTRUCTION COMPANY',NULL,NULL),
(273,'20E00032 - Construction of Cruise Port and Facilities, Package E, Palawan',15,2,2,'By contract','2020-11-26','2021-09-21','2021-01-22','2021-01-22',7,'Ongoing',187155681.23,NULL,NULL,'2020-10-26','GAA',NULL,NULL,NULL,'EQUI-PARCO CONSTRUCTION COMPANY',NULL,NULL),
(274,'Expansion of Food Testing Services to Support Food Safety Compliance among Street Food Vendors and Producers in Palawan',16,1,1,'By admin','2020-05-06','2021-05-06','2021-01-22','2021-01-22',6,'Ongoing',845404.00,'Grant',NULL,NULL,NULL,NULL,NULL,NULL,NULL,NULL,NULL),
(275,'20E00034 - Road Widening of  Puerto Princesa South Road K0009+462 - K0010+018; K0010+094 - K0010+239 K0010+315 - K0011+635; K0011+705 - K0012+180 K0014+921 - K0015+807; K0027+262 - K0029+962',15,2,2,'By contract','2020-11-26','2021-10-28','2021-01-22','2021-01-22',7,'Ongoing',178749845.00,NULL,NULL,'2020-10-03','GAA',NULL,NULL,NULL,'IVY MICHELLE CONSTRUCTION & TRADING INC./HARDROCK PLATINUM DEVELOPMENT CORPORATION (J.V.)',NULL,NULL),
(276,'20E00044 - Road Widening of Calapan South Road, Bulalacao, Or. Mdo K0168+404 - K0169+104; K0170+879 - K0171+846 K0173+415 - K0174+132; K0174+946 - K0175+057 K0178+300 - K0178+367; K0178+559 - K0180+727',15,2,2,'By contract','2020-11-26','2021-10-21','2021-01-22','2021-01-22',7,'Ongoing',141824134.90,NULL,NULL,'2020-10-31','GAA',NULL,NULL,NULL,'STX ENTERPRISES',NULL,NULL),
(277,'20E00045 - Replacement of Permanent Weak Bridges, Magdiwang Bridge (B00022SY) along Sibuyan Circumferential Road (Phase II) K0057+590 - K0058+080 ; K0057+700 (First App), K0057+990 (second App.), Romblon',15,2,2,'By contract','2020-11-26','2021-07-02','2021-01-22','2021-01-22',7,'Ongoing',33696257.72,NULL,NULL,'2020-10-03','GAA',NULL,NULL,NULL,'PERSAN CONSTRUCTION, INC.',NULL,NULL),
(278,'Improvement and expansion of existing water supply system of Sablayan WD',22,2,4,'By admin','2020-12-10','2022-02-10','2021-01-22','2021-01-22',8,'Ongoing',25.00,NULL,'GAA-2017',NULL,NULL,NULL,NULL,'GAA-2017',NULL,NULL,NULL),
(279,'20E00046 - VIILP - Construction of Access Road from Coron Town Proper to Borac RORO Port, Coron, Palawan Sta 12+435 - Sta 12+850 ; Sta 014+265 - Sta 014+760',15,2,2,'By contract','2020-11-26','2021-09-21','2021-01-22','2021-01-22',7,'Ongoing',30891199.18,NULL,NULL,'2020-10-30','GAA',NULL,NULL,NULL,'ONE HUNDRED PERCENT CONST. & DEV’T CORP.',NULL,NULL),
(281,'Technology Upgrading for Improving Fabrication Equipment and Services of Nonoy\'s Welding Shop',16,5,1,'By contract','2020-01-06','2023-01-06','2021-01-22','2021-01-22',7,'Ongoing',1100000.00,'Grant',NULL,NULL,NULL,NULL,NULL,NULL,'Nonoy\'s Welding Shop',NULL,NULL),
(282,'Vacuum Frying Technology Towards Improved Productivity and Product Quality of Akrishna Agri-Farm',16,1,1,'By contract','2020-04-04','2023-04-04','2021-01-22','2021-01-22',7,'Ongoing',1450000.00,'Grant',NULL,NULL,NULL,NULL,NULL,NULL,'Akrishna Agri Farm',NULL,NULL),
(283,'Fiber Optics Technology for Improving the Cable TV and Internet Services of Ultimate Viewing Cable TV, Inc.',16,5,1,'By contract','2020-05-26','2023-05-26','2021-01-22','2021-01-22',7,'Ongoing',1500006.30,'Grant',NULL,NULL,NULL,NULL,NULL,NULL,'Ultimate Viewing Cable TV Inc.',NULL,NULL),
(284,'Productivity Enhancement for Sanafco Rice Mill Through Multi-Pass Rice Milling Technology',16,1,1,'By contract','2020-05-19','2023-05-19','2021-01-22','2021-01-22',7,'Ongoing',2000000.00,'Grant',NULL,NULL,NULL,NULL,NULL,NULL,'SANAFCO Ricemill',NULL,NULL),
(285,'Process and Product Quality Improvement of Tubo J Sugarcane Products',16,1,1,'By contract','2020-01-29','2023-01-29','2021-01-22','2021-01-22',7,'Ongoing',900000.00,'Grant',NULL,NULL,NULL,NULL,NULL,NULL,'Tubo J Sugarcane Products',NULL,NULL),
(286,'Adoption of Smart Aquaculture Farming System for Agritektura Enterprises',16,1,1,'By contract','2020-02-11','2023-02-11','2021-01-22','2021-01-22',7,'Ongoing',3000000.00,'Grant',NULL,NULL,NULL,NULL,NULL,NULL,'Agritektura Enterprises',NULL,NULL),
(287,'Improvement of Automotive Repair and Maintenance Services of Pyeza Master Trading.',16,5,1,'By contract','2020-01-09','2023-01-09','2021-01-22','2021-01-22',7,'Ongoing',800000.00,'Grant',NULL,NULL,NULL,NULL,NULL,NULL,'Pyeza Master Trading.',NULL,NULL),
(288,'Upgrading Production Line and Packaging Materials of Krizshem\'s Cassava Cake',16,1,1,'By contract','2020-06-01','2023-06-01','2021-01-22','2021-01-22',7,'Ongoing',800000.00,'Grant',NULL,NULL,NULL,NULL,NULL,NULL,'Khizshem\'s Cassava Cake',NULL,NULL),
(289,'Upgrading Production Line and Packaging Materials of Krizshem\'s Cassava Cake',16,1,1,'By contract','2020-06-01','2023-06-01','2021-01-22','2021-01-22',7,'Ongoing',800000.00,'Grant',NULL,NULL,NULL,NULL,NULL,NULL,'Khizshem\'s Cassava Cake',NULL,NULL),
(290,'Facility and Product Quality Enhancement for Krisna\'s Bakeshop',16,5,1,'By contract','2020-01-06','2023-01-06','2021-01-22','2021-01-22',7,'Ongoing',1139000.00,'Grant',NULL,NULL,NULL,NULL,NULL,NULL,'Krisna\'s Bakeshop',NULL,NULL),
(291,'Productivity and Process Improvement of Textile Printing for Herbagen General Merchandise',16,5,1,'By contract','2020-04-02','2023-04-02','2021-01-22','2021-01-22',7,'Ongoing',850000.00,'Grant',NULL,NULL,NULL,NULL,NULL,NULL,'Herbagen General Merchandise',NULL,NULL),
(292,'Productivity Enhancement for Shapes Bakeshop',16,5,1,'By contract','2020-02-20','2023-02-20','2021-01-22','2021-01-22',7,'Ongoing',2645000.00,'Grant',NULL,NULL,NULL,NULL,NULL,NULL,'Shapes Bakeshop',NULL,NULL),
(293,'Upgrading of Rivera\'s Auto Repair Shop',16,5,1,'By contract','2020-01-06','2023-01-06','2021-01-22','2021-01-22',7,'Ongoing',851500.00,'Grant',NULL,NULL,NULL,NULL,NULL,NULL,'Rivera\'s Auto Repair Shop',NULL,NULL),
(294,'Technology Infusion for Productivity Improvement for Cabreros Farm',16,1,1,'By contract','2020-04-04','2023-04-04','2021-01-22','2021-01-22',7,'Ongoing',1995840.00,'Grant',NULL,NULL,NULL,NULL,NULL,NULL,'Cabreros Farm',NULL,NULL),
(295,'Upgrading and Improvement of Printing Services of Galetote T-Shirt Printing Shoppe in Puerto Princesa City, Palawan',16,5,1,'By contract','2020-04-20','2023-04-20','2021-01-22','2021-01-22',7,'Ongoing',1755000.00,'Grant',NULL,NULL,NULL,NULL,NULL,NULL,'Galetote T-Shirt Printing Shoppe',NULL,NULL),
(296,'Upgrading of Printing Technology of Palgraphix Advertising Solution to Support the Local and National Brand Market in Puerto Princesa City Palawan',16,5,1,'By contract','2020-04-20','2023-04-20','2021-01-22','2021-01-22',7,'Ongoing',1500000.00,'Grant',NULL,NULL,NULL,NULL,NULL,NULL,'Palgraphix Advertising Solution',NULL,NULL),
(297,'Productivity and Quality Improvement of Pastry Products of Palawan Baker\'s Hill Corp',16,5,1,'By contract','2020-02-03','2023-02-03','2021-01-22','2021-01-22',7,'Ongoing',2808000.00,'Grant',NULL,NULL,NULL,NULL,NULL,NULL,'Palawan Baker\'s Hill Corp',NULL,NULL),
(298,'Productivity and Quality Improvement for Mass Production of Bread and Pastry of Le Dessert in Puerto Princesa City, Palawan',16,5,1,'By contract','2020-06-01','2023-06-01','2021-01-22','2021-01-22',7,'Ongoing',1460500.00,'Grant',NULL,NULL,NULL,NULL,NULL,NULL,'Le Dessert Cakes and Pastries',NULL,NULL),
(299,'20E00057 - CONSTRUCTION/REPAIR/REHABILITATION/IMPROVEMENT OF VIILP - CALAPAN NORTH ROAD (S00008MR) K0022+500 - K0022+700; K0022+820 - K0022+857.50, CALAPAN, MINDORO ORIENTAL',15,2,2,'By contract','2020-11-26','2021-07-07','2021-01-22','2021-01-22',7,'Ongoing',92106348.69,NULL,NULL,'2020','GAA',NULL,NULL,NULL,'PHESCO, INCORPORATED',NULL,14),
(300,'20E00058 - CONSTRUCTION / REPAIR / REHABILITATION / IMPROVEMENT OF VIILP - CALAPAN NORTH ROAD (S00008MR) K0024+375.00 - K0024+556.10, CALAPAN, MINDORO ORIENTAL',15,2,2,'By contract','2020-11-26','2021-07-31','2021-01-22','2021-01-22',7,'Ongoing',90207527.56,NULL,NULL,'2020','GAA',NULL,NULL,NULL,'PHESCO, INCORPORATED',NULL,14),
(301,'Marinduque Coco Geonet Production and Trading (PRDP I-REAP Sub-project)',8,3,4,'Others','2018-01-18','2021-01-31','2021-01-22','2021-01-22',8,'Ongoing',3338000.00,NULL,'World Bank/LGU',NULL,NULL,NULL,NULL,'Special Project (World Bank Funded)/Foreign Assisted Project',NULL,'shopping, community participation',13),
(302,'20E00059 - CONSTRUCTION / REPAIR / REHABILITATION / IMPROVEMENT OF VIILP - CALAPAN NORTH ROAD (S00008MR) K0036+180.00 - K0036+302.20, CALAPAN, MINDORO ORIENTAL',15,2,2,'By contract','2020-11-26','2021-07-07','2021-01-22','2021-01-22',7,'Ongoing',92107090.15,NULL,NULL,'2020','GAA',NULL,NULL,NULL,'PHESCO, INCORPORATED',NULL,14),
(303,'Malbog Arrowroot Production and Processing PRDP-IREAP Sub-project)',8,5,4,'Others','2017-09-04','2021-03-31','2021-01-22','2021-01-22',8,'Ongoing',972000.00,NULL,'World Bank/LGU',NULL,NULL,NULL,NULL,'Special Project (World Bank Funded)/Foreign Assisted Project',NULL,'shopping, community participation',NULL),
(304,'20E00060 - CONSTRUCTION / REPAIR / REHABILITATION / IMPROVEMENT OF VIILP - CALAPAN NORTH ROAD (S00008MR), K0037+300.00 - K0037+473.10',15,2,2,'By contract','2020-11-26','2020-07-10','2021-01-22','2021-01-22',7,'Ongoing',93056219.25,NULL,NULL,'2020','GAA',NULL,NULL,NULL,'PHESCO, INCORPORATED',NULL,14),
(305,'Arrowroot Production and Processing (PRDP-IREAP Sub-project)',8,5,4,'Others','2019-10-08','2021-04-30','2021-01-22','2021-01-22',8,'Ongoing',6621625.46,NULL,'World Bank/LGU',NULL,NULL,NULL,NULL,'Special Project (World Bank Funded)/Foreign Assisted Project',NULL,'shopping, community participation',NULL),
(306,'Improvement of Community Factory for Nipa Vinegar and Nipa Sugar Production in Calapan City (PRDP-IREAP Sub-project)',8,5,4,'Others','2018-12-21','2021-02-26','2021-01-22','2021-01-22',8,'Ongoing',1000000.00,NULL,'World Bank/LGU',NULL,NULL,NULL,NULL,'Special Project (World Bank Funded)/Foreign Assisted Project',NULL,'shopping, community participation',NULL),
(307,'Turmeric and Ginger Processing (PRDP IREAP Sub-project)',8,5,4,'Others','2019-01-08','2021-02-26','2021-01-22','2021-01-22',8,'Ongoing',951720.00,NULL,'World Bank/LGU',NULL,NULL,NULL,NULL,'Special Project (World Bank Funded)/Foreign Assisted Project',NULL,'shopping, community participation',NULL),
(308,'Oriental Mindoro Nata de Coco Production and Marketing (PRDP-IREAP Sub-project)',8,5,4,'Others','2018-07-09','2021-02-26','2021-01-22','2021-01-22',8,'Ongoing',1000000.00,NULL,'World Bank/LGU',NULL,NULL,NULL,NULL,'Special Project (World Bank Funded)/Foreign Assisted Project',NULL,'shopping, community participation',NULL),
(309,'Veggie Canton Noodles and Veggie Snacks Production and Marketing (PRDP-IREAP Sub-project)',8,5,4,'Others','2019-04-12','2021-01-31','2021-01-22','2021-01-22',8,'Ongoing',710492.00,NULL,'World Bank/LGU',NULL,NULL,NULL,NULL,'Special Project (World Bank Funded)/Foreign Assisted Project',NULL,'shopping, community participation',NULL),
(310,'BUSUANGA PORT DEVELOPMENT PROJECT',280,2,4,'By contract','2019-10-20','2021-01-26','2021-01-22','2021-01-22',8,'Ongoing',19381968.93,NULL,'CY 2015 DOTC TOURISM & SOCIAL REFORM RELATED PORTS PROJECT',NULL,'Corporate',NULL,NULL,'CY 2015 DOTC TOURISM & SOCIAL REFORM RELATED PORTS PROJECT','RCDG CONST. CORPORATION/ HHH DEVELOPER & CONSTRUCTION (JV)',NULL,14),
(311,'Oriental Mindoro Calamansi Processing and Marketing',8,5,4,'Others','2019-09-14','2021-05-31','2021-01-22','2021-01-22',8,'Ongoing',10779125.51,NULL,'World Bank/LGU',NULL,NULL,NULL,NULL,'Special Project (World Bank Funded)/Foreign Assisted Project',NULL,'shopping, community participation',NULL),
(312,'Seaweeds Production and Marketing (PRDP-IREAP Sub-project)',8,5,4,'Others','2019-11-22','2021-02-28','2021-01-22','2021-01-25',8,'Ongoing',12789827.71,'Grant','World Bank/LGU',NULL,NULL,NULL,NULL,'Special Project (World Bank Funded)/Foreign Assisted Project',NULL,'shopping, community participation',NULL),
(313,'Completion of Medical Building (Phase II)',44,3,2,'By contract','2019-06-27','2020-08-21','2021-01-22','2021-01-22',7,'Ongoing',50000000.00,NULL,NULL,'2019','GAA',NULL,NULL,NULL,'JB & Sons Trading & Construction',NULL,9),
(314,'Completion of Medical Building (Phase III)',44,3,2,'By contract','2019-12-26','2019-12-21','2021-01-22','2021-01-22',7,'Ongoing',50000000.00,NULL,NULL,'2019','GAA',NULL,NULL,NULL,'JB & Sons Trading & Construction',NULL,9),
(315,'Completion of Medical Building (Phase IV)',44,3,2,'By contract','2020-11-25','2021-09-20','2021-01-22','2021-01-22',7,'Ongoing',50000000.00,NULL,NULL,'2020','GAA',NULL,NULL,NULL,'JB & Sons Trading & Construction',NULL,9),
(316,'20E00061 - CONSTRUCTION / REPAIR / REHABILITATION / IMPROVEMENT OF VIILP - CALAPAN NORTH ROAD (S00008MR), K0039+700.00 - K0039+868',15,2,2,'By contract','2020-11-26','2021-07-10','2021-01-24','2021-01-24',7,'Ongoing',93056498.65,NULL,NULL,'2020','GAA',NULL,NULL,NULL,'PHESCO, INCORPORATED',NULL,14),
(317,'20E00062 - CONSTRUCTION / REPAIR / REHABILITATION / IMPROVEMENT OF VIILP - CALAPAN NORTH ROAD (S00008MR), K0043+625.00 - K0043+800.40',15,2,2,'By contract','2020-11-26','2020-07-03','2021-01-25','2021-01-25',7,'Ongoing',90207283.22,NULL,NULL,'2020','GAA',NULL,NULL,NULL,'PHESCO, INCORPORATED',NULL,14),
(318,'20E00063 - CONSTRUCTION / REPAIR / REHABILITATION / IMPROVEMENT OF VIILP - CALAPAN NORTH ROAD (S00008MR), K0057+800.00 - K0057+941.80',15,2,2,'By contract','2020-11-26','2020-07-10','2021-01-25','2021-01-25',7,'Ongoing',93056553.90,NULL,NULL,'2020','GAA',NULL,NULL,NULL,'PHESCO, INCORPORATED',NULL,14),
(319,'20E00064 - LIP - CONSTRUCTION OF ROADS WITH SLIP/SLOPE COLLAPSE ALONG CALAPAN NORTH ROAD K0022+950 - K0023+600, CALAPAN, MINDORO ORIENTAL',15,2,2,'By contract','2020-11-26','2021-10-24','2021-01-25','2021-01-25',7,'Ongoing',137416203.82,NULL,NULL,'2020','GAA',NULL,NULL,NULL,'ST. TIMOTHY CONSTRUCTION CORPORATION',NULL,14),
(320,'20E00065 - LIP - CONSTRUCTION OF ROADS WITH SLIPS / SLOPE COLLAPSE ALONG CALAPAN NORTH ROAD, K0040+740 - K0040+974.20, CALAPAN, MINDORO ORIENTAL',15,2,2,'By contract','2020-11-26','2021-10-24','2021-01-25','2021-01-25',7,'Ongoing',137893845.30,NULL,NULL,'2020','GAA',NULL,NULL,NULL,'ST. TIMOTHY CONSTRUCTION CORPORATION',NULL,14),
(321,'20E00066 - LIP - CONSTRUCTION OF ROADS WITH SLIP / SLOPE COLLAPSE ALONG CALAPAN NORTH ROAD K0042+000 - K0042+080; K0042+140.00 - K0042+240; K0042+360.00 - K0042+424.85, CALAPAN, MINDORO ORIENTAL',15,2,2,'By contract','2020-11-26','2021-10-24','2021-01-25','2021-01-25',7,'Ongoing',137924469.46,NULL,NULL,'2020','GAA',NULL,NULL,NULL,'ST. TIMOTHY CONSTRUCTION CORPORATION',NULL,14),
(322,'20E00068 - CONSTRUCTION/REPAIR/REHAB./IMPROVEMENT OF VIILP - CONSTRUCTION OF ACCESS ROAD, NEW QUEZON-CHEEY-SAN JOSE-DECALACHAO ROAD LEADING TO BUSUANGA AIRPORT, STA. 43+867.00-STA. 44+667.00, CORON, PALAWAN',15,2,2,'By contract','2020-11-26','2021-05-07','2021-01-25','2021-01-25',7,'Ongoing',30855585.63,NULL,NULL,'2020','GAA',NULL,NULL,NULL,'ONE HUNDRED PERCENT CONSTRUCTION AND DEVELOPMENT CORPORATION',NULL,14),
(323,'20E00086 - CONSTRUCTION / REPAIR / REHABILITATION / IMPROVEMENT OF VIILP - REHABILITATION OF SLOPE PROTECTION STRUCTURE ALONG TABLAS CIRCUMFERENTIAL ROAD, K0044+427.15 - K0044+480.00',15,2,2,'By contract','2020-11-26','2021-04-12','2021-01-25','2021-01-25',7,'Ongoing',51966731.51,NULL,NULL,'2020','GAA',NULL,NULL,NULL,'ST. TIMOTHY CONSTRUCTION CORPORATION',NULL,14),
(324,'20E00087 - CONSTRUCTION / REPAIR / REHABILITATION / IMPROVEMENT OF VIILP - REHABILITATION OF SLOPE PROTECTION STRUCTURE ALONG TABLAS CIRCUMFERENTIAL RAOD K0043+497.50 - K0043+550, TABLAS, ROMBLON',15,2,2,'By contract','2020-11-26','2021-04-12','2021-01-25','2021-01-25',7,'Ongoing',51980808.45,NULL,NULL,'2020','GAA',NULL,NULL,NULL,'ST. TIMOTHY CONSTRUCTION CORPORATION',NULL,14),
(325,'20E00088 - CONSTRUCTION / REPAIR / REHABILITATION / IMPROVEMENT OF VIILP - REHABILITATION OF SLOPE PROTECTION STRUCTURE ALONG TABLAS CIRCUMFERENTIAL ROAD, K0042+980.00 - K0043+061, TABLAS, ROMBLON',15,2,2,'By contract','2020-11-26','2021-03-09','2021-01-25','2021-01-25',7,'Ongoing',42525851.08,NULL,NULL,'2020','GAA',NULL,NULL,NULL,'ST. TIMOTHY CONSTRUCTION CORPORATION',NULL,14),
(326,'20E00089 - CONSTRUCTION / REPAIR / REHABILITATION / IMPROVEMENT OF VIILP - REHABILITATION OF SLOPE PROTECTION STRUCTURE ALONG TABLAS CIRCUMFERENTIAL ROAD K0044+574.80 - K0044+660.00, TABLAS ROMBLON',15,2,2,'By contract','2020-11-26','2021-03-20','2021-01-25','2021-01-25',7,'Ongoing',47246199.14,NULL,NULL,'2020','GAA',NULL,NULL,NULL,'ST. TIMOTHY CONSTRUCTION CORPORATION',NULL,14),
(327,'20E00095 - CLUSTER 2- PREVENTIVE MAINTENANCE OF ROAD: ASPHALT OVERLAY OF PPSR JCT. (ABO-ABO) - QUEZON, KO129+500.00 - KO130+607.00; KO138+550.00-KO139+568.00, PALAWAN',15,2,2,'By contract','2020-11-26','2021-04-08','2021-01-25','2021-01-25',7,'Ongoing',75629976.43,NULL,NULL,'2020','GAA',NULL,NULL,NULL,'NEWINGTON BUILDERS, INC',NULL,14),
(328,'Adolescent Health & Development Program',48,3,2,'By admin','2020-10-01','2020-12-31','2021-01-25','2021-01-25',7,'Completed',62500.00,'Grant',NULL,NULL,'Others','LCPC Fund',NULL,NULL,NULL,NULL,13),
(329,'Back to School Program for Child Laborers',48,3,2,'By admin','2020-10-01','2020-12-31','2021-01-25','2021-01-25',7,'Completed',1075310.00,'Grant',NULL,NULL,'Others','LCPC Fund',NULL,NULL,NULL,NULL,13),
(330,'20E00102 - CLUSTER 8- REHAB./RECONST. OF ROADS WITH SLIPS, SLOPE COLLAPSE & LANDSLIDE ALONG SAN JOSE-PORT BARTON ROAD SECTION, KO010+711.40-KO010+795; KO013+060-KO013+122.50; KO013+140-KO013+210; KO013+250-KO013+336.30, PALAWAN',15,2,2,'By contract','2020-11-26','2021-03-13','2021-01-25','2021-01-25',7,'Ongoing',150887762.22,NULL,NULL,'2020','GAA',NULL,NULL,NULL,'NORTHERN BUILDERS',NULL,14),
(331,'Livelihood Program (PCPC)',48,3,2,'By admin','2020-10-01','2020-10-31','2021-01-25','2021-01-25',7,'Completed',2998458.80,'Grant',NULL,NULL,'Others','LCPC Fund',NULL,NULL,NULL,NULL,13),
(332,'Child and Youth Welfare Program',48,3,4,'By admin','2020-10-01','2020-12-31','2021-01-25','2021-01-25',7,'Completed',227250.00,NULL,'LCPC Fund',NULL,NULL,NULL,NULL,NULL,NULL,NULL,13),
(333,'Livelihood Program for Solo Parents',48,3,2,'By admin','2020-10-01','2020-12-31','2021-01-25','2021-01-25',7,'Completed',397000.00,NULL,NULL,NULL,'Others','GAD Fund',NULL,NULL,NULL,NULL,13),
(334,'Livelihood Program for Senior Citizens',48,3,2,'By admin','2020-10-01','2020-12-31','2021-01-25','2021-01-25',7,'Completed',397000.00,NULL,NULL,NULL,'Others','SC/PWD Fund',NULL,NULL,NULL,NULL,13),
(336,'Livelihood Program for PWDs',48,3,2,'By admin','2020-10-01','2020-12-31','2021-01-25','2021-01-25',7,'Completed',256000.00,'Grant',NULL,NULL,NULL,NULL,NULL,NULL,NULL,NULL,13),
(337,'ECCD Program',48,3,2,'By admin','2020-10-01','2020-12-31','2021-01-25','2021-01-25',7,'Completed',1627950.00,NULL,NULL,NULL,'Others','LCPC Fund',NULL,NULL,NULL,NULL,13),
(341,'Provision of various medical equipment for the Province of Palawan',12,5,2,'By contract','2020-12-10','2021-03-10','2021-01-25','2021-01-25',7,'Ongoing',2500000.00,NULL,NULL,'2019','GAA',NULL,NULL,NULL,'Alvez Commercial Inc.',NULL,NULL),
(342,'20E00103 - CLUSTER 9- REHAB./RECONST. OF ROADS WITH SLIPS, SLOPE COLLAPSE & LANDSLIDE ALONG SAN JOSE-PORT BARTON ROAD SECTION, KO014+118.90- KO014+200; KO014+840- KO014+921.40; KO015+232- KO015+291.90; KO015+156.50- KO015+220.00, PALAWAN',15,2,2,'By contract','2020-11-26','2021-03-26','2021-01-25','2021-01-25',7,'Ongoing',151012779.34,'Grant',NULL,'2020','GAA',NULL,NULL,NULL,'NORTHERN BUILDERS',NULL,14),
(343,'Supply and Delivery of 8 units Hand Tractor',8,1,4,'Others','2020-08-01','0001-01-01','2021-01-25','2021-01-25',8,'Completed',1199200.00,'Grant','GAA-Foreign Assisted Projects -SAAD',NULL,NULL,NULL,NULL,'Agricultural Production Support',NULL,'NCB: 3R Metal Craft',1),
(344,'20E00104 - CLUSTER 10- REHAB./RECONST. OF ROADS WITH SLIPS, SLOPE COLLAPSE & LANDSLIDE ALONG SAN JOSE-PORT BARTON ROAD SECTION, KO015+415.00- KO015+456.80; KO015+723- KO015+770.00; KO016+315- KO016+380.10; KO016+770.00- KO016+830.00, PALAWAN',15,2,2,'By contract','2020-11-26','2021-03-26','2021-01-25','2021-01-25',7,'Ongoing',146942540.72,NULL,NULL,'2020','GAA',NULL,NULL,NULL,'NORTHERN BUILDERS',NULL,14),
(345,'Supply and Delivery of 1 unit  Hauling Truck for DA-RIARC',8,1,4,'Others','2020-12-25','2020-12-25','2021-01-25','2021-01-25',8,'Completed',1495000.00,'Grant','GAA- HVCDP (Regular)',NULL,NULL,NULL,NULL,'Agricultural Production Support',NULL,'NCB: MBT Autoworx Corporation',1),
(346,'Supply and Delivery of 30 heads Cattle Brahman (Heifer)',8,1,4,'Others','2020-12-25','2020-12-25','2021-01-25','2021-01-25',8,'Completed',1498500.00,NULL,'GAA- Livestock Program',NULL,NULL,NULL,NULL,'Animal dispersal',NULL,'NCB, JADECO Farm',1),
(347,'Supply and Delivery of Assorted Animal Feeds',8,1,4,'Others','2020-04-30','0001-01-01','2021-01-25','2021-01-25',8,'Ongoing',1345950.00,NULL,'GAA- Livestock Program',NULL,NULL,NULL,NULL,'Animal feeds',NULL,'NCB: Sorosoro Ibaba Development Cooperative',1),
(348,'Supply and Delivery of Livestock Drugs and Medicines',8,1,4,'Others','2020-04-29','2020-09-25','2021-01-25','2021-01-25',8,'Completed',1280495.00,NULL,'GAA- Livestock Program',NULL,NULL,NULL,NULL,'Animal Health Services',NULL,'NCB: JTM Enterprises',1),
(349,'Supply and Delivery of 92 heads Cattle Brahman (heifer)',8,1,4,'Others','2020-09-24','2020-11-27','2021-01-25','2021-01-25',8,'Completed',4595400.00,NULL,'GAA-Livestock Program',NULL,NULL,NULL,NULL,'Animal dispersal',NULL,'NCB:JADECO Farms',1),
(350,'Completion of Sta. Cruz RHU II Phase 2',12,2,2,'By contract','2020-02-03','2020-11-03','2021-01-25','2021-01-25',8,'Ongoing',7500000.00,NULL,NULL,'2017','GAA',NULL,NULL,'Completion of Facility','Performance Builders and Developers Corporation',NULL,18),
(351,'20E00105 - CLUSTER 11- REHAB./RECONST. OF ROADS WITH SLIPS, SLOPE COLLAPSE & LANDSLIDE ALONG SAN JOSE-PORT BARTON ROAD SECTION, KO017+000-KO017+071; KO017+100-KO017+161.80; KO018+307.90-KO018+427.00, PALAWAN',15,2,2,'By contract','2020-11-26','2021-03-13','2021-01-25','2021-01-25',7,'Ongoing',113381592.57,NULL,NULL,'2020','GAA',NULL,NULL,NULL,'ARCINUE COMM\'L CORPORATION',NULL,14),
(352,'20E00106 - CLUSTER 12- REHAB./RECONST. OF ROADS WITH SLIPS, SLOPE COLLAPSE & LANDSLIDE ALONG LANGOGAN-ROXAS ROAD SECTION, KO098+160-KO098+330.00; KO099+480-KO099+570; KO099+730-KO099+830.30, PALAWAN',15,2,2,'By contract','2020-11-26','2021-06-20','2021-01-25','2021-01-25',7,'Ongoing',139079637.10,NULL,NULL,'2020','GAA',NULL,NULL,NULL,'NORTHERN BUILDERS / MSV CONSTRUCTION AND SUPPLIES (JV)',NULL,14),
(353,'20E00107 - CLUSTER 13- REHAB./RECONST. OF ROADS WITH SLIPS, SLOPE COLLAPSE & LANDSLIDE ALONG LANGOGAN-ROXAS ROAD SECTION, KO100+310-KO100+440.00; KO101+120-KO101+202.90; KO104+060-KO104+160; KO104+560-KO104+704.10, PALAWAN',15,2,2,'By contract','2020-11-26','2021-08-12','2021-01-25','2021-01-25',7,'Ongoing',178409960.86,NULL,NULL,'2020','GAA',NULL,NULL,NULL,'NORTHERN BUILDERS / MSV CONSTRUCTION AND SUPPLIES (JV)',NULL,14),
(354,'20E00108 - CLUSTER 14- REHAB./RECONST. OF ROADS WITH SLIPS, SLOPE COLLAPSE & LANDSLIDE ALONG LANGOGAN-ROXAS ROAD SECTION, KO104+780-KO104+860; KO105+180-KO105+282; KO105+500-KO105+560.00, PALAWAN',15,2,2,'By contract','2020-11-26','2021-06-20','2021-01-25','2021-01-25',7,'Ongoing',99209936.50,NULL,NULL,'2020','GAA',NULL,NULL,NULL,'NORTHERN BUILDERS / MSV CONSTRUCTION AND SUPPLIES (JV)',NULL,14),
(355,'Concreting of Employees Village Phase III',53,2,2,'By admin','2020-09-29','2021-01-26','2021-01-25','2021-01-25',7,'Ongoing',9950000.00,NULL,NULL,NULL,'20% Development Fund',NULL,NULL,NULL,NULL,NULL,19),
(356,'Concreting of Santan Road at City Employees Village',53,2,2,'By admin','2020-09-29','2020-12-12','2021-01-25','2021-01-25',7,'Ongoing',6457000.00,NULL,NULL,NULL,'20% Development Fund',NULL,NULL,NULL,NULL,NULL,19),
(357,'Rehabilitation of Purok Masunurin Road to Purok Kakkbayan',53,2,2,'By admin','2020-09-29','2021-01-11','2021-01-25','2021-01-25',7,'Ongoing',10647500.00,NULL,NULL,NULL,'20% Development Fund',NULL,NULL,NULL,NULL,NULL,19),
(358,'Construction of Double Barrel RC Box Culvert with Approach Pavement, Bgy. Sta. Lourdes',53,2,2,'By admin','2020-10-12','2021-02-08','2021-01-25','2021-01-25',7,'Ongoing',5533500.00,NULL,NULL,NULL,'20% Development Fund',NULL,NULL,NULL,NULL,NULL,19),
(359,'Construction of City Health Medical Complex Phase II',53,3,2,'By contract','2020-11-30','2021-11-24','2021-01-25','2021-01-25',7,'Ongoing',89792051.71,NULL,NULL,NULL,'20% Development Fund',NULL,NULL,NULL,'GSMAXX CONSTRUCTION',NULL,12),
(360,'Construction of Isolation Facility / DRRMO Facility',53,3,2,'By contract','2020-07-21','2021-01-16','2021-01-25','2021-01-25',7,'Ongoing',54453203.88,NULL,NULL,NULL,'20% Development Fund',NULL,NULL,NULL,'GSMAXX CONSTRUCTION',NULL,12),
(361,'Concreting of Road from Church to Highway',53,2,2,'By admin','2020-10-12','2020-11-20','2021-01-25','2021-01-25',7,'Ongoing',4066570.23,NULL,NULL,NULL,'20% Development Fund',NULL,NULL,NULL,NULL,NULL,19),
(362,'Concreting of San Carlos Road Phase III',53,2,2,'By admin','2020-11-09','2021-01-29','2021-01-25','2021-01-25',7,'Ongoing',13616481.83,NULL,NULL,NULL,'20% Development Fund',NULL,NULL,NULL,NULL,NULL,19),
(363,'Construction of Various BHS in the Province of Palawan',12,2,2,'By contract','2018-03-23','2020-02-28','2021-01-25','2021-01-25',8,'Ongoing',17553736.11,NULL,NULL,'2017','GAA',NULL,NULL,'New Construction','Reinastar Trading and Construction Supply',NULL,18),
(364,'Completion of Four (4) Storey Archtecture Building (Phase II)',44,3,2,'By contract','2019-07-25','2020-08-20','2021-01-26','2021-01-26',7,'Ongoing',35000000.00,NULL,NULL,NULL,'Fund 164',NULL,NULL,NULL,'JB & Sons Trading & Construction',NULL,9),
(365,'Completion of Four (4) Storey Archtecture Building (Phase III)',44,3,2,'By contract','2020-12-24','2021-10-20','2021-01-26','2021-01-26',7,'Ongoing',35000000.00,NULL,NULL,'2020','GAA',NULL,NULL,NULL,NULL,NULL,9),
(366,'Construction of Three (3) Storey Student Center (Phase III)',44,3,2,'By contract','2020-11-25','2020-06-23','2021-01-26','2021-01-26',7,'Ongoing',12000000.00,NULL,NULL,'2020','GAA',NULL,NULL,NULL,NULL,NULL,9),
(367,'Construction of School Building',18,3,4,'By contract','2020-08-28','2021-02-28','2021-01-26','2021-01-26',8,'Ongoing',40048420.00,NULL,'Performance Challenge Fund',NULL,NULL,NULL,NULL,'Incentive Program',NULL,NULL,9),
(368,'Improvement of Sanitary Landfill (Construction of Materials Recovery Facility and Installation of Power Lines)',18,2,4,'By contract','2020-10-24','2021-02-28','2021-01-26','2021-01-26',8,'Ongoing',2300000.00,'Grant','Performance Challenge Fund',NULL,NULL,NULL,NULL,'Incentive Program',NULL,NULL,19),
(369,'Acquisition of Emergency Transport Vehicle',18,5,4,'By contract','2020-06-29','2020-11-17','2021-01-26','2021-01-26',8,'Completed',2300000.00,'Grant','Performance Challenge Fund',NULL,NULL,NULL,NULL,'Incentive Program',NULL,NULL,NULL),
(370,'Concreting of Local Access Road/ Farm to Market Road',18,2,4,'By contract','2020-08-21','2021-02-28','2021-01-26','2021-01-26',8,'Ongoing',2300000.00,NULL,'Performance Challenge Fund',NULL,NULL,NULL,NULL,'Incentive Program',NULL,NULL,14),
(372,'Construction of 22 LM Line Canal with Cover, Box Culvert Transition and Manhole',18,2,4,'By contract','2020-09-21','2021-02-28','2021-01-26','2021-01-26',8,'Ongoing',2300000.00,NULL,'Performance Challenge Fund',NULL,NULL,NULL,NULL,'Incentive Program',NULL,NULL,19),
(373,'Construction of New San Agustin Dry Market Phase 2 (2nd Floor)',18,1,4,'By admin','2020-06-01','2020-11-15','2021-01-26','2021-01-26',8,'Completed',2300000.00,NULL,'Performance Challenge Fund',NULL,NULL,NULL,NULL,'Incentive Program',NULL,NULL,5),
(375,'Construction of Fishport/ Boat Landing',18,2,4,'By contract','2020-10-12','2021-02-28','2021-01-26','2021-01-26',8,'Ongoing',1000000.00,NULL,'Performance Challenge Fund',NULL,NULL,NULL,NULL,'Incentive Program',NULL,NULL,14),
(376,'Design and Build for the Completion of Various Health Facilities in the Province of Oriental Mindoro',12,2,2,'By contract','2018-10-29','2021-06-30','2021-01-26','2021-01-26',7,'Ongoing',68604782.00,NULL,NULL,'2018','GAA',NULL,NULL,NULL,'JTA Builders',NULL,18),
(377,'Completion of Calatrava RHU- Phase 2',12,2,2,'By contract','2020-07-02','2020-10-31','2021-01-26','2021-01-26',7,'Completed',1140813.01,'Grant',NULL,'2018','GAA',NULL,NULL,NULL,'Nolan Construction',NULL,18),
(378,'Repair/Rehabilitation of Main Building and Completion of Wards',12,2,2,'By contract','2020-11-25','2021-03-05','2021-01-26','2021-01-26',7,'Ongoing',5738862.91,NULL,NULL,'2018','GAA',NULL,NULL,NULL,'EMQ Design and Construction',NULL,18),
(379,'Riprapping of Central Library, CEAT Laboratory and Amphitheatre Building',44,3,2,'By contract','2020-03-16','2020-10-13','2021-01-26','2021-01-26',7,'Ongoing',4000000.00,NULL,NULL,NULL,'Fund 164',NULL,NULL,NULL,'Kayano Trading & Construction',NULL,9),
(380,'Construction of Cistern Tank with Fire on Various Buildings (20 Classroom, Amphitheater, CHMT Annex, 3-Storey Dormitory)',44,3,2,'By contract','2020-03-16','2020-08-14','2021-01-26','2021-01-26',7,'Ongoing',3000000.00,NULL,NULL,NULL,'Fund 164',NULL,NULL,NULL,'Kayano Trading & Construction',NULL,9),
(381,'Concreting of BarangayRoad of Sitio Sader, Bgy. Bantulan',50,2,4,'Others','2015-10-13','2015-12-12','2021-01-26','2021-01-26',7,'Ongoing',1000000.00,'Grant','20% Development Fund - 100M (2015)',NULL,NULL,NULL,NULL,NULL,NULL,'Bidding',14),
(382,'Rehabilitation of Hanging Bridge at Brgy. Bucana, El Nido',50,2,4,'Others','2015-10-21','2016-01-19','2021-01-26','2021-01-26',7,'Ongoing',0.00,NULL,'20% Development Fund (2015)',NULL,NULL,NULL,NULL,NULL,NULL,'Bidding',14),
(383,'Rehabilitation/Renovation/Upgrading of Old Science Laboratory Building',42,2,4,'By contract','2019-08-13','2020-05-13','2021-01-26','2021-01-26',7,'Completed',22000000.00,'Grant','GAA',NULL,NULL,NULL,NULL,NULL,'Karangyan Builders and Traders',NULL,18),
(384,'Rehabilitation/Renovation/Upgrading of Education Building',42,2,4,'By contract','2019-08-13','2020-05-13','2021-01-26','2021-01-26',7,'Completed',22000000.00,NULL,'GAA',NULL,NULL,NULL,NULL,NULL,'Karangyan Builders and Traders',NULL,18),
(385,'Provincial Anti-Drug Abuse Program',50,3,2,'Others','2020-01-01','2020-12-31','2021-01-26','2021-01-26',8,'Ongoing',10799514.83,NULL,NULL,NULL,'Others','Locally Funded Projects',NULL,'Locally Funded',NULL,'By Governors Offices accomplishments',12),
(386,'Muslim Communities for Peace & Progress/Social Infrastructure Program',50,3,2,'Others','2020-01-01','2020-12-31','2021-01-26','2021-01-26',8,'Ongoing',5075700.00,NULL,NULL,NULL,'Others','Locally Funded Projects',NULL,'Locally Funded',NULL,'By Governors Offices accomplishments',13),
(387,'Palawan Rescue 165',50,3,2,'Others','2020-01-01','2020-12-31','2021-01-26','2021-01-26',8,'Ongoing',53064938.12,NULL,NULL,NULL,'Others','Locally Funded Projects',NULL,'Locally Funded',NULL,'By Offices accomplishments',13),
(388,'Renovation/Rehabilitation/Upgrading of Library Building',42,2,4,'By contract','2019-07-11','2020-03-11','2021-01-26','2021-01-26',7,'Completed',12000000.00,'Grant','GAA',NULL,NULL,NULL,NULL,NULL,'Karangyan Builders and Traders',NULL,18),
(389,'PAG-ASA Program (Burial Assistance)',50,3,2,'Others','2020-01-01','2020-12-31','2021-01-26','2021-01-26',8,'Ongoing',16125326.38,NULL,NULL,NULL,'Others','Locally Funded Projects',NULL,'Locally Funded',NULL,'By Governors Office',13),
(390,'Palawan Culture & Arts Program',50,3,2,'Others','2020-01-01','2020-12-31','2021-01-26','2021-01-26',8,'Ongoing',6619527.92,NULL,NULL,NULL,'Others','Locally Funded Projects',NULL,'Locally Funded',NULL,'By Governors Office',9),
(391,'Renovation/Improvement/Upgrading of Academic Buildings and Provision of Facilities for Persons with Disabilities',42,2,4,'By contract','2019-07-11','2020-05-31','2021-01-26','2021-01-26',7,'Ongoing',15000000.00,NULL,'GAA',NULL,NULL,NULL,NULL,NULL,'Karangyan Builders and Traders',NULL,18),
(392,'I-Help Education',50,3,2,'Others','2020-01-01','2020-12-31','2021-01-26','2021-01-26',8,'Ongoing',32927117.75,NULL,NULL,NULL,'Others','Locally Funded Projects',NULL,'Locally Funded',NULL,'By Governors Office',9),
(393,'Kalinga sa Palaweño',50,3,2,'Others','2020-01-01','2020-12-31','2021-01-26','2021-01-26',8,'Ongoing',2580525.81,NULL,NULL,NULL,'Others','Locally Funded Projects',NULL,'Locally Funded',NULL,'By Office of Community Affairs Division',13),
(394,'Renovation/Improvement/Upgrading of Multi-purpose Gymnasium and Student Activity Center including Ventilation',42,2,4,'By contract','2019-08-13','2020-05-13','2021-01-26','2021-01-26',7,'Ongoing',30000000.00,NULL,'GAA',NULL,NULL,NULL,NULL,NULL,'Karangyan Builders and Traders',NULL,18),
(395,'Rehabilitation/Renovation/Upgrading of General Education Building',42,2,4,'By contract','2019-08-13','2020-05-13','2021-01-26','2021-01-26',7,'Completed',22000000.00,NULL,'GAA',NULL,NULL,NULL,NULL,NULL,'F. Sugay Construction and Supplies',NULL,18),
(396,'Rehabilitation/Renovation/Upgrading of Hotel and Restaurant Management/Hotel and Tourism Management (HRM/HTM) Laboratory Building',42,2,4,'By contract','2019-08-13','2020-05-13','2021-01-26','2021-01-26',7,'Ongoing',22000000.00,NULL,'GAA',NULL,NULL,NULL,NULL,NULL,'R.G. Diaz Builders and TRading',NULL,18),
(397,'Renovation/Rehabilitation/Upgrading of Fishery Laboratory Building',42,2,4,'By contract','2019-07-11','2020-03-11','2021-01-26','2021-01-26',7,'Completed',12000000.00,NULL,'GAA',NULL,NULL,NULL,NULL,NULL,'R.G. Diaz Builders and Trading',NULL,18),
(398,'Renovation/Improvement/Upgrading of Science Laboratories',42,2,4,'By contract','2019-07-11','2020-01-11','2021-01-26','2021-01-26',7,'Completed',5000000.00,NULL,'GAA',NULL,NULL,NULL,NULL,NULL,'Karangyan Builders and Traders',NULL,18),
(399,'Renovation/Improvement/Upgrading of Academic Building, Fabrication and Installation of Grills at the Technology Building',42,2,4,'By contract','2019-07-11','2020-01-11','2021-01-26','2021-01-26',7,'Ongoing',8000000.00,NULL,'GAA',NULL,NULL,NULL,NULL,NULL,'R.G. Diaz Builders and Trading',NULL,18),
(400,'Upgrading of Academic Building, Fabrication and Installation of Grills at the Agriculture Ecology Laboratory Building',42,2,4,'By contract','2019-07-11','2020-01-11','2021-01-26','2021-01-26',7,'Ongoing',8000000.00,NULL,'GAA',NULL,NULL,NULL,NULL,NULL,'Karangyan Builders and Traders',NULL,18),
(401,'Hospital Development and Management Program',50,3,2,'Others','2020-01-01','2020-12-31','2021-01-26','2021-01-26',8,'Ongoing',127790429.51,NULL,NULL,NULL,'Others','Locally Funded Projects',NULL,'Locally Funded',NULL,'By Governors Office',13),
(402,'Provincial Nutrition Program',50,3,2,'Others','2020-01-01','2020-12-31','2021-01-26','2021-01-26',8,'Ongoing',2580525.81,NULL,NULL,NULL,'Others','Locally Funded Projects',NULL,'Locally Funded',NULL,'By Provincial Health Office',12),
(403,'Greater  Access To Medicine On Time (GAMOT) Project',50,3,2,'By admin','2020-01-01','2020-12-31','2021-01-26','2021-01-26',8,'Ongoing',7702283.96,NULL,NULL,NULL,'Others','Locally Funded Projects',NULL,'Locally Funded',NULL,'By',13),
(404,'Social Health Insurance Program/PhilHealth Premium',50,3,2,'Others','2020-01-01','2020-12-31','2021-01-26','2021-01-26',8,'Ongoing',5059499.45,NULL,NULL,NULL,'Others','Locally Funded Projects',NULL,'Locally Funded',NULL,'By Office of Provincial Social Welfare and Development',12),
(405,'Construction of Dormitory',42,2,4,'By contract','2020-08-17','2021-04-15','2021-01-26','2021-01-26',7,'Ongoing',10000000.00,NULL,'GAA',NULL,NULL,NULL,NULL,NULL,'Karangyan Builders and Traders',NULL,18),
(406,'Public Welfare Program',50,3,2,'Others','2020-01-01','2020-12-31','2021-01-26','2021-01-26',7,'Ongoing',22357136.92,NULL,NULL,NULL,'Others','Locally Funded Projects',NULL,NULL,NULL,'By Provincial Social Welfare and Development Office',13),
(407,'Program for Youth',50,3,2,'Others','2020-01-01','2020-12-31','2021-01-26','2021-01-26',7,'Ongoing',20594.31,NULL,NULL,NULL,'Others','Locally Funded Projects',NULL,NULL,NULL,'By Office of Provincial Social Welfare and Development',13),
(408,'Comprehensive Local Juvenile Intervention',50,3,2,'Others','2020-01-01','2020-12-31','2021-01-26','2021-01-26',7,'Ongoing',16500.00,NULL,NULL,NULL,'Others','Locally Funded Projects',NULL,NULL,NULL,'By Office of Provincial Social Welfare and Development',13),
(409,'Rehabilitation/Upgrading/Expansion of Athletic Field',42,2,4,'By contract','2020-09-14','2020-12-23','2021-01-26','2021-01-26',7,'Ongoing',10000000.00,NULL,'GAA',NULL,NULL,NULL,NULL,NULL,'Karangyan Builders and Traders',NULL,18),
(410,'Fencing of Research Area including Demo-Farm and Field Laboratory Farm for Agriculture, Technology and Fishery',42,2,4,'By contract','2020-07-02','2021-01-28','2021-01-26','2021-01-26',7,'Ongoing',15000000.00,NULL,'GAA',NULL,NULL,NULL,NULL,NULL,'Karangyan Builders and Traders (Victoria) and Twenty Sixteen Construction and Gen. Merchandise (Calapan and Bongabong)',NULL,18),
(411,'Extension of Perimeter Fence',42,2,4,'By contract','2020-09-30','2020-12-29','2021-01-26','2021-01-26',7,'Ongoing',5000000.00,NULL,'GAA',NULL,NULL,NULL,NULL,NULL,'KRSJ Construction and General Services',NULL,18),
(412,'Bahay PAG-ASA Youth Center',50,3,2,'Others','2020-01-01','2020-12-31','2021-01-26','2021-01-26',7,'Ongoing',3926696.80,NULL,NULL,NULL,'Others','Locally Funded Projects',NULL,NULL,NULL,'By Office of Provincial Social Welfare and Development',13);

/*Table structure for table `provinces` */

DROP TABLE IF EXISTS `provinces`;

CREATE TABLE `provinces` (
  `id` int(11) NOT NULL AUTO_INCREMENT,
  `province` varchar(20) DEFAULT NULL,
  PRIMARY KEY (`id`)
) ENGINE=InnoDB AUTO_INCREMENT=6 DEFAULT CHARSET=utf8mb4;

/*Data for the table `provinces` */

insert  into `provinces`(`id`,`province`) values 
(1,'Occidental Mindoro'),
(2,'Oriental Mindoro'),
(3,'Marinduque'),
(4,'Romblon'),
(5,'Palawan');

/*Table structure for table `provincesprojects` */

DROP TABLE IF EXISTS `provincesprojects`;

CREATE TABLE `provincesprojects` (
  `id` int(10) NOT NULL AUTO_INCREMENT,
  `province_id` int(1) DEFAULT NULL,
  `proj_id` int(10) DEFAULT NULL,
  `created_at` datetime DEFAULT NULL,
  `updated_at` datetime DEFAULT NULL,
  PRIMARY KEY (`id`)
) ENGINE=InnoDB AUTO_INCREMENT=594 DEFAULT CHARSET=utf8mb4;

/*Data for the table `provincesprojects` */

insert  into `provincesprojects`(`id`,`province_id`,`proj_id`,`created_at`,`updated_at`) values 
(1,1,100,'2021-01-12 01:47:37','2021-01-12 01:47:37'),
(2,3,100,'2021-01-12 01:47:37','2021-01-12 01:47:37'),
(5,2,1,'2021-01-18 01:00:39','2021-01-18 01:00:39'),
(6,2,2,'2021-01-18 01:57:07','2021-01-18 01:57:07'),
(7,1,3,'2021-01-18 02:05:30','2021-01-18 02:05:30'),
(8,2,4,'2021-01-18 04:56:47','2021-01-18 04:56:47'),
(9,4,5,'2021-01-18 05:00:27','2021-01-18 05:00:27'),
(10,3,6,'2021-01-18 05:12:26','2021-01-18 05:12:26'),
(11,1,8,'2021-01-18 05:56:32','2021-01-18 05:56:32'),
(12,1,9,'2021-01-18 05:57:48','2021-01-18 05:57:48'),
(13,1,10,'2021-01-18 05:58:22','2021-01-18 05:58:22'),
(14,1,11,'2021-01-18 06:03:28','2021-01-18 06:03:28'),
(15,2,12,'2021-01-18 06:05:57','2021-01-18 06:05:57'),
(16,2,13,'2021-01-18 06:11:28','2021-01-18 06:11:28'),
(17,2,14,'2021-01-18 06:17:07','2021-01-18 06:17:07'),
(18,1,15,'2021-01-18 06:18:13','2021-01-18 06:18:13'),
(19,1,16,'2021-01-18 06:18:33','2021-01-18 06:18:33'),
(20,1,17,'2021-01-18 06:18:56','2021-01-18 06:18:56'),
(21,1,18,'2021-01-18 06:20:20','2021-01-18 06:20:20'),
(22,1,19,'2021-01-18 06:25:09','2021-01-18 06:25:09'),
(23,2,20,'2021-01-18 06:25:38','2021-01-18 06:25:38'),
(24,5,21,'2021-01-18 06:29:40','2021-01-18 06:29:40'),
(25,5,22,'2021-01-18 06:31:18','2021-01-18 06:31:18'),
(26,5,23,'2021-01-18 06:33:07','2021-01-18 06:33:07'),
(27,1,24,'2021-01-18 06:35:39','2021-01-18 06:35:39'),
(28,4,25,'2021-01-18 06:36:31','2021-01-18 06:36:31'),
(29,3,26,'2021-01-18 06:36:46','2021-01-18 06:36:46'),
(30,3,27,'2021-01-18 06:39:06','2021-01-18 06:39:06'),
(33,1,28,'2021-01-18 06:39:31','2021-01-18 06:39:31'),
(34,1,29,'2021-01-18 06:45:58','2021-01-18 06:45:58'),
(35,1,30,'2021-01-18 06:47:12','2021-01-18 06:47:12'),
(36,2,31,'2021-01-18 06:49:11','2021-01-18 06:49:11'),
(37,2,32,'2021-01-18 06:53:19','2021-01-18 06:53:19'),
(38,1,33,'2021-01-18 06:53:19','2021-01-18 06:53:19'),
(39,1,34,'2021-01-18 06:54:28','2021-01-18 06:54:28'),
(40,4,35,'2021-01-18 06:57:57','2021-01-18 06:57:57'),
(41,5,36,'2021-01-18 06:58:49','2021-01-18 06:58:49'),
(42,1,37,'2021-01-18 06:59:22','2021-01-18 06:59:22'),
(43,4,38,'2021-01-18 07:01:21','2021-01-18 07:01:21'),
(44,1,39,'2021-01-18 07:01:26','2021-01-18 07:01:26'),
(45,2,40,'2021-01-18 07:03:22','2021-01-18 07:03:22'),
(46,1,41,'2021-01-18 07:07:18','2021-01-18 07:07:18'),
(47,1,42,'2021-01-18 07:07:45','2021-01-18 07:07:45'),
(48,1,43,'2021-01-18 07:07:51','2021-01-18 07:07:51'),
(49,3,44,'2021-01-18 07:09:23','2021-01-18 07:09:23'),
(50,1,45,'2021-01-18 07:10:11','2021-01-18 07:10:11'),
(51,1,46,'2021-01-18 07:12:45','2021-01-18 07:12:45'),
(52,1,47,'2021-01-18 07:14:55','2021-01-18 07:14:55'),
(53,2,48,'2021-01-18 07:16:02','2021-01-18 07:16:02'),
(54,1,49,'2021-01-18 07:18:57','2021-01-18 07:18:57'),
(55,2,50,'2021-01-18 07:19:17','2021-01-18 07:19:17'),
(56,4,51,'2021-01-18 07:19:30','2021-01-18 07:19:30'),
(57,1,52,'2021-01-18 07:19:56','2021-01-18 07:19:56'),
(58,2,52,'2021-01-18 07:19:56','2021-01-18 07:19:56'),
(59,1,53,'2021-01-18 07:20:47','2021-01-18 07:20:47'),
(60,1,54,'2021-01-18 07:21:02','2021-01-18 07:21:02'),
(61,2,54,'2021-01-18 07:21:02','2021-01-18 07:21:02'),
(62,3,54,'2021-01-18 07:21:02','2021-01-18 07:21:02'),
(63,4,54,'2021-01-18 07:21:02','2021-01-18 07:21:02'),
(64,5,54,'2021-01-18 07:21:02','2021-01-18 07:21:02'),
(65,1,55,'2021-01-18 07:24:38','2021-01-18 07:24:38'),
(66,2,56,'2021-01-18 07:25:10','2021-01-18 07:25:10'),
(67,5,57,'2021-01-18 07:29:44','2021-01-18 07:29:44'),
(68,1,58,'2021-01-18 07:30:53','2021-01-18 07:30:53'),
(69,5,59,'2021-01-18 07:33:08','2021-01-18 07:33:08'),
(70,2,60,'2021-01-18 07:35:05','2021-01-18 07:35:05'),
(71,5,61,'2021-01-18 07:36:32','2021-01-18 07:36:32'),
(72,2,62,'2021-01-18 07:39:30','2021-01-18 07:39:30'),
(73,1,63,'2021-01-18 07:39:30','2021-01-18 07:39:30'),
(74,2,64,'2021-01-18 07:39:35','2021-01-18 07:39:35'),
(75,5,65,'2021-01-18 07:40:40','2021-01-18 07:40:40'),
(76,5,66,'2021-01-18 07:42:02','2021-01-18 07:42:02'),
(77,5,67,'2021-01-18 07:42:54','2021-01-18 07:42:54'),
(78,1,68,'2021-01-18 07:43:24','2021-01-18 07:43:24'),
(79,1,69,'2021-01-18 07:44:08','2021-01-18 07:44:08'),
(80,3,70,'2021-01-18 07:44:31','2021-01-18 07:44:31'),
(81,2,71,'2021-01-18 07:45:11','2021-01-18 07:45:11'),
(82,4,72,'2021-01-18 07:46:39','2021-01-18 07:46:39'),
(83,1,73,'2021-01-18 07:47:33','2021-01-18 07:47:33'),
(84,2,73,'2021-01-18 07:47:33','2021-01-18 07:47:33'),
(85,5,73,'2021-01-18 07:47:33','2021-01-18 07:47:33'),
(86,5,74,'2021-01-18 07:47:53','2021-01-18 07:47:53'),
(87,1,75,'2021-01-18 07:47:58','2021-01-18 07:47:58'),
(88,3,76,'2021-01-18 07:52:15','2021-01-18 07:52:15'),
(89,4,76,'2021-01-18 07:52:15','2021-01-18 07:52:15'),
(90,1,77,'2021-01-18 07:57:25','2021-01-18 07:57:25'),
(91,5,78,'2021-01-18 07:57:30','2021-01-18 07:57:30'),
(92,1,79,'2021-01-18 07:59:49','2021-01-18 07:59:49'),
(93,1,80,'2021-01-18 08:05:01','2021-01-18 08:05:01'),
(94,1,81,'2021-01-18 08:05:19','2021-01-18 08:05:19'),
(95,1,82,'2021-01-18 08:09:59','2021-01-18 08:09:59'),
(96,1,83,'2021-01-18 08:12:20','2021-01-18 08:12:20'),
(97,1,84,'2021-01-18 08:13:01','2021-01-18 08:13:01'),
(98,1,85,'2021-01-18 08:15:10','2021-01-18 08:15:10'),
(99,1,86,'2021-01-18 08:15:54','2021-01-18 08:15:54'),
(100,1,87,'2021-01-18 08:18:37','2021-01-18 08:18:37'),
(101,3,88,'2021-01-18 08:20:12','2021-01-18 08:20:12'),
(102,1,89,'2021-01-18 08:20:39','2021-01-18 08:20:39'),
(103,1,90,'2021-01-18 08:29:01','2021-01-18 08:29:01'),
(104,1,91,'2021-01-18 08:31:05','2021-01-18 08:31:05'),
(105,1,92,'2021-01-18 08:34:24','2021-01-18 08:34:24'),
(106,5,93,'2021-01-18 08:36:31','2021-01-18 08:36:31'),
(107,2,94,'2021-01-18 09:11:23','2021-01-18 09:11:23'),
(108,1,95,'2021-01-19 00:30:12','2021-01-19 00:30:12'),
(109,3,96,'2021-01-19 01:00:12','2021-01-19 01:00:12'),
(110,4,96,'2021-01-19 01:00:12','2021-01-19 01:00:12'),
(111,1,97,'2021-01-19 01:04:32','2021-01-19 01:04:32'),
(112,1,98,'2021-01-19 01:04:38','2021-01-19 01:04:38'),
(113,1,99,'2021-01-19 01:22:10','2021-01-19 01:22:10'),
(114,1,100,'2021-01-19 01:48:33','2021-01-19 01:48:33'),
(115,3,101,'2021-01-19 01:49:58','2021-01-19 01:49:58'),
(116,2,102,'2021-01-19 01:50:01','2021-01-19 01:50:01'),
(117,1,103,'2021-01-19 01:55:30','2021-01-19 01:55:30'),
(118,3,2,'2021-01-19 02:00:24','2021-01-19 02:00:24'),
(119,4,2,'2021-01-19 02:00:24','2021-01-19 02:00:24'),
(120,1,104,'2021-01-19 02:05:24','2021-01-19 02:05:24'),
(121,3,105,'2021-01-19 02:10:29','2021-01-19 02:10:29'),
(122,3,106,'2021-01-19 02:28:36','2021-01-19 02:28:36'),
(123,1,107,'2021-01-19 02:30:49','2021-01-19 02:30:49'),
(124,3,108,'2021-01-19 02:36:50','2021-01-19 02:36:50'),
(125,3,109,'2021-01-19 02:44:43','2021-01-19 02:44:43'),
(126,3,110,'2021-01-19 02:48:30','2021-01-19 02:48:30'),
(127,3,111,'2021-01-19 02:53:10','2021-01-19 02:53:10'),
(128,3,112,'2021-01-19 02:56:31','2021-01-19 02:56:31'),
(129,1,113,'2021-01-19 02:57:03','2021-01-19 02:57:03'),
(130,2,113,'2021-01-19 02:57:03','2021-01-19 02:57:03'),
(131,3,113,'2021-01-19 02:57:03','2021-01-19 02:57:03'),
(132,4,113,'2021-01-19 02:57:03','2021-01-19 02:57:03'),
(133,5,113,'2021-01-19 02:57:03','2021-01-19 02:57:03'),
(134,1,114,'2021-01-19 03:00:41','2021-01-19 03:00:41'),
(135,4,115,'2021-01-19 03:01:54','2021-01-19 03:01:54'),
(136,1,116,'2021-01-19 03:04:53','2021-01-19 03:04:53'),
(137,2,116,'2021-01-19 03:04:53','2021-01-19 03:04:53'),
(138,3,116,'2021-01-19 03:04:53','2021-01-19 03:04:53'),
(139,4,116,'2021-01-19 03:04:53','2021-01-19 03:04:53'),
(140,5,116,'2021-01-19 03:04:53','2021-01-19 03:04:53'),
(141,3,117,'2021-01-19 03:07:31','2021-01-19 03:07:31'),
(142,1,118,'2021-01-19 03:10:23','2021-01-19 03:10:23'),
(143,2,118,'2021-01-19 03:10:23','2021-01-19 03:10:23'),
(144,5,118,'2021-01-19 03:10:23','2021-01-19 03:10:23'),
(145,1,119,'2021-01-19 03:50:09','2021-01-19 03:50:09'),
(146,1,120,'2021-01-19 05:00:22','2021-01-19 05:00:22'),
(147,2,120,'2021-01-19 05:00:22','2021-01-19 05:00:22'),
(148,5,120,'2021-01-19 05:00:22','2021-01-19 05:00:22'),
(149,1,121,'2021-01-19 05:06:45','2021-01-19 05:06:45'),
(150,2,121,'2021-01-19 05:06:45','2021-01-19 05:06:45'),
(151,5,121,'2021-01-19 05:06:45','2021-01-19 05:06:45'),
(152,1,122,'2021-01-19 05:12:47','2021-01-19 05:12:47'),
(153,2,122,'2021-01-19 05:12:47','2021-01-19 05:12:47'),
(154,5,122,'2021-01-19 05:12:47','2021-01-19 05:12:47'),
(155,2,123,'2021-01-19 05:18:19','2021-01-19 05:18:19'),
(156,2,124,'2021-01-19 05:23:43','2021-01-19 05:23:43'),
(157,2,125,'2021-01-19 05:35:41','2021-01-19 05:35:41'),
(158,1,126,'2021-01-19 05:35:42','2021-01-19 05:35:42'),
(159,1,127,'2021-01-19 05:41:09','2021-01-19 05:41:09'),
(160,2,128,'2021-01-19 05:46:17','2021-01-19 05:46:17'),
(161,1,129,'2021-01-19 05:51:01','2021-01-19 05:51:01'),
(162,1,130,'2021-01-19 05:56:01','2021-01-19 05:56:01'),
(163,5,131,'2021-01-19 06:22:15','2021-01-19 06:22:15'),
(164,5,132,'2021-01-19 06:31:12','2021-01-19 06:31:12'),
(165,5,133,'2021-01-19 06:35:47','2021-01-19 06:35:47'),
(166,2,134,'2021-01-19 06:39:21','2021-01-19 06:39:21'),
(167,1,135,'2021-01-19 06:39:26','2021-01-19 06:39:26'),
(168,2,135,'2021-01-19 06:39:26','2021-01-19 06:39:26'),
(169,5,135,'2021-01-19 06:39:26','2021-01-19 06:39:26'),
(170,5,136,'2021-01-19 06:43:34','2021-01-19 06:43:34'),
(171,2,137,'2021-01-19 06:44:33','2021-01-19 06:44:33'),
(172,1,138,'2021-01-19 06:44:48','2021-01-19 06:44:48'),
(173,2,138,'2021-01-19 06:44:48','2021-01-19 06:44:48'),
(174,5,138,'2021-01-19 06:44:48','2021-01-19 06:44:48'),
(175,5,139,'2021-01-19 06:48:32','2021-01-19 06:48:32'),
(176,2,140,'2021-01-19 06:50:19','2021-01-19 06:50:19'),
(177,5,141,'2021-01-19 06:51:50','2021-01-19 06:51:50'),
(178,1,142,'2021-01-19 06:54:38','2021-01-19 06:54:38'),
(179,2,142,'2021-01-19 06:54:38','2021-01-19 06:54:38'),
(180,4,143,'2021-01-19 06:57:14','2021-01-19 06:57:14'),
(181,4,144,'2021-01-19 07:01:39','2021-01-19 07:01:39'),
(182,1,145,'2021-01-19 07:06:02','2021-01-19 07:06:02'),
(183,2,145,'2021-01-19 07:06:02','2021-01-19 07:06:02'),
(184,5,145,'2021-01-19 07:06:02','2021-01-19 07:06:02'),
(185,4,146,'2021-01-19 07:06:16','2021-01-19 07:06:16'),
(186,1,147,'2021-01-19 07:06:31','2021-01-19 07:06:31'),
(187,1,148,'2021-01-19 07:08:30','2021-01-19 07:08:30'),
(188,1,149,'2021-01-19 07:10:03','2021-01-19 07:10:03'),
(189,3,149,'2021-01-19 07:10:03','2021-01-19 07:10:03'),
(190,5,149,'2021-01-19 07:10:03','2021-01-19 07:10:03'),
(191,1,150,'2021-01-19 07:10:03','2021-01-19 07:10:03'),
(192,3,150,'2021-01-19 07:10:03','2021-01-19 07:10:03'),
(193,5,150,'2021-01-19 07:10:03','2021-01-19 07:10:03'),
(194,4,151,'2021-01-19 07:11:19','2021-01-19 07:11:19'),
(195,1,152,'2021-01-19 07:14:41','2021-01-19 07:14:41'),
(196,4,153,'2021-01-19 07:15:05','2021-01-19 07:15:05'),
(197,1,154,'2021-01-19 07:15:54','2021-01-19 07:15:54'),
(203,1,156,'2021-01-19 07:16:42','2021-01-19 07:16:42'),
(204,2,156,'2021-01-19 07:16:42','2021-01-19 07:16:42'),
(205,3,156,'2021-01-19 07:16:42','2021-01-19 07:16:42'),
(206,4,156,'2021-01-19 07:16:42','2021-01-19 07:16:42'),
(207,5,156,'2021-01-19 07:16:42','2021-01-19 07:16:42'),
(208,4,157,'2021-01-19 07:17:51','2021-01-19 07:17:51'),
(209,1,158,'2021-01-19 07:20:00','2021-01-19 07:20:00'),
(210,1,159,'2021-01-19 07:21:13','2021-01-19 07:21:13'),
(211,2,159,'2021-01-19 07:21:13','2021-01-19 07:21:13'),
(212,5,159,'2021-01-19 07:21:13','2021-01-19 07:21:13'),
(213,4,160,'2021-01-19 07:21:36','2021-01-19 07:21:36'),
(214,4,161,'2021-01-19 07:24:26','2021-01-19 07:24:26'),
(215,1,162,'2021-01-19 07:25:09','2021-01-19 07:25:09'),
(216,1,163,'2021-01-19 07:25:36','2021-01-19 07:25:36'),
(217,2,163,'2021-01-19 07:25:36','2021-01-19 07:25:36'),
(218,5,163,'2021-01-19 07:25:36','2021-01-19 07:25:36'),
(219,1,164,'2021-01-19 07:28:46','2021-01-19 07:28:46'),
(220,2,164,'2021-01-19 07:28:46','2021-01-19 07:28:46'),
(221,5,164,'2021-01-19 07:28:46','2021-01-19 07:28:46'),
(222,1,165,'2021-01-19 07:32:34','2021-01-19 07:32:34'),
(223,2,165,'2021-01-19 07:32:34','2021-01-19 07:32:34'),
(224,5,165,'2021-01-19 07:32:34','2021-01-19 07:32:34'),
(225,1,166,'2021-01-19 07:37:02','2021-01-19 07:37:02'),
(226,1,167,'2021-01-19 07:40:42','2021-01-19 07:40:42'),
(227,5,168,'2021-01-19 07:42:07','2021-01-19 07:42:07'),
(228,1,169,'2021-01-19 07:45:05','2021-01-19 07:45:05'),
(229,2,169,'2021-01-19 07:45:05','2021-01-19 07:45:05'),
(230,2,170,'2021-01-19 07:50:20','2021-01-19 07:50:20'),
(231,5,171,'2021-01-19 07:53:21','2021-01-19 07:53:21'),
(232,1,172,'2021-01-19 07:53:28','2021-01-19 07:53:28'),
(233,3,173,'2021-01-19 08:03:40','2021-01-19 08:03:40'),
(234,2,174,'2021-01-19 08:09:59','2021-01-19 08:09:59'),
(235,1,175,'2021-01-19 08:21:37','2021-01-19 08:21:37'),
(236,1,176,'2021-01-19 08:46:44','2021-01-19 08:46:44'),
(237,1,177,'2021-01-19 08:50:00','2021-01-19 08:50:00'),
(238,3,178,'2021-01-19 11:43:02','2021-01-19 11:43:02'),
(239,3,179,'2021-01-19 11:55:47','2021-01-19 11:55:47'),
(240,5,180,'2021-01-19 23:53:48','2021-01-19 23:53:48'),
(241,5,181,'2021-01-20 00:23:05','2021-01-20 00:23:05'),
(242,5,182,'2021-01-20 01:05:26','2021-01-20 01:05:26'),
(243,5,183,'2021-01-20 01:06:55','2021-01-20 01:06:55'),
(244,1,184,'2021-01-20 01:09:27','2021-01-20 01:09:27'),
(245,5,185,'2021-01-20 01:15:36','2021-01-20 01:15:36'),
(246,5,186,'2021-01-20 01:23:26','2021-01-20 01:23:26'),
(247,5,187,'2021-01-20 01:23:47','2021-01-20 01:23:47'),
(248,3,188,'2021-01-20 01:23:51','2021-01-20 01:23:51'),
(249,1,189,'2021-01-20 01:27:01','2021-01-20 01:27:01'),
(250,2,189,'2021-01-20 01:27:01','2021-01-20 01:27:01'),
(251,3,189,'2021-01-20 01:27:01','2021-01-20 01:27:01'),
(252,4,189,'2021-01-20 01:27:01','2021-01-20 01:27:01'),
(253,5,189,'2021-01-20 01:27:01','2021-01-20 01:27:01'),
(254,5,190,'2021-01-20 01:28:21','2021-01-20 01:28:21'),
(255,5,191,'2021-01-20 01:31:19','2021-01-20 01:31:19'),
(256,5,192,'2021-01-20 01:33:10','2021-01-20 01:33:10'),
(257,5,193,'2021-01-20 01:58:30','2021-01-20 01:58:30'),
(258,1,194,'2021-01-20 02:03:15','2021-01-20 02:03:15'),
(259,2,194,'2021-01-20 02:03:15','2021-01-20 02:03:15'),
(260,3,194,'2021-01-20 02:03:15','2021-01-20 02:03:15'),
(261,4,194,'2021-01-20 02:03:15','2021-01-20 02:03:15'),
(262,5,194,'2021-01-20 02:03:15','2021-01-20 02:03:15'),
(263,5,195,'2021-01-20 02:12:51','2021-01-20 02:12:51'),
(264,1,196,'2021-01-20 02:23:58','2021-01-20 02:23:58'),
(265,2,196,'2021-01-20 02:23:58','2021-01-20 02:23:58'),
(266,3,196,'2021-01-20 02:23:58','2021-01-20 02:23:58'),
(267,4,196,'2021-01-20 02:23:58','2021-01-20 02:23:58'),
(268,5,196,'2021-01-20 02:23:58','2021-01-20 02:23:58'),
(269,2,197,'2021-01-20 03:00:40','2021-01-20 03:00:40'),
(270,2,198,'2021-01-20 03:20:04','2021-01-20 03:20:04'),
(271,1,199,'2021-01-20 03:37:09','2021-01-20 03:37:09'),
(272,2,199,'2021-01-20 03:37:09','2021-01-20 03:37:09'),
(273,3,199,'2021-01-20 03:37:09','2021-01-20 03:37:09'),
(274,4,199,'2021-01-20 03:37:09','2021-01-20 03:37:09'),
(275,5,199,'2021-01-20 03:37:09','2021-01-20 03:37:09'),
(276,1,200,'2021-01-20 04:01:34','2021-01-20 04:01:34'),
(277,2,200,'2021-01-20 04:01:34','2021-01-20 04:01:34'),
(278,3,200,'2021-01-20 04:01:34','2021-01-20 04:01:34'),
(279,4,200,'2021-01-20 04:01:34','2021-01-20 04:01:34'),
(280,5,200,'2021-01-20 04:01:34','2021-01-20 04:01:34'),
(281,1,201,'2021-01-20 04:15:46','2021-01-20 04:15:46'),
(282,2,201,'2021-01-20 04:15:46','2021-01-20 04:15:46'),
(283,3,201,'2021-01-20 04:15:46','2021-01-20 04:15:46'),
(284,4,201,'2021-01-20 04:15:46','2021-01-20 04:15:46'),
(285,5,201,'2021-01-20 04:15:46','2021-01-20 04:15:46'),
(286,1,202,'2021-01-20 04:26:23','2021-01-20 04:26:23'),
(287,2,202,'2021-01-20 04:26:23','2021-01-20 04:26:23'),
(288,3,202,'2021-01-20 04:26:23','2021-01-20 04:26:23'),
(289,4,202,'2021-01-20 04:26:23','2021-01-20 04:26:23'),
(290,5,202,'2021-01-20 04:26:23','2021-01-20 04:26:23'),
(291,1,203,'2021-01-20 04:28:35','2021-01-20 04:28:35'),
(292,2,203,'2021-01-20 04:28:35','2021-01-20 04:28:35'),
(293,3,203,'2021-01-20 04:28:35','2021-01-20 04:28:35'),
(294,4,203,'2021-01-20 04:28:35','2021-01-20 04:28:35'),
(295,5,203,'2021-01-20 04:28:35','2021-01-20 04:28:35'),
(296,1,204,'2021-01-20 04:29:51','2021-01-20 04:29:51'),
(297,2,204,'2021-01-20 04:29:51','2021-01-20 04:29:51'),
(298,3,204,'2021-01-20 04:29:51','2021-01-20 04:29:51'),
(299,4,204,'2021-01-20 04:29:51','2021-01-20 04:29:51'),
(300,5,204,'2021-01-20 04:29:51','2021-01-20 04:29:51'),
(301,1,205,'2021-01-20 04:49:32','2021-01-20 04:49:32'),
(302,2,205,'2021-01-20 04:49:32','2021-01-20 04:49:32'),
(303,3,205,'2021-01-20 04:49:32','2021-01-20 04:49:32'),
(304,4,205,'2021-01-20 04:49:32','2021-01-20 04:49:32'),
(305,5,205,'2021-01-20 04:49:32','2021-01-20 04:49:32'),
(306,3,206,'2021-01-20 04:54:08','2021-01-20 04:54:08'),
(308,2,208,'2021-01-20 05:01:22','2021-01-20 05:01:22'),
(309,5,209,'2021-01-20 05:06:05','2021-01-20 05:06:05'),
(310,4,210,'2021-01-20 05:11:03','2021-01-20 05:11:03'),
(311,1,211,'2021-01-20 05:12:57','2021-01-20 05:12:57'),
(312,1,212,'2021-01-20 05:18:49','2021-01-20 05:18:49'),
(313,2,212,'2021-01-20 05:18:49','2021-01-20 05:18:49'),
(314,3,212,'2021-01-20 05:18:49','2021-01-20 05:18:49'),
(315,4,212,'2021-01-20 05:18:49','2021-01-20 05:18:49'),
(316,5,212,'2021-01-20 05:18:49','2021-01-20 05:18:49'),
(317,2,213,'2021-01-20 05:24:30','2021-01-20 05:24:30'),
(318,2,214,'2021-01-20 05:24:35','2021-01-20 05:24:35'),
(319,1,215,'2021-01-20 05:29:18','2021-01-20 05:29:18'),
(320,2,215,'2021-01-20 05:29:18','2021-01-20 05:29:18'),
(321,3,215,'2021-01-20 05:29:18','2021-01-20 05:29:18'),
(322,4,215,'2021-01-20 05:29:18','2021-01-20 05:29:18'),
(323,5,215,'2021-01-20 05:29:18','2021-01-20 05:29:18'),
(324,1,216,'2021-01-20 05:38:40','2021-01-20 05:38:40'),
(325,2,216,'2021-01-20 05:38:40','2021-01-20 05:38:40'),
(326,3,216,'2021-01-20 05:38:40','2021-01-20 05:38:40'),
(327,4,216,'2021-01-20 05:38:40','2021-01-20 05:38:40'),
(328,5,216,'2021-01-20 05:38:40','2021-01-20 05:38:40'),
(329,1,217,'2021-01-20 05:41:24','2021-01-20 05:41:24'),
(330,2,217,'2021-01-20 05:41:24','2021-01-20 05:41:24'),
(331,3,217,'2021-01-20 05:41:24','2021-01-20 05:41:24'),
(332,4,217,'2021-01-20 05:41:24','2021-01-20 05:41:24'),
(333,5,217,'2021-01-20 05:41:24','2021-01-20 05:41:24'),
(334,1,218,'2021-01-20 05:50:19','2021-01-20 05:50:19'),
(335,2,219,'2021-01-20 05:57:59','2021-01-20 05:57:59'),
(336,2,220,'2021-01-20 06:04:15','2021-01-20 06:04:15'),
(337,1,221,'2021-01-20 06:11:50','2021-01-20 06:11:50'),
(338,2,222,'2021-01-20 06:13:10','2021-01-20 06:13:10'),
(339,1,223,'2021-01-20 06:24:15','2021-01-20 06:24:15'),
(340,1,224,'2021-01-20 06:37:34','2021-01-20 06:37:34'),
(341,1,225,'2021-01-20 06:51:41','2021-01-20 06:51:41'),
(342,5,226,'2021-01-20 06:58:34','2021-01-20 06:58:34'),
(343,1,227,'2021-01-20 07:13:47','2021-01-20 07:13:47'),
(344,2,227,'2021-01-20 07:13:47','2021-01-20 07:13:47'),
(345,3,227,'2021-01-20 07:13:47','2021-01-20 07:13:47'),
(346,4,227,'2021-01-20 07:13:47','2021-01-20 07:13:47'),
(347,5,227,'2021-01-20 07:13:47','2021-01-20 07:13:47'),
(348,1,228,'2021-01-20 07:18:16','2021-01-20 07:18:16'),
(349,1,229,'2021-01-20 07:29:57','2021-01-20 07:29:57'),
(350,1,230,'2021-01-20 07:42:04','2021-01-20 07:42:04'),
(351,2,230,'2021-01-20 07:42:04','2021-01-20 07:42:04'),
(352,3,230,'2021-01-20 07:42:04','2021-01-20 07:42:04'),
(353,4,230,'2021-01-20 07:42:04','2021-01-20 07:42:04'),
(354,5,230,'2021-01-20 07:42:04','2021-01-20 07:42:04'),
(355,4,231,'2021-01-20 08:49:48','2021-01-20 08:49:48'),
(356,1,232,'2021-01-21 00:57:58','2021-01-21 00:57:58'),
(357,2,232,'2021-01-21 00:57:58','2021-01-21 00:57:58'),
(358,3,232,'2021-01-21 00:57:58','2021-01-21 00:57:58'),
(359,4,232,'2021-01-21 00:57:58','2021-01-21 00:57:58'),
(360,5,232,'2021-01-21 00:57:58','2021-01-21 00:57:58'),
(361,1,233,'2021-01-21 01:02:49','2021-01-21 01:02:49'),
(362,2,233,'2021-01-21 01:02:49','2021-01-21 01:02:49'),
(363,3,233,'2021-01-21 01:02:49','2021-01-21 01:02:49'),
(364,4,233,'2021-01-21 01:02:49','2021-01-21 01:02:49'),
(365,5,233,'2021-01-21 01:02:49','2021-01-21 01:02:49'),
(366,1,234,'2021-01-21 01:06:20','2021-01-21 01:06:20'),
(367,4,234,'2021-01-21 01:06:20','2021-01-21 01:06:20'),
(368,5,235,'2021-01-21 01:33:35','2021-01-21 01:33:35'),
(369,4,236,'2021-01-21 01:44:14','2021-01-21 01:44:14'),
(370,4,237,'2021-01-21 01:50:10','2021-01-21 01:50:10'),
(371,5,238,'2021-01-21 01:55:01','2021-01-21 01:55:01'),
(372,1,239,'2021-01-21 01:59:53','2021-01-21 01:59:53'),
(373,2,239,'2021-01-21 01:59:53','2021-01-21 01:59:53'),
(374,4,239,'2021-01-21 01:59:53','2021-01-21 01:59:53'),
(375,5,239,'2021-01-21 01:59:53','2021-01-21 01:59:53'),
(376,5,240,'2021-01-21 01:59:56','2021-01-21 01:59:56'),
(377,1,241,'2021-01-21 02:05:52','2021-01-21 02:05:52'),
(378,2,241,'2021-01-21 02:05:52','2021-01-21 02:05:52'),
(379,3,241,'2021-01-21 02:05:52','2021-01-21 02:05:52'),
(380,4,241,'2021-01-21 02:05:52','2021-01-21 02:05:52'),
(381,5,241,'2021-01-21 02:05:52','2021-01-21 02:05:52'),
(382,1,242,'2021-01-21 02:10:22','2021-01-21 02:10:22'),
(383,2,242,'2021-01-21 02:10:22','2021-01-21 02:10:22'),
(384,3,242,'2021-01-21 02:10:22','2021-01-21 02:10:22'),
(385,4,242,'2021-01-21 02:10:22','2021-01-21 02:10:22'),
(386,5,242,'2021-01-21 02:10:22','2021-01-21 02:10:22'),
(387,1,243,'2021-01-21 02:13:54','2021-01-21 02:13:54'),
(388,2,243,'2021-01-21 02:13:54','2021-01-21 02:13:54'),
(389,3,243,'2021-01-21 02:13:54','2021-01-21 02:13:54'),
(390,4,243,'2021-01-21 02:13:54','2021-01-21 02:13:54'),
(391,5,243,'2021-01-21 02:13:54','2021-01-21 02:13:54'),
(392,4,244,'2021-01-21 02:15:00','2021-01-21 02:15:00'),
(393,1,245,'2021-01-21 02:20:26','2021-01-21 02:20:26'),
(394,2,245,'2021-01-21 02:20:26','2021-01-21 02:20:26'),
(395,3,245,'2021-01-21 02:20:26','2021-01-21 02:20:26'),
(396,4,245,'2021-01-21 02:20:26','2021-01-21 02:20:26'),
(397,5,245,'2021-01-21 02:20:26','2021-01-21 02:20:26'),
(398,1,246,'2021-01-21 02:32:28','2021-01-21 02:32:28'),
(399,1,247,'2021-01-21 02:38:36','2021-01-21 02:38:36'),
(400,5,247,'2021-01-21 02:38:36','2021-01-21 02:38:36'),
(401,1,248,'2021-01-21 02:44:00','2021-01-21 02:44:00'),
(402,2,249,'2021-01-21 02:48:06','2021-01-21 02:48:06'),
(403,5,249,'2021-01-21 02:48:06','2021-01-21 02:48:06'),
(404,1,250,'2021-01-21 02:54:29','2021-01-21 02:54:29'),
(405,1,251,'2021-01-21 02:58:05','2021-01-21 02:58:05'),
(406,5,251,'2021-01-21 02:58:05','2021-01-21 02:58:05'),
(407,1,252,'2021-01-21 03:07:30','2021-01-21 03:07:30'),
(408,1,253,'2021-01-21 03:19:52','2021-01-21 03:19:52'),
(409,5,253,'2021-01-21 03:19:52','2021-01-21 03:19:52'),
(410,1,254,'2021-01-21 03:39:47','2021-01-21 03:39:47'),
(411,5,254,'2021-01-21 03:39:47','2021-01-21 03:39:47'),
(412,1,255,'2021-01-21 03:39:54','2021-01-21 03:39:54'),
(413,1,256,'2021-01-21 03:42:33','2021-01-21 03:42:33'),
(414,1,257,'2021-01-21 03:50:55','2021-01-21 03:50:55'),
(415,3,258,'2021-01-21 04:54:05','2021-01-21 04:54:05'),
(416,5,259,'2021-01-21 05:25:43','2021-01-21 05:25:43'),
(417,5,260,'2021-01-21 05:46:30','2021-01-21 05:46:30'),
(418,5,261,'2021-01-21 06:36:45','2021-01-21 06:36:45'),
(419,5,262,'2021-01-21 06:48:55','2021-01-21 06:48:55'),
(420,2,263,'2021-01-21 07:37:20','2021-01-21 07:37:20'),
(421,1,264,'2021-01-21 07:39:24','2021-01-21 07:39:24'),
(422,2,264,'2021-01-21 07:39:24','2021-01-21 07:39:24'),
(423,3,264,'2021-01-21 07:39:24','2021-01-21 07:39:24'),
(424,4,264,'2021-01-21 07:39:24','2021-01-21 07:39:24'),
(425,5,264,'2021-01-21 07:39:24','2021-01-21 07:39:24'),
(427,2,266,'2021-01-21 07:44:24','2021-01-21 07:44:24'),
(428,1,265,'2021-01-21 07:44:52','2021-01-21 07:44:52'),
(429,2,267,'2021-01-21 07:51:44','2021-01-21 07:51:44'),
(430,5,268,'2021-01-22 01:56:21','2021-01-22 01:56:21'),
(431,5,269,'2021-01-22 02:02:30','2021-01-22 02:02:30'),
(432,5,270,'2021-01-22 02:27:01','2021-01-22 02:27:01'),
(433,5,271,'2021-01-22 02:38:29','2021-01-22 02:38:29'),
(434,5,272,'2021-01-22 02:41:03','2021-01-22 02:41:03'),
(435,5,273,'2021-01-22 02:43:54','2021-01-22 02:43:54'),
(436,5,274,'2021-01-22 02:50:03','2021-01-22 02:50:03'),
(437,5,275,'2021-01-22 02:52:26','2021-01-22 02:52:26'),
(438,2,276,'2021-01-22 02:56:10','2021-01-22 02:56:10'),
(439,4,277,'2021-01-22 03:00:00','2021-01-22 03:00:00'),
(440,1,278,'2021-01-22 03:06:20','2021-01-22 03:06:20'),
(441,5,279,'2021-01-22 03:07:10','2021-01-22 03:07:10'),
(442,2,280,'2021-01-22 05:29:59','2021-01-22 05:29:59'),
(443,3,280,'2021-01-22 05:29:59','2021-01-22 05:29:59'),
(444,4,280,'2021-01-22 05:29:59','2021-01-22 05:29:59'),
(445,1,281,'2021-01-22 05:32:01','2021-01-22 05:32:01'),
(446,1,282,'2021-01-22 05:35:00','2021-01-22 05:35:00'),
(447,1,283,'2021-01-22 05:41:14','2021-01-22 05:41:14'),
(448,1,284,'2021-01-22 05:48:46','2021-01-22 05:48:46'),
(449,2,285,'2021-01-22 05:54:07','2021-01-22 05:54:07'),
(450,2,286,'2021-01-22 06:04:52','2021-01-22 06:04:52'),
(451,2,287,'2021-01-22 06:07:45','2021-01-22 06:07:45'),
(452,2,288,'2021-01-22 06:10:09','2021-01-22 06:10:09'),
(453,2,289,'2021-01-22 06:10:44','2021-01-22 06:10:44'),
(454,3,290,'2021-01-22 06:15:05','2021-01-22 06:15:05'),
(455,3,291,'2021-01-22 06:16:59','2021-01-22 06:16:59'),
(456,4,292,'2021-01-22 06:21:41','2021-01-22 06:21:41'),
(457,4,293,'2021-01-22 06:26:39','2021-01-22 06:26:39'),
(458,4,294,'2021-01-22 06:38:00','2021-01-22 06:38:00'),
(459,5,295,'2021-01-22 06:42:23','2021-01-22 06:42:23'),
(460,5,296,'2021-01-22 06:44:03','2021-01-22 06:44:03'),
(461,5,297,'2021-01-22 06:46:56','2021-01-22 06:46:56'),
(462,5,298,'2021-01-22 06:49:38','2021-01-22 06:49:38'),
(463,2,299,'2021-01-22 07:10:04','2021-01-22 07:10:04'),
(464,2,300,'2021-01-22 07:15:29','2021-01-22 07:15:29'),
(465,3,301,'2021-01-22 07:19:51','2021-01-22 07:19:51'),
(466,2,302,'2021-01-22 07:37:02','2021-01-22 07:37:02'),
(467,3,303,'2021-01-22 07:37:08','2021-01-22 07:37:08'),
(468,2,304,'2021-01-22 07:40:49','2021-01-22 07:40:49'),
(469,3,305,'2021-01-22 07:41:20','2021-01-22 07:41:20'),
(470,2,306,'2021-01-22 07:49:24','2021-01-22 07:49:24'),
(471,2,307,'2021-01-22 08:03:37','2021-01-22 08:03:37'),
(472,2,308,'2021-01-22 08:07:21','2021-01-22 08:07:21'),
(473,2,309,'2021-01-22 08:17:30','2021-01-22 08:17:30'),
(474,5,310,'2021-01-22 08:29:50','2021-01-22 08:29:50'),
(475,2,311,'2021-01-22 08:34:34','2021-01-22 08:34:34'),
(476,5,312,'2021-01-22 08:38:58','2021-01-22 08:38:58'),
(477,5,313,'2021-01-22 08:55:34','2021-01-22 08:55:34'),
(478,5,314,'2021-01-22 09:02:44','2021-01-22 09:02:44'),
(479,5,315,'2021-01-22 09:11:09','2021-01-22 09:11:09'),
(480,2,316,'2021-01-24 23:58:33','2021-01-24 23:58:33'),
(481,2,317,'2021-01-25 00:03:23','2021-01-25 00:03:23'),
(482,2,318,'2021-01-25 00:08:17','2021-01-25 00:08:17'),
(483,2,319,'2021-01-25 00:14:38','2021-01-25 00:14:38'),
(484,2,320,'2021-01-25 00:19:30','2021-01-25 00:19:30'),
(485,2,321,'2021-01-25 00:23:04','2021-01-25 00:23:04'),
(486,5,322,'2021-01-25 00:29:23','2021-01-25 00:29:23'),
(487,4,323,'2021-01-25 00:40:57','2021-01-25 00:40:57'),
(488,4,324,'2021-01-25 00:46:14','2021-01-25 00:46:14'),
(489,4,325,'2021-01-25 00:50:01','2021-01-25 00:50:01'),
(490,4,326,'2021-01-25 00:54:46','2021-01-25 00:54:46'),
(491,5,327,'2021-01-25 01:08:01','2021-01-25 01:08:01'),
(492,1,328,'2021-01-25 01:14:09','2021-01-25 01:14:09'),
(493,1,329,'2021-01-25 01:16:02','2021-01-25 01:16:02'),
(494,5,330,'2021-01-25 01:25:44','2021-01-25 01:25:44'),
(495,1,331,'2021-01-25 01:38:51','2021-01-25 01:38:51'),
(496,1,332,'2021-01-25 01:41:23','2021-01-25 01:41:23'),
(497,1,333,'2021-01-25 02:02:17','2021-01-25 02:02:17'),
(498,1,334,'2021-01-25 02:04:32','2021-01-25 02:04:32'),
(499,3,335,'2021-01-25 02:12:52','2021-01-25 02:12:52'),
(500,1,336,'2021-01-25 02:14:10','2021-01-25 02:14:10'),
(501,1,337,'2021-01-25 02:16:29','2021-01-25 02:16:29'),
(502,3,338,'2021-01-25 02:22:06','2021-01-25 02:22:06'),
(503,3,339,'2021-01-25 02:24:21','2021-01-25 02:24:21'),
(504,3,340,'2021-01-25 02:31:28','2021-01-25 02:31:28'),
(505,5,341,'2021-01-25 02:31:45','2021-01-25 02:31:45'),
(506,5,342,'2021-01-25 02:43:44','2021-01-25 02:43:44'),
(507,1,343,'2021-01-25 03:00:58','2021-01-25 03:00:58'),
(508,5,344,'2021-01-25 03:47:10','2021-01-25 03:47:10'),
(509,2,345,'2021-01-25 04:01:37','2021-01-25 04:01:37'),
(510,1,346,'2021-01-25 04:07:12','2021-01-25 04:07:12'),
(511,2,346,'2021-01-25 04:07:12','2021-01-25 04:07:12'),
(512,3,346,'2021-01-25 04:07:12','2021-01-25 04:07:12'),
(513,4,346,'2021-01-25 04:07:12','2021-01-25 04:07:12'),
(514,5,346,'2021-01-25 04:07:12','2021-01-25 04:07:12'),
(515,1,347,'2021-01-25 04:13:10','2021-01-25 04:13:10'),
(516,2,347,'2021-01-25 04:13:10','2021-01-25 04:13:10'),
(517,3,347,'2021-01-25 04:13:10','2021-01-25 04:13:10'),
(518,4,347,'2021-01-25 04:13:10','2021-01-25 04:13:10'),
(519,5,347,'2021-01-25 04:13:10','2021-01-25 04:13:10'),
(520,1,348,'2021-01-25 05:20:30','2021-01-25 05:20:30'),
(521,2,348,'2021-01-25 05:20:30','2021-01-25 05:20:30'),
(522,3,348,'2021-01-25 05:20:30','2021-01-25 05:20:30'),
(523,4,348,'2021-01-25 05:20:30','2021-01-25 05:20:30'),
(524,5,348,'2021-01-25 05:20:30','2021-01-25 05:20:30'),
(525,1,349,'2021-01-25 05:29:39','2021-01-25 05:29:39'),
(526,2,349,'2021-01-25 05:29:39','2021-01-25 05:29:39'),
(527,3,349,'2021-01-25 05:29:39','2021-01-25 05:29:39'),
(528,4,349,'2021-01-25 05:29:39','2021-01-25 05:29:39'),
(529,5,349,'2021-01-25 05:29:39','2021-01-25 05:29:39'),
(530,3,350,'2021-01-25 05:36:00','2021-01-25 05:36:00'),
(531,5,351,'2021-01-25 05:39:01','2021-01-25 05:39:01'),
(532,5,352,'2021-01-25 05:46:29','2021-01-25 05:46:29'),
(533,5,353,'2021-01-25 05:51:38','2021-01-25 05:51:38'),
(534,5,354,'2021-01-25 06:16:16','2021-01-25 06:16:16'),
(535,5,355,'2021-01-25 06:32:43','2021-01-25 06:32:43'),
(536,5,356,'2021-01-25 06:34:31','2021-01-25 06:34:31'),
(537,5,357,'2021-01-25 06:36:16','2021-01-25 06:36:16'),
(538,5,358,'2021-01-25 06:40:33','2021-01-25 06:40:33'),
(539,5,359,'2021-01-25 06:43:13','2021-01-25 06:43:13'),
(540,5,360,'2021-01-25 06:44:47','2021-01-25 06:44:47'),
(541,5,361,'2021-01-25 06:52:15','2021-01-25 06:52:15'),
(542,5,362,'2021-01-25 06:54:34','2021-01-25 06:54:34'),
(543,5,363,'2021-01-25 08:33:20','2021-01-25 08:33:20'),
(544,5,364,'2021-01-26 00:52:17','2021-01-26 00:52:17'),
(545,5,365,'2021-01-26 00:56:32','2021-01-26 00:56:32'),
(546,5,366,'2021-01-26 00:59:37','2021-01-26 00:59:37'),
(547,2,367,'2021-01-26 01:30:40','2021-01-26 01:30:40'),
(548,2,368,'2021-01-26 01:37:17','2021-01-26 01:37:17'),
(549,2,369,'2021-01-26 01:41:58','2021-01-26 01:41:58'),
(550,2,370,'2021-01-26 01:45:29','2021-01-26 01:45:29'),
(551,5,371,'2021-01-26 01:48:13','2021-01-26 01:48:13'),
(552,5,372,'2021-01-26 01:49:50','2021-01-26 01:49:50'),
(553,4,373,'2021-01-26 01:52:47','2021-01-26 01:52:47'),
(554,5,374,'2021-01-26 01:53:38','2021-01-26 01:53:38'),
(555,5,375,'2021-01-26 02:02:14','2021-01-26 02:02:14'),
(556,2,376,'2021-01-26 02:13:59','2021-01-26 02:13:59'),
(557,4,377,'2021-01-26 02:50:15','2021-01-26 02:50:15'),
(558,4,378,'2021-01-26 03:02:28','2021-01-26 03:02:28'),
(559,5,379,'2021-01-26 05:34:57','2021-01-26 05:34:57'),
(560,5,380,'2021-01-26 05:37:07','2021-01-26 05:37:07'),
(561,5,381,'2021-01-26 05:52:32','2021-01-26 05:52:32'),
(562,5,382,'2021-01-26 06:03:26','2021-01-26 06:03:26'),
(563,2,383,'2021-01-26 06:25:18','2021-01-26 06:25:18'),
(564,2,384,'2021-01-26 06:28:41','2021-01-26 06:28:41'),
(565,5,385,'2021-01-26 06:29:36','2021-01-26 06:29:36'),
(566,5,386,'2021-01-26 06:30:47','2021-01-26 06:30:47'),
(567,5,387,'2021-01-26 06:34:22','2021-01-26 06:34:22'),
(568,2,388,'2021-01-26 06:34:38','2021-01-26 06:34:38'),
(569,5,389,'2021-01-26 06:36:19','2021-01-26 06:36:19'),
(570,5,390,'2021-01-26 06:37:51','2021-01-26 06:37:51'),
(571,2,391,'2021-01-26 06:38:21','2021-01-26 06:38:21'),
(572,5,392,'2021-01-26 06:38:55','2021-01-26 06:38:55'),
(573,5,393,'2021-01-26 06:41:20','2021-01-26 06:41:20'),
(574,2,394,'2021-01-26 06:41:42','2021-01-26 06:41:42'),
(575,2,395,'2021-01-26 06:44:46','2021-01-26 06:44:46'),
(576,3,396,'2021-01-26 07:04:33','2021-01-26 07:04:33'),
(577,2,397,'2021-01-26 07:10:37','2021-01-26 07:10:37'),
(578,2,398,'2021-01-26 07:13:08','2021-01-26 07:13:08'),
(579,2,399,'2021-01-26 07:26:42','2021-01-26 07:26:42'),
(580,2,400,'2021-01-26 07:30:02','2021-01-26 07:30:02'),
(581,5,401,'2021-01-26 07:34:35','2021-01-26 07:34:35'),
(582,5,402,'2021-01-26 08:01:17','2021-01-26 08:01:17'),
(583,5,403,'2021-01-26 08:03:18','2021-01-26 08:03:18'),
(584,5,404,'2021-01-26 08:05:01','2021-01-26 08:05:01'),
(585,2,405,'2021-01-26 08:21:53','2021-01-26 08:21:53'),
(586,5,406,'2021-01-26 08:26:57','2021-01-26 08:26:57'),
(587,5,407,'2021-01-26 08:32:51','2021-01-26 08:32:51'),
(588,3,207,'2021-01-26 08:33:19','2021-01-26 08:33:19'),
(589,5,408,'2021-01-26 08:43:22','2021-01-26 08:43:22'),
(590,2,409,'2021-01-26 08:45:29','2021-01-26 08:45:29'),
(591,2,410,'2021-01-26 08:50:48','2021-01-26 08:50:48'),
(592,2,411,'2021-01-26 08:55:44','2021-01-26 08:55:44'),
(593,5,412,'2021-01-26 08:58:44','2021-01-26 08:58:44');

/*Table structure for table `reports` */

DROP TABLE IF EXISTS `reports`;

CREATE TABLE `reports` (
  `id` int(11) NOT NULL AUTO_INCREMENT,
  `report` varchar(100) DEFAULT NULL,
  `reporttype` int(1) DEFAULT NULL,
  PRIMARY KEY (`id`)
) ENGINE=InnoDB AUTO_INCREMENT=9 DEFAULT CHARSET=utf8mb4;

/*Data for the table `reports` */

insert  into `reports`(`id`,`report`,`reporttype`) values 
(1,'Masterlist of Projects',1),
(2,'Masterlist of Agency Projects',2),
(3,'Masterlist of Agency Projects By Category',2),
(4,'Masterlist of Agency Projects By Spatial',2),
(5,'Masterlist of Agency Projects By Sector',2),
(6,'Masterlist of Projects By Category',1),
(7,'Masterlist of Projects By Spatial',1),
(8,'Masterlist of Projects By Sector',1);

/*Table structure for table `roles` */

DROP TABLE IF EXISTS `roles`;

CREATE TABLE `roles` (
  `id` int(10) unsigned NOT NULL AUTO_INCREMENT,
  `name` varchar(255) COLLATE utf8mb4_unicode_ci NOT NULL,
  `description` text COLLATE utf8mb4_unicode_ci DEFAULT NULL,
  `created_at` timestamp NULL DEFAULT NULL,
  `updated_at` timestamp NULL DEFAULT NULL,
  PRIMARY KEY (`id`) USING BTREE,
  UNIQUE KEY `roles_name_unique` (`name`) USING BTREE
) ENGINE=InnoDB AUTO_INCREMENT=4 DEFAULT CHARSET=utf8mb4 COLLATE=utf8mb4_unicode_ci ROW_FORMAT=DYNAMIC;

/*Data for the table `roles` */

insert  into `roles`(`id`,`name`,`description`,`created_at`,`updated_at`) values 
(1,'Admin','This is the administration role','2020-07-24 06:35:23','2020-07-24 06:35:23'),
(2,'Agency','This is the implementing agency role','2020-07-24 06:35:23','2020-07-24 06:35:23'),
(3,'Member','This is the member role','2020-07-24 06:35:23','2020-07-24 06:35:23');

/*Table structure for table `sectors` */

DROP TABLE IF EXISTS `sectors`;

CREATE TABLE `sectors` (
  `id` int(11) NOT NULL AUTO_INCREMENT,
  `sector` varchar(50) NOT NULL,
  PRIMARY KEY (`id`) USING BTREE
) ENGINE=InnoDB AUTO_INCREMENT=6 DEFAULT CHARSET=utf8mb4 ROW_FORMAT=DYNAMIC;

/*Data for the table `sectors` */

insert  into `sectors`(`id`,`sector`) values 
(1,'Economic'),
(2,'Infrastructure'),
(3,'Social'),
(4,'Government Institutional Development'),
(5,'Others');

/*Table structure for table `sources` */

DROP TABLE IF EXISTS `sources`;

CREATE TABLE `sources` (
  `id` int(11) NOT NULL AUTO_INCREMENT,
  `type` varchar(50) NOT NULL,
  PRIMARY KEY (`id`) USING BTREE
) ENGINE=InnoDB AUTO_INCREMENT=6 DEFAULT CHARSET=utf8mb4 ROW_FORMAT=DYNAMIC;

/*Data for the table `sources` */

insert  into `sources`(`id`,`type`) values 
(1,'Official Development Assistance'),
(2,'Local Financing'),
(3,'Public-Private Partnership'),
(4,'Others');

/*Table structure for table `statuses` */

DROP TABLE IF EXISTS `statuses`;

CREATE TABLE `statuses` (
  `status` varchar(10) DEFAULT NULL
) ENGINE=InnoDB DEFAULT CHARSET=utf8mb4;

/*Data for the table `statuses` */

insert  into `statuses`(`status`) values 
('Ongoing'),
('Completed');

/*Table structure for table `subsectors` */

DROP TABLE IF EXISTS `subsectors`;

CREATE TABLE `subsectors` (
  `id` int(11) NOT NULL AUTO_INCREMENT,
  `sector_id` int(11) NOT NULL,
  `subsector` varchar(50) COLLATE utf8mb4_unicode_ci NOT NULL,
  PRIMARY KEY (`id`) USING BTREE,
  KEY `subsectors_sector_id_foreign` (`sector_id`),
  CONSTRAINT `subsectors_sector_id_foreign` FOREIGN KEY (`sector_id`) REFERENCES `sectors` (`id`) ON DELETE CASCADE
) ENGINE=InnoDB AUTO_INCREMENT=24 DEFAULT CHARSET=utf8mb4 COLLATE=utf8mb4_unicode_ci;

/*Data for the table `subsectors` */

insert  into `subsectors`(`id`,`sector_id`,`subsector`) values 
(1,1,'Agriculture, Livestock and Fishery'),
(2,1,'Agrarian Reform'),
(3,1,'Environment and Natural Resources'),
(4,1,'Tourism'),
(5,1,'Trade and Industry'),
(6,1,'Cooperative Development'),
(7,1,'Livelihood Assistance'),
(8,1,'Science and Technology'),
(9,3,'Education and Manpower Development'),
(10,3,'Housing'),
(11,3,'Labor and Employment (job facilitation)'),
(12,3,'Health, Nutrition and Family Planning'),
(13,3,'Social Welfare and Community Development'),
(14,2,'Transportation'),
(15,2,'Water Resources'),
(16,2,'Power and Electrification'),
(17,2,'Communication'),
(18,2,'Social Infrastructure'),
(19,2,'Other Infra'),
(20,4,'Disaster Mitigatio'),
(21,4,'Institutions Development'),
(22,4,'Local Governance'),
(23,4,'GIS, Tax Mapping, Agency IT Program');

/*Table structure for table `tags` */

DROP TABLE IF EXISTS `tags`;

CREATE TABLE `tags` (
  `id` int(10) unsigned NOT NULL AUTO_INCREMENT,
  `name` varchar(255) COLLATE utf8mb4_unicode_ci NOT NULL,
  `color` varchar(7) COLLATE utf8mb4_unicode_ci DEFAULT NULL,
  `created_at` timestamp NULL DEFAULT NULL,
  `updated_at` timestamp NULL DEFAULT NULL,
  PRIMARY KEY (`id`) USING BTREE,
  UNIQUE KEY `tags_name_unique` (`name`) USING BTREE
) ENGINE=InnoDB AUTO_INCREMENT=4 DEFAULT CHARSET=utf8mb4 COLLATE=utf8mb4_unicode_ci ROW_FORMAT=DYNAMIC;

/*Data for the table `tags` */

insert  into `tags`(`id`,`name`,`color`,`created_at`,`updated_at`) values 
(1,'Hot','#f44336','2020-07-24 06:35:23','2020-07-24 06:35:23'),
(2,'Trending','#9c27b0','2020-07-24 06:35:23','2020-07-24 06:35:23'),
(3,'New','#00bcd4','2020-07-24 06:35:23','2020-07-24 06:35:23');

/*Table structure for table `users` */

DROP TABLE IF EXISTS `users`;

CREATE TABLE `users` (
  `id` int(10) unsigned NOT NULL AUTO_INCREMENT,
  `name` varchar(255) COLLATE utf8mb4_unicode_ci NOT NULL,
  `email` varchar(255) COLLATE utf8mb4_unicode_ci NOT NULL,
  `email_verified_at` timestamp NULL DEFAULT NULL,
  `password` varchar(255) COLLATE utf8mb4_unicode_ci NOT NULL,
  `picture` varchar(255) COLLATE utf8mb4_unicode_ci DEFAULT NULL,
  `role_id` int(10) unsigned NOT NULL,
  `agency_id` int(11) NOT NULL,
  `remember_token` varchar(100) COLLATE utf8mb4_unicode_ci DEFAULT NULL,
  `created_at` timestamp NULL DEFAULT NULL,
  `updated_at` timestamp NULL DEFAULT NULL,
  PRIMARY KEY (`id`) USING BTREE,
  UNIQUE KEY `users_email_unique` (`email`) USING BTREE,
  KEY `users_role_id_foreign` (`role_id`) USING BTREE,
  CONSTRAINT `users_role_id_foreign` FOREIGN KEY (`role_id`) REFERENCES `roles` (`id`)
) ENGINE=InnoDB AUTO_INCREMENT=384 DEFAULT CHARSET=utf8mb4 COLLATE=utf8mb4_unicode_ci ROW_FORMAT=DYNAMIC;

/*Data for the table `users` */

insert  into `users`(`id`,`name`,`email`,`email_verified_at`,`password`,`picture`,`role_id`,`agency_id`,`remember_token`,`created_at`,`updated_at`) values 
(1,'Administrator','bnlayon@neda.gov.ph','2020-07-24 06:35:23','$2y$10$W9hB2vXLRvokUE7YrQiwOeV2Pv2v7/92zDIjRz8uzyuE4vv01715i','profile/W3tDucYtneeYOJEAjma11eBlF4p5oM3rZEWNVaYa.jpeg',1,0,'wIL2CrIeJwJK9VwRtW6JVHJoWF3QlMhyjn7EYt0g7nunOIFdiGI5oPaBaSRX','2020-07-24 06:35:23','2020-11-03 05:24:35'),
(276,'Roy A. Dimayuga','radimayuga@neda.gov.ph',NULL,'$2y$12$BSIh23UPsaIM/bd9.PJh2.Yli5vEL2G2s2UJHnmS869LZQSJWTmR2','profile/vI0XsAwT0N8jmz86kFK9PbG1ZrDDwCUHbIfmU0Cp.jpg',1,0,NULL,'0000-00-00 00:00:00',NULL),
(277,'Amalia S. Tuppil','astuppil@neda.gov.ph',NULL,'$2y$12$BSIh23UPsaIM/bd9.PJh2.Yli5vEL2G2s2UJHnmS869LZQSJWTmR2','profile/vI0XsAwT0N8jmz86kFK9PbG1ZrDDwCUHbIfmU0Cp.jpg',1,0,NULL,'0000-00-00 00:00:00',NULL),
(278,'Francis Bayani M. de Guzman','fmdeguzman@neda.gov.ph',NULL,'$2y$10$plhC/mnJ4Ie8DBNmG3yG.eb4.zv5KXIWgZ/NMD8SNJIRJ5K1La7aq','profile/TEWaxWKNw3digbXGGpTbzaD8XFNiV2jBZh2FkzSF.jpeg',1,0,'fKJz2EkLLPeMUVOSnMaA5hJ1tphGMyj7VwAeU8PuKACSQd1rFycaXbHARz7W','0000-00-00 00:00:00','2021-01-19 07:41:53'),
(279,'Loreto H. Castillo','lhcastillo@neda.gov.ph',NULL,'$2y$12$BSIh23UPsaIM/bd9.PJh2.Yli5vEL2G2s2UJHnmS869LZQSJWTmR2','profile/vI0XsAwT0N8jmz86kFK9PbG1ZrDDwCUHbIfmU0Cp.jpg',1,0,NULL,'0000-00-00 00:00:00',NULL),
(280,'Jojo R. Datinguinoo','jrdatinguinoo@neda.gov.ph',NULL,'$2y$12$BSIh23UPsaIM/bd9.PJh2.Yli5vEL2G2s2UJHnmS869LZQSJWTmR2','profile/vI0XsAwT0N8jmz86kFK9PbG1ZrDDwCUHbIfmU0Cp.jpg',1,0,NULL,'0000-00-00 00:00:00',NULL),
(281,'Keizher Marasigan','ktmarasigan@neda.gov.ph',NULL,'$2y$12$BSIh23UPsaIM/bd9.PJh2.Yli5vEL2G2s2UJHnmS869LZQSJWTmR2','profile/vI0XsAwT0N8jmz86kFK9PbG1ZrDDwCUHbIfmU0Cp.jpg',1,0,NULL,'0000-00-00 00:00:00','2021-01-14 06:19:58'),
(282,'Joel Paule','jmpaule@neda.gov.ph',NULL,'$2y$12$BSIh23UPsaIM/bd9.PJh2.Yli5vEL2G2s2UJHnmS869LZQSJWTmR2','profile/vI0XsAwT0N8jmz86kFK9PbG1ZrDDwCUHbIfmU0Cp.jpg',3,0,NULL,'0000-00-00 00:00:00','2021-01-14 07:11:04'),
(283,'Kenneth Joy Arteza','ktarteza@neda.gov.ph',NULL,'$2y$12$BSIh23UPsaIM/bd9.PJh2.Yli5vEL2G2s2UJHnmS869LZQSJWTmR2','profile/vI0XsAwT0N8jmz86kFK9PbG1ZrDDwCUHbIfmU0Cp.jpg',3,0,NULL,'0000-00-00 00:00:00','2021-01-14 07:14:21'),
(284,'Ruther John Col-long','rbcol-long@neda.gov.ph',NULL,'$2y$12$BSIh23UPsaIM/bd9.PJh2.Yli5vEL2G2s2UJHnmS869LZQSJWTmR2','profile/vI0XsAwT0N8jmz86kFK9PbG1ZrDDwCUHbIfmU0Cp.jpg',3,0,NULL,'0000-00-00 00:00:00','2021-01-14 07:12:12'),
(285,'Jhunjun Fajutagana','jffajutagana@neda.gov.ph',NULL,'$2y$12$BSIh23UPsaIM/bd9.PJh2.Yli5vEL2G2s2UJHnmS869LZQSJWTmR2','profile/vI0XsAwT0N8jmz86kFK9PbG1ZrDDwCUHbIfmU0Cp.jpg',3,0,NULL,'0000-00-00 00:00:00','2021-01-14 07:12:58'),
(286,'Nepo Jerome Benter','ngbenter@neda.gov.ph',NULL,'$2y$12$BSIh23UPsaIM/bd9.PJh2.Yli5vEL2G2s2UJHnmS869LZQSJWTmR2','profile/vI0XsAwT0N8jmz86kFK9PbG1ZrDDwCUHbIfmU0Cp.jpg',3,0,NULL,'0000-00-00 00:00:00','2021-01-14 07:15:06'),
(288,'Chara Lois T. Eje','cteje@neda.gov.ph',NULL,'$2y$12$BSIh23UPsaIM/bd9.PJh2.Yli5vEL2G2s2UJHnmS869LZQSJWTmR2','profile/vI0XsAwT0N8jmz86kFK9PbG1ZrDDwCUHbIfmU0Cp.jpg',3,0,NULL,'0000-00-00 00:00:00','2021-01-14 07:10:40'),
(289,'Beltisezara Garcia','bagarcia@neda.gov.ph',NULL,'$2y$10$rj6c1ahOI2hIeHzucj60LuyPq64JBumQqnCZs9Pmcphz0//YyyUzW','profile/vI0XsAwT0N8jmz86kFK9PbG1ZrDDwCUHbIfmU0Cp.jpg',3,0,NULL,'0000-00-00 00:00:00','2021-01-18 03:38:56'),
(290,'RD Susan A. Sumbeling','sasumbeling@neda.gov.ph',NULL,'$2y$12$BSIh23UPsaIM/bd9.PJh2.Yli5vEL2G2s2UJHnmS869LZQSJWTmR2','profile/vI0XsAwT0N8jmz86kFK9PbG1ZrDDwCUHbIfmU0Cp.jpg',3,0,NULL,'0000-00-00 00:00:00','2021-01-14 07:15:55'),
(291,'ARD Bernardino A. Atienza, Jr.','baatienza@neda.gov.ph',NULL,'$2y$12$BSIh23UPsaIM/bd9.PJh2.Yli5vEL2G2s2UJHnmS869LZQSJWTmR2','profile/vI0XsAwT0N8jmz86kFK9PbG1ZrDDwCUHbIfmU0Cp.jpg',3,0,NULL,'0000-00-00 00:00:00','2021-01-14 07:16:27'),
(292,'Jelyn B. Gabuco','CAAPAREA4Gabuco',NULL,'$2y$12$BSIh23UPsaIM/bd9.PJh2.Yli5vEL2G2s2UJHnmS869LZQSJWTmR2','profile/vI0XsAwT0N8jmz86kFK9PbG1ZrDDwCUHbIfmU0Cp.jpg',2,4,NULL,'0000-00-00 00:00:00',NULL),
(293,'Elsa V. Morales','CPDOCALAPANCITYMorales',NULL,'$2y$12$BSIh23UPsaIM/bd9.PJh2.Yli5vEL2G2s2UJHnmS869LZQSJWTmR2','profile/vI0XsAwT0N8jmz86kFK9PbG1ZrDDwCUHbIfmU0Cp.jpg',2,52,NULL,'0000-00-00 00:00:00',NULL),
(294,'Merlie Jaye R. Dignadice','CPDO PUERTOPRINCESACITYDignadice',NULL,'$2y$12$BSIh23UPsaIM/bd9.PJh2.Yli5vEL2G2s2UJHnmS869LZQSJWTmR2','profile/vI0XsAwT0N8jmz86kFK9PbG1ZrDDwCUHbIfmU0Cp.jpg',2,53,'ryO97HuCvmBfJWGqoYt9JJDaYDtRN6QXl9pWiiDZ4pCWj36pePwGjo80odas','0000-00-00 00:00:00',NULL),
(295,'Melvin T. Tirao','DARTirao',NULL,'$2y$12$BSIh23UPsaIM/bd9.PJh2.Yli5vEL2G2s2UJHnmS869LZQSJWTmR2','profile/vI0XsAwT0N8jmz86kFK9PbG1ZrDDwCUHbIfmU0Cp.jpg',2,7,NULL,'0000-00-00 00:00:00',NULL),
(296,'Jonas Paolo M. Saludo','DENRSaludo',NULL,'$2y$12$BSIh23UPsaIM/bd9.PJh2.Yli5vEL2G2s2UJHnmS869LZQSJWTmR2','profile/vI0XsAwT0N8jmz86kFK9PbG1ZrDDwCUHbIfmU0Cp.jpg',2,11,NULL,'0000-00-00 00:00:00',NULL),
(297,'Laurente A. Samala','larry.samala@deped.gov.ph',NULL,'$2y$12$BSIh23UPsaIM/bd9.PJh2.Yli5vEL2G2s2UJHnmS869LZQSJWTmR2','profile/vI0XsAwT0N8jmz86kFK9PbG1ZrDDwCUHbIfmU0Cp.jpg',2,9,'tthxNuUaxq8EwjGw4a8zfa76agtYNEavhBm7ekq01rcCSRizc0B2VD3q9Vdi','0000-00-00 00:00:00','2021-01-19 01:13:02'),
(298,'Rusella G. Muñoz','DICTMuñoz',NULL,'$2y$12$BSIh23UPsaIM/bd9.PJh2.Yli5vEL2G2s2UJHnmS869LZQSJWTmR2','profile/vI0XsAwT0N8jmz86kFK9PbG1ZrDDwCUHbIfmU0Cp.jpg',2,13,NULL,'0000-00-00 00:00:00','2021-01-15 03:56:22'),
(299,'Lorenzo F. Suarez','DILGSuarez',NULL,'$2y$12$BSIh23UPsaIM/bd9.PJh2.Yli5vEL2G2s2UJHnmS869LZQSJWTmR2','profile/vI0XsAwT0N8jmz86kFK9PbG1ZrDDwCUHbIfmU0Cp.jpg',2,18,NULL,'0000-00-00 00:00:00',NULL),
(301,'Jelyn E. Doctor','DOSTDoctor',NULL,'$2y$12$BSIh23UPsaIM/bd9.PJh2.Yli5vEL2G2s2UJHnmS869LZQSJWTmR2','profile/vI0XsAwT0N8jmz86kFK9PbG1ZrDDwCUHbIfmU0Cp.jpg',2,16,NULL,'0000-00-00 00:00:00',NULL),
(302,'Gladys A. Quesea','DOTQuesea',NULL,'$2y$12$BSIh23UPsaIM/bd9.PJh2.Yli5vEL2G2s2UJHnmS869LZQSJWTmR2','profile/vI0XsAwT0N8jmz86kFK9PbG1ZrDDwCUHbIfmU0Cp.jpg',2,19,NULL,'0000-00-00 00:00:00',NULL),
(303,'Dennis M. Albano','DOTrAlbano',NULL,'$2y$12$BSIh23UPsaIM/bd9.PJh2.Yli5vEL2G2s2UJHnmS869LZQSJWTmR2','profile/vI0XsAwT0N8jmz86kFK9PbG1ZrDDwCUHbIfmU0Cp.jpg',2,21,NULL,'0000-00-00 00:00:00',NULL),
(304,'Engr. Marilou M. Lawas','DPWHLawas',NULL,'$2y$12$BSIh23UPsaIM/bd9.PJh2.Yli5vEL2G2s2UJHnmS869LZQSJWTmR2','profile/vI0XsAwT0N8jmz86kFK9PbG1ZrDDwCUHbIfmU0Cp.jpg',2,15,'6Y3FRCqR46IhD4wMvestz3H2Oo4Oz7d3qZ6PtSsUNG21f3nRZofbhZrdWJs9','0000-00-00 00:00:00',NULL),
(305,'Antonio C. Cirilo','DSWDCirilo',NULL,'$2y$12$BSIh23UPsaIM/bd9.PJh2.Yli5vEL2G2s2UJHnmS869LZQSJWTmR2','profile/vI0XsAwT0N8jmz86kFK9PbG1ZrDDwCUHbIfmU0Cp.jpg',2,16,NULL,'0000-00-00 00:00:00',NULL),
(306,'Mary Ann M. Hernandez','MinSCATHernandez',NULL,'$2y$12$BSIh23UPsaIM/bd9.PJh2.Yli5vEL2G2s2UJHnmS869LZQSJWTmR2','profile/vI0XsAwT0N8jmz86kFK9PbG1ZrDDwCUHbIfmU0Cp.jpg',2,42,NULL,'0000-00-00 00:00:00',NULL),
(307,'Engr. Robert N. Lamonte','MSCLamonte',NULL,'$2y$12$BSIh23UPsaIM/bd9.PJh2.Yli5vEL2G2s2UJHnmS869LZQSJWTmR2','profile/vI0XsAwT0N8jmz86kFK9PbG1ZrDDwCUHbIfmU0Cp.jpg',2,41,NULL,'0000-00-00 00:00:00',NULL),
(308,'Mary Joy A. Sta. Ana','NAPOLCOMAna',NULL,'$2y$12$BSIh23UPsaIM/bd9.PJh2.Yli5vEL2G2s2UJHnmS869LZQSJWTmR2','profile/vI0XsAwT0N8jmz86kFK9PbG1ZrDDwCUHbIfmU0Cp.jpg',2,29,NULL,'0000-00-00 00:00:00',NULL),
(309,'James B. Panado','panadojames.nea@gmail.com',NULL,'$2y$10$8..adnWAw8rEgyMuHGdPFeGnsAR.YvzfBisz1iU6AJ2uT5.d8kYtq','profile/vI0XsAwT0N8jmz86kFK9PbG1ZrDDwCUHbIfmU0Cp.jpg',2,25,'3OYCcxVtOm9MPjpcIwaNQ4OIlJTiqP66GtkW9hbJHb71izjV0cn34OEbddj1','0000-00-00 00:00:00','2021-01-19 01:13:35'),
(310,'Lowell L. Lozano','NIALozano',NULL,'$2y$10$87fXEwFlE0.VMAZRJNDneeKcr05OCDxddJ1SoK57cksA9m2jsUb/a','profile/vI0XsAwT0N8jmz86kFK9PbG1ZrDDwCUHbIfmU0Cp.jpg',2,27,NULL,'0000-00-00 00:00:00','2021-01-19 08:17:18'),
(311,'Maria Camille Louise C. Chen','NNCChen',NULL,'$2y$12$BSIh23UPsaIM/bd9.PJh2.Yli5vEL2G2s2UJHnmS869LZQSJWTmR2','profile/vI0XsAwT0N8jmz86kFK9PbG1ZrDDwCUHbIfmU0Cp.jpg',2,28,NULL,'0000-00-00 00:00:00',NULL),
(312,'Roger M. Lived','NPCLived',NULL,'$2y$12$BSIh23UPsaIM/bd9.PJh2.Yli5vEL2G2s2UJHnmS869LZQSJWTmR2','profile/vI0XsAwT0N8jmz86kFK9PbG1ZrDDwCUHbIfmU0Cp.jpg',2,30,'cW03nMlGf86vIYj0A11HgkVtCoVRA3mrCcuaZ1UXfNTEHXPAtSyreMH4WR27','0000-00-00 00:00:00',NULL),
(313,'Emelita G. Agpalo','PPDOOccidentalMindoroAgpalo',NULL,'$2y$12$BSIh23UPsaIM/bd9.PJh2.Yli5vEL2G2s2UJHnmS869LZQSJWTmR2','profile/vI0XsAwT0N8jmz86kFK9PbG1ZrDDwCUHbIfmU0Cp.jpg',2,48,NULL,'0000-00-00 00:00:00',NULL),
(314,'Edmin L. Distajo','PPDOOrientalMindoroDistajo',NULL,'$2y$12$BSIh23UPsaIM/bd9.PJh2.Yli5vEL2G2s2UJHnmS869LZQSJWTmR2','profile/vI0XsAwT0N8jmz86kFK9PbG1ZrDDwCUHbIfmU0Cp.jpg',2,49,'ntCgAatOiDYK4tV2uny5kbkm9v6uS85vg8ElY1se4AYPx0EinXoTjoywOwd0','0000-00-00 00:00:00',NULL),
(315,'Sherry Rose M. Peralta','PPDOPalawanPeralta',NULL,'$2y$12$BSIh23UPsaIM/bd9.PJh2.Yli5vEL2G2s2UJHnmS869LZQSJWTmR2','profile/vI0XsAwT0N8jmz86kFK9PbG1ZrDDwCUHbIfmU0Cp.jpg',2,50,'fveEzTTGCWxHTeUxuo7TyoHohECiGVBCvtJyDJqKrjZrQ7ciBMdKxiklIps9','0000-00-00 00:00:00',NULL),
(316,'Amabel S Liao','PSULiao',NULL,'$2y$12$BSIh23UPsaIM/bd9.PJh2.Yli5vEL2G2s2UJHnmS869LZQSJWTmR2','profile/vI0XsAwT0N8jmz86kFK9PbG1ZrDDwCUHbIfmU0Cp.jpg',2,44,NULL,'0000-00-00 00:00:00',NULL),
(317,'Dr. Reynaldo P. Ramos','rsu.rpramos2020@gmail.com',NULL,'$2y$10$mpw9o4hWXrpalRS5q1zsaOTLAu2WBWhflRdZYd0NrHJDcVnYb5PEO','profile/21n548UW4oMc1BYEFD5WYgJaz2BZ1PwQjMYyr8AA.png',2,45,'IUYPfAfwaGzJzM4zvho2HYfsyUnyuABfCt6jRZRnmCLfbyhStkAejbpsG06O','0000-00-00 00:00:00','2021-01-19 01:12:25'),
(318,'TESDA MIMAROPA','region4b.rod@tesda.gov.ph',NULL,'$2y$12$BSIh23UPsaIM/bd9.PJh2.Yli5vEL2G2s2UJHnmS869LZQSJWTmR2','profile/GqimDogxPvzQKwkX7sDBcEdIOSpk62FgdwTDPaCt.png',2,39,'wRsFbgB0wRto7CfUdaHTYPDHUwALLRqhKcqd1tCP2y4yusAY0KmrdM7JVjnj','0000-00-00 00:00:00','2021-01-18 05:36:07'),
(319,'Ms. Gene Michelle S. Paduga','wpubudget@gmail.com',NULL,'$2y$10$EVGiun.CWEKS0O6J.wSBRO5vcyjoSBq5tTpT8PYwaxVW8p/uW/1Sm','profile/vI0XsAwT0N8jmz86kFK9PbG1ZrDDwCUHbIfmU0Cp.jpg',2,46,'Xxyzd1GGT2LxCsge4FNz25MlJxYMHQmoA4klqCUTp8QTNvJTL6BDRSlTJoQj','0000-00-00 00:00:00','2021-01-19 01:19:29'),
(320,'Jean E. Tirante','DATirante',NULL,'$2y$12$BSIh23UPsaIM/bd9.PJh2.Yli5vEL2G2s2UJHnmS869LZQSJWTmR2','profile/vI0XsAwT0N8jmz86kFK9PbG1ZrDDwCUHbIfmU0Cp.jpg',2,8,NULL,'0000-00-00 00:00:00',NULL),
(321,'Gloren R. Hinlo','POPCOMHinlo',NULL,'$2y$12$BSIh23UPsaIM/bd9.PJh2.Yli5vEL2G2s2UJHnmS869LZQSJWTmR2','profile/vI0XsAwT0N8jmz86kFK9PbG1ZrDDwCUHbIfmU0Cp.jpg',2,278,NULL,'0000-00-00 00:00:00',NULL),
(322,'Ssg Roy A Malaque (CAV) PA','2IDPA',NULL,'$2y$12$BSIh23UPsaIM/bd9.PJh2.Yli5vEL2G2s2UJHnmS869LZQSJWTmR2','profile/vI0XsAwT0N8jmz86kFK9PbG1ZrDDwCUHbIfmU0Cp.jpg',2,2,NULL,'0000-00-00 00:00:00',NULL),
(323,'Dwane Darcy D. Cayonte','DOECayonte',NULL,'$2y$12$BSIh23UPsaIM/bd9.PJh2.Yli5vEL2G2s2UJHnmS869LZQSJWTmR2','profile/vI0XsAwT0N8jmz86kFK9PbG1ZrDDwCUHbIfmU0Cp.jpg',2,10,NULL,'0000-00-00 00:00:00',NULL),
(324,'Engr. Benidicto B. Allago','DOHAllago',NULL,'$2y$12$BSIh23UPsaIM/bd9.PJh2.Yli5vEL2G2s2UJHnmS869LZQSJWTmR2','profile/vI0XsAwT0N8jmz86kFK9PbG1ZrDDwCUHbIfmU0Cp.jpg',2,12,NULL,'0000-00-00 00:00:00',NULL),
(325,'Carnilo Orevillo','LWUAOrevillo',NULL,'$2y$12$BSIh23UPsaIM/bd9.PJh2.Yli5vEL2G2s2UJHnmS869LZQSJWTmR2','profile/vI0XsAwT0N8jmz86kFK9PbG1ZrDDwCUHbIfmU0Cp.jpg',2,22,NULL,'0000-00-00 00:00:00',NULL),
(326,'Joemer M. Samong','NCIPSamong',NULL,'$2y$12$BSIh23UPsaIM/bd9.PJh2.Yli5vEL2G2s2UJHnmS869LZQSJWTmR2','profile/vI0XsAwT0N8jmz86kFK9PbG1ZrDDwCUHbIfmU0Cp.jpg',2,24,NULL,'0000-00-00 00:00:00',NULL),
(327,'Allinah Janzen O Magnaye','OCDMagnaye',NULL,'$2y$12$BSIh23UPsaIM/bd9.PJh2.Yli5vEL2G2s2UJHnmS869LZQSJWTmR2','profile/vI0XsAwT0N8jmz86kFK9PbG1ZrDDwCUHbIfmU0Cp.jpg',2,31,NULL,'0000-00-00 00:00:00',NULL),
(328,'Wenceslao M. Paguia, Jr., Phd','OMSCPhd',NULL,'$2y$12$BSIh23UPsaIM/bd9.PJh2.Yli5vEL2G2s2UJHnmS869LZQSJWTmR2','profile/vI0XsAwT0N8jmz86kFK9PbG1ZrDDwCUHbIfmU0Cp.jpg',2,43,'iifgETHUHLG2mz6YVvuNS128KV5dRaNnbMBe54jIc9QrTTvixTd0xmwhJyS5','0000-00-00 00:00:00',NULL),
(329,'Jovito B. Bumatay','PFIDABumatay',NULL,'$2y$12$BSIh23UPsaIM/bd9.PJh2.Yli5vEL2G2s2UJHnmS869LZQSJWTmR2','profile/vI0XsAwT0N8jmz86kFK9PbG1ZrDDwCUHbIfmU0Cp.jpg',2,34,NULL,'0000-00-00 00:00:00',NULL),
(330,'Melanie Ronquillo','PIAMIMAROPARonquillo',NULL,'$2y$12$BSIh23UPsaIM/bd9.PJh2.Yli5vEL2G2s2UJHnmS869LZQSJWTmR2','profile/vI0XsAwT0N8jmz86kFK9PbG1ZrDDwCUHbIfmU0Cp.jpg',2,35,NULL,'0000-00-00 00:00:00',NULL),
(331,'Margarito P. Dimaiilig','PPAPMOMindoroDimaiilig',NULL,'$2y$12$BSIh23UPsaIM/bd9.PJh2.Yli5vEL2G2s2UJHnmS869LZQSJWTmR2','profile/vI0XsAwT0N8jmz86kFK9PbG1ZrDDwCUHbIfmU0Cp.jpg',2,279,NULL,'0000-00-00 00:00:00',NULL),
(332,'Engr. Relly W. Madarcos','PPAPMOPalawanMadarcos',NULL,'$2y$12$BSIh23UPsaIM/bd9.PJh2.Yli5vEL2G2s2UJHnmS869LZQSJWTmR2','profile/vI0XsAwT0N8jmz86kFK9PbG1ZrDDwCUHbIfmU0Cp.jpg',2,280,NULL,'0000-00-00 00:00:00',NULL),
(333,'Emerson V. Caisip','PSACaisip',NULL,'$2y$12$BSIh23UPsaIM/bd9.PJh2.Yli5vEL2G2s2UJHnmS869LZQSJWTmR2','profile/vI0XsAwT0N8jmz86kFK9PbG1ZrDDwCUHbIfmU0Cp.jpg',2,38,NULL,'0000-00-00 00:00:00',NULL),
(334,'Engr. Christine Mendoza','PPDOMarinduqueMendoza',NULL,'$2y$12$BSIh23UPsaIM/bd9.PJh2.Yli5vEL2G2s2UJHnmS869LZQSJWTmR2','profile/vI0XsAwT0N8jmz86kFK9PbG1ZrDDwCUHbIfmU0Cp.jpg',2,47,'1sEg0TzeNyQ8hG2Nd38sxdZk5CFUErKPxl7eB8oCfr1uRBR4LUgPxS1mQNwN','0000-00-00 00:00:00',NULL),
(335,'Kathlaine May B. Esteban','CAAPAREA4Esteban',NULL,'$2y$12$BSIh23UPsaIM/bd9.PJh2.Yli5vEL2G2s2UJHnmS869LZQSJWTmR2','profile/vI0XsAwT0N8jmz86kFK9PbG1ZrDDwCUHbIfmU0Cp.jpg',2,4,NULL,'0000-00-00 00:00:00',NULL),
(336,'Aristeo Joseph C. Genil','anino09@ymail.com',NULL,'$2y$12$BSIh23UPsaIM/bd9.PJh2.Yli5vEL2G2s2UJHnmS869LZQSJWTmR2','profile/GgguEms5mhAAlapl86TndDBwZ0FTiKDK0t8JjH5E.png',2,52,NULL,'0000-00-00 00:00:00','2021-01-19 02:06:07'),
(337,'Michael Rio L. Daquer','michaelrio.daquer@yahoo.com',NULL,'$2y$10$qbxpxVG8nEaqphan5sHaQu12OuYbzYSZw8qlKFvhvAVnWONPbNt1e','profile/vI0XsAwT0N8jmz86kFK9PbG1ZrDDwCUHbIfmU0Cp.jpg',2,53,NULL,'0000-00-00 00:00:00','2021-01-19 01:13:09'),
(338,'Melissa D. Punsalan','DARPunsalan',NULL,'$2y$12$BSIh23UPsaIM/bd9.PJh2.Yli5vEL2G2s2UJHnmS869LZQSJWTmR2','profile/vI0XsAwT0N8jmz86kFK9PbG1ZrDDwCUHbIfmU0Cp.jpg',2,7,NULL,'0000-00-00 00:00:00',NULL),
(339,'John Philip M. Merced','DENRMerced',NULL,'$2y$12$BSIh23UPsaIM/bd9.PJh2.Yli5vEL2G2s2UJHnmS869LZQSJWTmR2','profile/vI0XsAwT0N8jmz86kFK9PbG1ZrDDwCUHbIfmU0Cp.jpg',2,11,NULL,'0000-00-00 00:00:00',NULL),
(340,'Merleen B. Abante','DepEdAbante',NULL,'$2y$12$BSIh23UPsaIM/bd9.PJh2.Yli5vEL2G2s2UJHnmS869LZQSJWTmR2','profile/vI0XsAwT0N8jmz86kFK9PbG1ZrDDwCUHbIfmU0Cp.jpg',2,9,NULL,'0000-00-00 00:00:00',NULL),
(341,'Raiza Joyce A. Mendoza','raizajoyce.mendoza@dict.gov.ph',NULL,'$2y$12$BSIh23UPsaIM/bd9.PJh2.Yli5vEL2G2s2UJHnmS869LZQSJWTmR2','profile/vI0XsAwT0N8jmz86kFK9PbG1ZrDDwCUHbIfmU0Cp.jpg',2,13,NULL,'0000-00-00 00:00:00','2021-01-19 01:09:45'),
(342,'Michael Casto A. Ras','DILGRas',NULL,'$2y$12$BSIh23UPsaIM/bd9.PJh2.Yli5vEL2G2s2UJHnmS869LZQSJWTmR2','profile/vI0XsAwT0N8jmz86kFK9PbG1ZrDDwCUHbIfmU0Cp.jpg',2,18,'oIWKQXvTdd4FiWBIyMEFa271DOR3vwbfLxOGS7uBqlqZwBfIjHpnD63iFmbk','0000-00-00 00:00:00',NULL),
(343,'Kimberly D. Olicia','DOLEOlicia',NULL,'$2y$12$BSIh23UPsaIM/bd9.PJh2.Yli5vEL2G2s2UJHnmS869LZQSJWTmR2','profile/vI0XsAwT0N8jmz86kFK9PbG1ZrDDwCUHbIfmU0Cp.jpg',2,14,NULL,'0000-00-00 00:00:00',NULL),
(344,'Zenchin Geri G. Pormento','DOSTPormento',NULL,'$2y$12$BSIh23UPsaIM/bd9.PJh2.Yli5vEL2G2s2UJHnmS869LZQSJWTmR2','profile/vI0XsAwT0N8jmz86kFK9PbG1ZrDDwCUHbIfmU0Cp.jpg',2,16,NULL,'0000-00-00 00:00:00',NULL),
(345,'Faye Angeli A. Reyes','DOTReyes',NULL,'$2y$12$BSIh23UPsaIM/bd9.PJh2.Yli5vEL2G2s2UJHnmS869LZQSJWTmR2','profile/vI0XsAwT0N8jmz86kFK9PbG1ZrDDwCUHbIfmU0Cp.jpg',2,19,'v5iw3b0gHBDe9C9Ql6jsrmbb6kOoxiL2upcp8M71Fclb5HIgKqCNEFDh82Qg','0000-00-00 00:00:00',NULL),
(346,'Luxmi F. De Leon','DOTrLeon',NULL,'$2y$12$BSIh23UPsaIM/bd9.PJh2.Yli5vEL2G2s2UJHnmS869LZQSJWTmR2','profile/vI0XsAwT0N8jmz86kFK9PbG1ZrDDwCUHbIfmU0Cp.jpg',2,21,NULL,'0000-00-00 00:00:00',NULL),
(347,'Engr. Anacorita R. Mercader','DPWHMercader',NULL,'$2y$12$BSIh23UPsaIM/bd9.PJh2.Yli5vEL2G2s2UJHnmS869LZQSJWTmR2','profile/vI0XsAwT0N8jmz86kFK9PbG1ZrDDwCUHbIfmU0Cp.jpg',2,15,'q2FA84lyKXcEKK6FV2T8ND4cSbxsMWPpx5U995z0Bh9YK5tQjaCCNEtWvRHd','0000-00-00 00:00:00',NULL),
(348,'Jhun Mark G. Villaroza','DSWDVillaroza',NULL,'$2y$12$BSIh23UPsaIM/bd9.PJh2.Yli5vEL2G2s2UJHnmS869LZQSJWTmR2','profile/vI0XsAwT0N8jmz86kFK9PbG1ZrDDwCUHbIfmU0Cp.jpg',2,16,NULL,'0000-00-00 00:00:00',NULL),
(349,'Engr. Jennie T. Fernando','jenfernando@minscat.edu.ph',NULL,'$2y$10$SuvBWCMljnbDyU6TztDOH.0j0q29r0hG4iK9xRXsXcnuc.ceb9oe.','profile/IyuqFyQRtBw4f4dY6xyGNThmcRtYc2lXNgq691FO.jpeg',2,42,NULL,'0000-00-00 00:00:00','2021-01-19 08:07:15'),
(350,'Mr. Romell L. Morales','MSCMorales',NULL,'$2y$12$BSIh23UPsaIM/bd9.PJh2.Yli5vEL2G2s2UJHnmS869LZQSJWTmR2','profile/vI0XsAwT0N8jmz86kFK9PbG1ZrDDwCUHbIfmU0Cp.jpg',2,41,'dl5xOvaFoffH1VWfwFZNj8quI0KDWnnrqbS6jB7wwKnJGRUumCgD7ho9dAUH','0000-00-00 00:00:00',NULL),
(351,'Lorlaine F. Dolendo','len.dolendo@yahoo.com',NULL,'$2y$12$BSIh23UPsaIM/bd9.PJh2.Yli5vEL2G2s2UJHnmS869LZQSJWTmR2','profile/mnyANhDS8uiHGpQm51bmj0EzZxoHLVpMmTe8s97o.jpeg',2,29,NULL,'0000-00-00 00:00:00','2021-01-18 02:56:06'),
(352,'Rodolfo D. Evangelista','NEAEvangelista',NULL,'$2y$12$BSIh23UPsaIM/bd9.PJh2.Yli5vEL2G2s2UJHnmS869LZQSJWTmR2','profile/vI0XsAwT0N8jmz86kFK9PbG1ZrDDwCUHbIfmU0Cp.jpg',2,25,NULL,'0000-00-00 00:00:00',NULL),
(353,'Maria Victoria O. Malenab','NIAMalenab',NULL,'$2y$12$BSIh23UPsaIM/bd9.PJh2.Yli5vEL2G2s2UJHnmS869LZQSJWTmR2','profile/vI0XsAwT0N8jmz86kFK9PbG1ZrDDwCUHbIfmU0Cp.jpg',2,27,NULL,'0000-00-00 00:00:00',NULL),
(354,'Bianca Louise Veronica M. Estrella','NNCEstrella',NULL,'$2y$12$BSIh23UPsaIM/bd9.PJh2.Yli5vEL2G2s2UJHnmS869LZQSJWTmR2','profile/vI0XsAwT0N8jmz86kFK9PbG1ZrDDwCUHbIfmU0Cp.jpg',2,28,NULL,'0000-00-00 00:00:00',NULL),
(355,'Marilou O. Oribiana','NPCOribiana',NULL,'$2y$12$BSIh23UPsaIM/bd9.PJh2.Yli5vEL2G2s2UJHnmS869LZQSJWTmR2','profile/vI0XsAwT0N8jmz86kFK9PbG1ZrDDwCUHbIfmU0Cp.jpg',2,30,'AdDamwn5bawKwiTfTy50X2nWtoxFOISUumaKxtdOXWjGgyebr0ba89dRiQIh','0000-00-00 00:00:00',NULL),
(356,'Bernadette T. Salgado','ppdo_occmin@yahoo.com',NULL,'$2y$10$kpFFvvYhV4Gpdqo8ZI2G8ehSjzM0yAlcrVAkt4JHQghtEXfhk8KL2','profile/1a6upUZOzWeiJnaMZ5MsfBaQa27Fc54NYUZnP4EX.jpeg',2,48,'iJJmuNVqrO9H5MsfMOT9U3RdW1Sc34rRj6OvFvVLHhpZzr9fg0VDrA16yg7o','0000-00-00 00:00:00','2021-01-19 08:14:54'),
(357,'Maria Margarita V. Lopez','PPDOOrientalMindoroLopez',NULL,'$2y$12$BSIh23UPsaIM/bd9.PJh2.Yli5vEL2G2s2UJHnmS869LZQSJWTmR2','profile/vI0XsAwT0N8jmz86kFK9PbG1ZrDDwCUHbIfmU0Cp.jpg',2,49,NULL,'0000-00-00 00:00:00',NULL),
(358,'Mr. Mathew Micah Lamitar','ppdopalawan@gmail.com',NULL,'$2y$12$BSIh23UPsaIM/bd9.PJh2.Yli5vEL2G2s2UJHnmS869LZQSJWTmR2','profile/mfAZa6cieVKNUAB1UMWvu6Nd6EFPDf8R37pLzavC.jpeg',2,50,'Den4HnZFltU3SLBpx7oWLWnofjn2Dp7xurS62FOlgYm8V0f84rxWHGhpFBUC','0000-00-00 00:00:00','2021-01-20 01:41:41'),
(359,'Jose G. Buenconsejo','jbuenconsejo@psu.palawan.edu.ph',NULL,'$2y$12$BSIh23UPsaIM/bd9.PJh2.Yli5vEL2G2s2UJHnmS869LZQSJWTmR2','profile/UewRFWKEwlLzzBnNM7WDNkx91Gi2irfXpDFjbvln.png',2,44,NULL,'0000-00-00 00:00:00','2021-01-18 08:00:02'),
(360,'Engr. Jason F. Rufon','RSURufon',NULL,'$2y$12$BSIh23UPsaIM/bd9.PJh2.Yli5vEL2G2s2UJHnmS869LZQSJWTmR2','profile/vI0XsAwT0N8jmz86kFK9PbG1ZrDDwCUHbIfmU0Cp.jpg',2,45,NULL,'0000-00-00 00:00:00',NULL),
(361,'Eljun Francel A. Angeles','efaangeles@tesda.gov.ph',NULL,'$2y$10$6FZxPgtLkBOmOdKmmWw.6OLZDBapFA7nBqY7I25mTHIev2HYtwU1S','profile/tVjbEe0iV3oMd1VJH0ArU8btWwhFb9vyzXtdqp8L.jpeg',2,39,'SfWpIPgvxuhwB1aXhLVFHyFt4pcC0EI3XCRzQmSUyrqI7VtshhmS9cnbiKyO','0000-00-00 00:00:00','2021-01-18 06:01:53'),
(362,'Engr. Ryan Jay V. Balcarcel','mailtoryanjay@gmail.com',NULL,'$2y$10$ywgCrsEbFYZPKEuL111JquTmD8aW4s7LMTwK6uzOqyXkH71qbpvSy','profile/E3fwjqzQSJoZNnPEOLMviLmTHA5VUqcX0nzSuPZB.jpeg',2,46,'U2D72UwqhMQJqOuYiCOFcrtgUz7OZG0HXsIKWbHxgEC8LQi3sAfBCzvERa0u','0000-00-00 00:00:00','2021-01-19 01:11:36'),
(363,'Rolibeth G. Morillo','rolibethmorillo@yahoo.com.ph',NULL,'$2y$10$CGHqz7bRsQoyZuetbW0Fhesx0Tsq2yGd49KHPES5YmnwKcuECSa0S','profile/vI0XsAwT0N8jmz86kFK9PbG1ZrDDwCUHbIfmU0Cp.jpg',2,8,'PCc6uNhNRLLPRzc60ke0eDyVOQmnOmOcdxtsnxTE3GDvU2wWbQrKLpWcdkIg','0000-00-00 00:00:00','2021-01-19 01:12:02'),
(364,'Sharmaine C. Ricardo','POPCOMRicardo',NULL,'$2y$12$BSIh23UPsaIM/bd9.PJh2.Yli5vEL2G2s2UJHnmS869LZQSJWTmR2','profile/vI0XsAwT0N8jmz86kFK9PbG1ZrDDwCUHbIfmU0Cp.jpg',2,278,NULL,'0000-00-00 00:00:00',NULL),
(366,'Roland Victor A. Aguilar','DOEAguilar',NULL,'$2y$12$BSIh23UPsaIM/bd9.PJh2.Yli5vEL2G2s2UJHnmS869LZQSJWTmR2','profile/vI0XsAwT0N8jmz86kFK9PbG1ZrDDwCUHbIfmU0Cp.jpg',2,10,'pBZnhENHH4tOMFe38KzQuR0djlN5LcdUrgvo8xumEdP8Za1gMXEKzG9BsxAc','0000-00-00 00:00:00',NULL),
(367,'Engr. Stephanie S. Sioco','DOHSioco',NULL,'$2y$12$BSIh23UPsaIM/bd9.PJh2.Yli5vEL2G2s2UJHnmS869LZQSJWTmR2','profile/vI0XsAwT0N8jmz86kFK9PbG1ZrDDwCUHbIfmU0Cp.jpg',2,12,'Dm5WypXuXKH5DKheIN3i6BrzRQD3Rpfp1yOQFjnu7f6IT2Iw1zA8FatH2hNg','0000-00-00 00:00:00',NULL),
(368,'Punzalan','LWUAPunzalan',NULL,'$2y$12$BSIh23UPsaIM/bd9.PJh2.Yli5vEL2G2s2UJHnmS869LZQSJWTmR2','profile/vI0XsAwT0N8jmz86kFK9PbG1ZrDDwCUHbIfmU0Cp.jpg',2,22,NULL,'0000-00-00 00:00:00',NULL),
(369,'Mary Ann L. Delos Santos','NCIPSantos',NULL,'$2y$12$BSIh23UPsaIM/bd9.PJh2.Yli5vEL2G2s2UJHnmS869LZQSJWTmR2','profile/vI0XsAwT0N8jmz86kFK9PbG1ZrDDwCUHbIfmU0Cp.jpg',2,24,NULL,'0000-00-00 00:00:00',NULL),
(370,'Jefrie G Rodriguez','OCDRodriguez',NULL,'$2y$12$BSIh23UPsaIM/bd9.PJh2.Yli5vEL2G2s2UJHnmS869LZQSJWTmR2','profile/vI0XsAwT0N8jmz86kFK9PbG1ZrDDwCUHbIfmU0Cp.jpg',2,31,NULL,'0000-00-00 00:00:00',NULL),
(371,'Frances Darlyn S. Pangilinan, Ce','OMSCCe',NULL,'$2y$12$BSIh23UPsaIM/bd9.PJh2.Yli5vEL2G2s2UJHnmS869LZQSJWTmR2','profile/vI0XsAwT0N8jmz86kFK9PbG1ZrDDwCUHbIfmU0Cp.jpg',2,43,NULL,'0000-00-00 00:00:00',NULL),
(372,'Zellica Mae C. Bautista','PFIDABautista',NULL,'$2y$12$BSIh23UPsaIM/bd9.PJh2.Yli5vEL2G2s2UJHnmS869LZQSJWTmR2','profile/vI0XsAwT0N8jmz86kFK9PbG1ZrDDwCUHbIfmU0Cp.jpg',2,34,NULL,'0000-00-00 00:00:00',NULL),
(373,'Madonna Punzalan','PIAMIMAROPAPunzalan',NULL,'$2y$12$BSIh23UPsaIM/bd9.PJh2.Yli5vEL2G2s2UJHnmS869LZQSJWTmR2','profile/vI0XsAwT0N8jmz86kFK9PbG1ZrDDwCUHbIfmU0Cp.jpg',2,35,NULL,'0000-00-00 00:00:00',NULL),
(374,'Ronald O. Matibag','PPAPMOMindoroMatibag',NULL,'$2y$12$BSIh23UPsaIM/bd9.PJh2.Yli5vEL2G2s2UJHnmS869LZQSJWTmR2','profile/vI0XsAwT0N8jmz86kFK9PbG1ZrDDwCUHbIfmU0Cp.jpg',2,279,NULL,'0000-00-00 00:00:00',NULL),
(375,'Juna M. Sanchez','PPAPMOPalawanSanchez',NULL,'$2y$12$BSIh23UPsaIM/bd9.PJh2.Yli5vEL2G2s2UJHnmS869LZQSJWTmR2','profile/vI0XsAwT0N8jmz86kFK9PbG1ZrDDwCUHbIfmU0Cp.jpg',2,280,'0AjAN8zT6mwvZvgrxvfRItFE69STLxWSyAtedTAPGEpIAE1jbGCV3eovZBjy','0000-00-00 00:00:00',NULL),
(376,'Rachel L. Vasquez','PSAVasquez',NULL,'$2y$12$BSIh23UPsaIM/bd9.PJh2.Yli5vEL2G2s2UJHnmS869LZQSJWTmR2','profile/vI0XsAwT0N8jmz86kFK9PbG1ZrDDwCUHbIfmU0Cp.jpg',2,38,NULL,'0000-00-00 00:00:00',NULL),
(377,'Anna Christina Ibahan','PPDOMarinduqueIbahan',NULL,'$2y$12$BSIh23UPsaIM/bd9.PJh2.Yli5vEL2G2s2UJHnmS869LZQSJWTmR2','profile/vI0XsAwT0N8jmz86kFK9PbG1ZrDDwCUHbIfmU0Cp.jpg',2,47,'6QiwB8uhAxslRkeO5BO4YJhYj5zSViLutsgqmQnWp7pZDBVq4t4pszH1iRij','0000-00-00 00:00:00',NULL),
(379,'Sara J. Marasigan','sjmarasigan@neda.gov.ph',NULL,'$2y$10$8QeuvZMQB3oZyF6rbatzautC5bamaZZy3PaANp0WHkeZx7Cg6cJH.',NULL,3,276,NULL,'2021-01-14 08:58:41','2021-01-14 08:58:41'),
(380,'NEDASAMPLE','neda@neda.gov.ph',NULL,'$2y$10$PE8pHr00G7fxdOOjA7HOo.ZpypPXdRRi/UJP68oBH/bp2KaskQ7I2','profile/q5oxHYnK6PAnUVMkgIv7l88s4mqpgKuaUNcNJeFa.jpeg',2,276,NULL,'2021-01-14 09:11:23','2021-01-18 00:37:29'),
(381,'Kim Neko C. Bana','kimneko.bana@gmail.com',NULL,'$2y$10$wXCTXPbtEwk8LWM2sTWwyuVqCiEBcdO1kvz9G/eVuB26r1l7ca/Ba','profile/NygaiyZiQJxSloVYVhRFOBnh7jwVE5yeROKjGFCf.png',2,14,'BlXgTbVxOVun7uTPc74h4niULfJ3GbojmJcrjp1hPIGm8dg2hviWPlMVWkde','2021-01-14 09:18:50','2021-01-26 00:25:20'),
(382,'Gemma Etis','PPDORomblonEtis',NULL,'$2y$10$.2AD5yvsQjibz7bNZv.zH.xrSy6e/i0fS4j3tJPog1PKfuhTSDvFy',NULL,2,49,NULL,'2021-01-15 03:49:47','2021-01-15 03:49:47'),
(383,'Victorino N. Benedicto, Jr.','PPDORomblonBenedicto',NULL,'$2y$10$5RbcXfnQYOmwQeu796gR6eIBx9kqmysRkRUaRQaP1xWLPZDtbshhm',NULL,2,51,NULL,'2021-01-15 03:54:53','2021-01-15 03:54:53');

/*!40101 SET SQL_MODE=@OLD_SQL_MODE */;
/*!40014 SET FOREIGN_KEY_CHECKS=@OLD_FOREIGN_KEY_CHECKS */;
/*!40014 SET UNIQUE_CHECKS=@OLD_UNIQUE_CHECKS */;
/*!40111 SET SQL_NOTES=@OLD_SQL_NOTES */;
